Object Number,Is Highlight,Is Timeline Work,Is Public Domain,Object ID,Gallery Number,Department,AccessionYear,Object Name,Title,Culture,Period,Dynasty,Reign,Portfolio,Constituent ID,Artist Role,Artist Prefix,Artist Display Name,Artist Display Bio,Artist Suffix,Artist Alpha Sort,Artist Nationality,Artist Begin Date,Artist End Date,Artist Gender,Artist ULAN URL,Artist Wikidata URL,Object Date,Object Begin Date,Object End Date,Medium,Dimensions,Credit Line,Geography Type,City,State,County,Country,Region,Subregion,Locale,Locus,Excavation,River,Classification,Rights and Reproduction,Link Resource,Object Wikidata URL,Metadata Date,Repository,Tags,Tags AAT URL,Tags Wikidata URL
1996.102,True,False,False,5223,743,The American Wing,1996,Painting,Apple Blossoms,American,,,,,181,Artist, ,Charles Caryl Coleman,"American, Buffalo, New York 1840–1928 Capri, Italy", ,"Coleman, Charles Caryl",American,1840      ,1928      ,,http://vocab.getty.edu/page/ulan/500009792,https://www.wikidata.org/wiki/Q5076135,1889,1889,1889,Oil on canvas,62 3/8 x 35 in. (158.4 x 88.9 cm),"Barbara and John Robinson Fund and Marguerite and Frank A. Cosgrove Jr. Fund, 1996",,,,,,,,,,,,,,http://www.metmuseum.org/art/collection/search/5223,https://www.wikidata.org/wiki/Q20169878,,"Metropolitan Museum of Art, New York, NY",Flowers|Still Life,http://vocab.getty.edu/page/aat/300132399|http://vocab.getty.edu/page/aat/300015638,https://www.wikidata.org/wiki/Q506|https://www.wikidata.org/wiki/Q170571
13.140,True,True,True,10049,766,The American Wing,1913,Painting,"""King Lear,"" Act I, Scene I",American,,,,,16156,Artist, ,Edwin Austin Abbey,"American, Philadelphia, Pennsylvania 1852–1911 London", ,"Abbey, Edwin Austin",American,1852      ,1911      ,,http://vocab.getty.edu/page/ulan/500010457,https://www.wikidata.org/wiki/Q259538,1898,1898,1898,Oil on canvas,54 1/4 x 127 1/4 in. (137.8 x 323.2 cm),"Gift of George A. Hearn, 1913",,,,,,,,,,,,,,http://www.metmuseum.org/art/collection/search/10049,https://www.wikidata.org/wiki/Q19925330,,"Metropolitan Museum of Art, New York, NY",King Lear|Shakespeare|Kings|Men|Women|Dogs, |http://vocab.getty.edu/page/ulan/500272240|http://vocab.getty.edu/page/aat/300025481|http://vocab.getty.edu/page/aat/300025928|http://vocab.getty.edu/page/aat/300025943|http://vocab.getty.edu/page/aat/300265714,https://www.wikidata.org/wiki/Q181598|https://www.wikidata.org/wiki/Q692|https://www.wikidata.org/wiki/Q12097|https://www.wikidata.org/wiki/Q8441|https://www.wikidata.org/wiki/Q467|https://www.wikidata.org/wiki/Q144
1980.224,True,True,True,10065,768,The American Wing,1980,Painting,Repose,American,,,,,230,Artist, ,John White Alexander,"American, Allegheny, Pennsylvania 1856–1915 New York", ,"Alexander, John White",American,1856      ,1915      ,,http://vocab.getty.edu/page/ulan/500025329,https://www.wikidata.org/wiki/Q1702146,1895,1895,1895,Oil on canvas,52 1/4 x 63 5/8 in. (132.7 x 161.6 cm),"Anonymous Gift, 1980",,,,,,,,,,,,,,http://www.metmuseum.org/art/collection/search/10065,https://www.wikidata.org/wiki/Q20175225,,"Metropolitan Museum of Art, New York, NY",Women,http://vocab.getty.edu/page/aat/300025943,https://www.wikidata.org/wiki/Q467
40.40,True,False,True,10080,762,The American Wing,1940,Painting,The Way They Live,American,,,,,16161,Artist, ,Thomas Anshutz,"American, Newport, Kentucky 1851–1912 Fort Washington, Pennsylvania", ,"Anshutz, Thomas",American,1851      ,1912      ,,http://vocab.getty.edu/page/ulan/500011734,https://www.wikidata.org/wiki/Q2757568,1879,1879,1879,Oil on canvas,24 x 17 in. (61 x 43.2 cm),"Morris K. Jesup Fund, 1940",,,,,,,,,,,,,,http://www.metmuseum.org/art/collection/search/10080,https://www.wikidata.org/wiki/Q6067009,,"Metropolitan Museum of Art, New York, NY",Houses|Boys|Girls|Women|Working,http://vocab.getty.edu/page/aat/300005433|http://vocab.getty.edu/page/aat/300247598|http://vocab.getty.edu/page/aat/300247581|http://vocab.getty.edu/page/aat/300025943|http://vocab.getty.edu/page/aat/300412186,https://www.wikidata.org/wiki/Q3947|https://www.wikidata.org/wiki/Q3010|https://www.wikidata.org/wiki/Q3031|https://www.wikidata.org/wiki/Q467|https://www.wikidata.org/wiki/Q6958747
65.49,True,True,False,10127,768,The American Wing,1965,Painting,Ernesta (Child with Nurse),American,,,,,16166,Artist, ,Cecilia Beaux,"American, Philadelphia, Pennsylvania 1855–1942 Gloucester, Massachusetts", ,"Beaux, Cecilia",American,1855      ,1942      ,Female,http://vocab.getty.edu/page/ulan/500014265,https://www.wikidata.org/wiki/Q466677,1894,1894,1894,Oil on canvas,50 1/2 x 38 1/8 in. (128.3 x 96.8 cm),"Maria DeWitt Jesup Fund, 1965",,,,,,,,,,,,,,http://www.metmuseum.org/art/collection/search/10127,https://www.wikidata.org/wiki/Q20170788,,"Metropolitan Museum of Art, New York, NY",Girls|Portraits,http://vocab.getty.edu/page/aat/300247581|http://vocab.getty.edu/page/aat/300015637,https://www.wikidata.org/wiki/Q3031|https://www.wikidata.org/wiki/Q134307
07.123,True,True,True,10154,760,The American Wing,1907,Painting,"The Rocky Mountains, Lander's Peak",American,,,,,16168,Artist, ,Albert Bierstadt,"American, Solingen 1830–1902 New York", ,"Bierstadt, Albert",American,1830      ,1902      ,,http://vocab.getty.edu/page/ulan/500001248,https://www.wikidata.org/wiki/Q77132,1863,1863,1863,Oil on canvas,73 1/2 x 120 3/4 in. (186.7 x 306.7 cm),"Rogers Fund, 1907",,,,,,,,,,,,,,http://www.metmuseum.org/art/collection/search/10154,https://www.wikidata.org/wiki/Q7761325,,"Metropolitan Museum of Art, New York, NY",Tents|Horses|Mountains|Landscapes,http://vocab.getty.edu/page/aat/300005694|http://vocab.getty.edu/page/aat/300250148|http://vocab.getty.edu/page/aat/300008795|http://vocab.getty.edu/page/aat/300132294,https://www.wikidata.org/wiki/Q170544|https://www.wikidata.org/wiki/Q726|https://www.wikidata.org/wiki/Q8502|https://www.wikidata.org/wiki/Q191163
33.61,True,True,True,10159,758,The American Wing,1933,Painting,Fur Traders Descending the Missouri,American,,,,,16168,Artist, ,George Caleb Bingham,"American, Augusta County, Virginia 1811–1879 Kansas City, Missouri", ,"Bingham, George Caleb",American,1811      ,1879      ,,http://vocab.getty.edu/page/ulan/500028547,https://www.wikidata.org/wiki/Q598030,1845,1845,1845,Oil on canvas,29 x 36 1/2 in. (73.7 x 92.7 cm),"Morris K. Jesup Fund, 1933",,,,,,,,,,,,,,http://www.metmuseum.org/art/collection/search/10159,https://www.wikidata.org/wiki/Q3172087,,"Metropolitan Museum of Art, New York, NY",Human Figures|Men|Cats|Rivers|Boats,http://vocab.getty.edu/page/aat/300404114|http://vocab.getty.edu/page/aat/300025928|http://vocab.getty.edu/page/aat/300265960|http://vocab.getty.edu/page/aat/300008707|http://vocab.getty.edu/page/aat/300178749,https://www.wikidata.org/wiki/Q5937779|https://www.wikidata.org/wiki/Q8441|https://www.wikidata.org/wiki/Q146|https://www.wikidata.org/wiki/Q4022|https://www.wikidata.org/wiki/Q35872
16.68.3,True,False,True,10175,774,The American Wing,1916,Painting,Mrs. David Chesebrough,American,,,,,234,Artist, ,Joseph Blackburn,active 1752–ca. 1778, ,"Blackburn, Joseph",American,1715      ,1815      ,,http://vocab.getty.edu/page/ulan/500021703,https://www.wikidata.org/wiki/Q3184614,1754,1754,1754,Oil on canvas,49 7/8 x 40 1/8 in. (126.7 x 101.9 cm),"Gift of Sylvester Dering, 1916",,,,,,,,,,,,,,http://www.metmuseum.org/art/collection/search/10175,https://www.wikidata.org/wiki/Q20170899,,"Metropolitan Museum of Art, New York, NY",Portraits|Women,http://vocab.getty.edu/page/aat/300015637|http://vocab.getty.edu/page/aat/300025943,https://www.wikidata.org/wiki/Q134307|https://www.wikidata.org/wiki/Q467
04.31,True,False,True,10186,766,The American Wing,1904,Painting,The Ameya,American,,,,,16317,Artist, ,Robert Frederick Blum,"American, Cincinnati, Ohio 1857–1903 New York", ,"Blum, Robert Frederick",American,1857      ,1903      ,,http://vocab.getty.edu/page/ulan/500003750,https://www.wikidata.org/wiki/Q3592147,by 1893,1892,1893,Oil on canvas,25 1/16 x 31 1/16 in. (63.7 x 78.9 cm),"Gift of Estate of Alfred Corning Clark, 1904",,,,,,,,,,,,,,http://www.metmuseum.org/art/collection/search/10186,https://www.wikidata.org/wiki/Q20170852,,"Metropolitan Museum of Art, New York, NY",Infants|Women|Street Scene|Working,http://vocab.getty.edu/page/aat/300189561|http://vocab.getty.edu/page/aat/300025943|http://vocab.getty.edu/page/aat/300386103|http://vocab.getty.edu/page/aat/300412186,https://www.wikidata.org/wiki/Q998|https://www.wikidata.org/wiki/Q467|https://www.wikidata.org/wiki/Q7766995|https://www.wikidata.org/wiki/Q6958747
1982.443.1,True,False,True,10207,760,The American Wing,1982,Painting,An Arctic Summer: Boring Through the Pack in Melville Bay,American,,,,,16315,Artist, ,William Bradford,"American, 1823–1892", ,"Bradford, William",American,1823      ,1892      ,,http://vocab.getty.edu/page/ulan/500003752,https://www.wikidata.org/wiki/Q8005829,1871,1871,1871,Oil on canvas,"51 3/4 x 78 in. (131.4 x 198.1 cm); framed: 60 x 86 1/2 x 4 in.
","Gift of Erving and Joyce Wolf, in memory of Diane R. Wolf, 1982",,,,,,,,,,,,,,http://www.metmuseum.org/art/collection/search/10207,https://www.wikidata.org/wiki/Q19968008,,"Metropolitan Museum of Art, New York, NY",Ships|Landscapes,http://vocab.getty.edu/page/aat/300082981|http://vocab.getty.edu/page/aat/300132294,https://www.wikidata.org/wiki/Q11446|https://www.wikidata.org/wiki/Q191163
22.16.17,True,True,False,10388,,The American Wing,1922,Painting,The Cup of Tea,American,,,,,16175,Artist, ,Mary Cassatt,"American, Pittsburgh, Pennsylvania 1844–1926 Le Mesnil-Théribus, Oise", ,"Cassatt, Mary",American,1844      ,1926      ,Female,http://vocab.getty.edu/page/ulan/500012368,https://www.wikidata.org/wiki/Q173223,ca. 1880–81,1877,1884,Oil on canvas,36 3/8 x 25 3/4 in. (92.4 x 65.4 cm),"From the Collection of James Stillman, Gift of Dr. Ernest G. Stillman, 1922",,,,,,,,,,,,,,http://www.metmuseum.org/art/collection/search/10388,https://www.wikidata.org/wiki/Q20169985,,"Metropolitan Museum of Art, New York, NY",Women|Tea Drinking,http://vocab.getty.edu/page/aat/300025943| ,https://www.wikidata.org/wiki/Q467|https://www.wikidata.org/wiki/Q6097
23.101,True,True,False,10391,768,The American Wing,1923,Painting,Lady at the Tea Table,American,,,,,16175,Artist, ,Mary Cassatt,"American, Pittsburgh, Pennsylvania 1844–1926 Le Mesnil-Théribus, Oise", ,"Cassatt, Mary",American,1844      ,1926      ,Female,http://vocab.getty.edu/page/ulan/500012368,https://www.wikidata.org/wiki/Q173223,1883–85,1883,1885,Oil on canvas,29 x 24 in. (73.7 x 61 cm),"Gift of the artist, 1923",,,,,,,,,,,,,,http://www.metmuseum.org/art/collection/search/10391,https://www.wikidata.org/wiki/Q19925426,,"Metropolitan Museum of Art, New York, NY",Portraits|Women|Tea Drinking,http://vocab.getty.edu/page/aat/300015637|http://vocab.getty.edu/page/aat/300025943| ,https://www.wikidata.org/wiki/Q134307|https://www.wikidata.org/wiki/Q467|https://www.wikidata.org/wiki/Q6097
65.184,True,True,False,10393,768,The American Wing,1965,Painting,Lydia Crocheting in the Garden at Marly,American,,,,,16175,Artist, ,Mary Cassatt,"American, Pittsburgh, Pennsylvania 1844–1926 Le Mesnil-Théribus, Oise", ,"Cassatt, Mary",American,1844      ,1926      ,Female,http://vocab.getty.edu/page/ulan/500012368,https://www.wikidata.org/wiki/Q173223,1880,1880,1880,Oil on canvas,25 13/16 x 36 7/16 in. (65.6 x 92.6 cm),"Gift of Mrs. Gardner Cassatt, 1965",,,,,,,,,,,,,,http://www.metmuseum.org/art/collection/search/10393,https://www.wikidata.org/wiki/Q20170951,,"Metropolitan Museum of Art, New York, NY",Gardens|Women|Needlework,http://vocab.getty.edu/page/aat/300008090|http://vocab.getty.edu/page/aat/300025943|http://vocab.getty.edu/page/aat/300053652,https://www.wikidata.org/wiki/Q1107656|https://www.wikidata.org/wiki/Q467|https://www.wikidata.org/wiki/Q28966125
29.100.48,True,True,False,10425,768,The American Wing,1929,Painting,Young Mother Sewing,American,,,,,16175,Artist, ,Mary Cassatt,"American, Pittsburgh, Pennsylvania 1844–1926 Le Mesnil-Théribus, Oise", ,"Cassatt, Mary",American,1844      ,1926      ,Female,http://vocab.getty.edu/page/ulan/500012368,https://www.wikidata.org/wiki/Q173223,1900,1900,1900,Oil on canvas,36 3/8 x 29 in. (92.4 x 73.7 cm),"H.O. Havemeyer Collection, Bequest of Mrs. H.O. Havemeyer, 1929",,,,,,,,,,,,,,http://www.metmuseum.org/art/collection/search/10425,https://www.wikidata.org/wiki/Q19924621,,"Metropolitan Museum of Art, New York, NY",Girls|Mothers|Women|Sewing,http://vocab.getty.edu/page/aat/300247581|http://vocab.getty.edu/page/aat/300025932|http://vocab.getty.edu/page/aat/300025943|http://vocab.getty.edu/page/aat/300053658,https://www.wikidata.org/wiki/Q3031|https://www.wikidata.org/wiki/Q7560|https://www.wikidata.org/wiki/Q467|https://www.wikidata.org/wiki/Q652122
67.187.123,True,True,True,10464,,The American Wing,1967,Painting,At the Seaside,American,,,,,16176,Artist, ,William Merritt Chase,"American, Williamsburg, Indiana 1849–1916 New York", ,"Chase, William Merritt",American,1849      ,1916      ,,http://vocab.getty.edu/page/ulan/500115356,https://www.wikidata.org/wiki/Q265820,ca. 1892,1889,1892,Oil on canvas,"20 × 34 in. (50.8 × 86.4 cm)
","Bequest of Miss Adelaide Milton de Groot (1876-1967), 1967",,,,,,,,,,,,,,http://www.metmuseum.org/art/collection/search/10464,https://www.wikidata.org/wiki/Q19924646,,"Metropolitan Museum of Art, New York, NY",Summer|Beaches|Seascapes,http://vocab.getty.edu/page/aat/300133099|http://vocab.getty.edu/page/aat/300008816|http://vocab.getty.edu/page/aat/300117546,https://www.wikidata.org/wiki/Q1313|https://www.wikidata.org/wiki/Q40080|https://www.wikidata.org/wiki/Q158607
06.969,True,True,True,10465,,The American Wing,1906,Painting,Carmencita,American,,,,,16176,Artist, ,William Merritt Chase,"American, Williamsburg, Indiana 1849–1916 New York", ,"Chase, William Merritt",American,1849      ,1916      ,,http://vocab.getty.edu/page/ulan/500115356,https://www.wikidata.org/wiki/Q265820,1890,1890,1890,Oil on canvas,69 7/8 x 40 7/8 in. ( 177.5 x 103.8 cm),"Gift of Sir William Van Horne, 1906",,,,,,,,,,,,,,http://www.metmuseum.org/art/collection/search/10465,https://www.wikidata.org/wiki/Q19924685,,"Metropolitan Museum of Art, New York, NY",Dancers|Women|Dancing|Flowers,http://vocab.getty.edu/page/aat/300025653|http://vocab.getty.edu/page/aat/300025943|http://vocab.getty.edu/page/aat/300389779|http://vocab.getty.edu/page/aat/300132399,https://www.wikidata.org/wiki/Q5716684|https://www.wikidata.org/wiki/Q467|https://www.wikidata.org/wiki/Q43393537|https://www.wikidata.org/wiki/Q506
18.22.2,True,True,True,10469,771,The American Wing,1918,Painting,James Abbott McNeill Whistler,American,,,,,16176,Artist, ,William Merritt Chase,"American, Williamsburg, Indiana 1849–1916 New York", ,"Chase, William Merritt",American,1849      ,1916      ,,http://vocab.getty.edu/page/ulan/500115356,https://www.wikidata.org/wiki/Q265820,1885,1885,1885,Oil on canvas,74 1/8 x 36 1/4 in. (188.3 x 92.1 cm),"Bequest of William H. Walker, 1918",,,,,,,,,,,,,,http://www.metmuseum.org/art/collection/search/10469,https://www.wikidata.org/wiki/Q20170982,,"Metropolitan Museum of Art, New York, NY",Portraits|Men,http://vocab.getty.edu/page/aat/300015637|http://vocab.getty.edu/page/aat/300025928,https://www.wikidata.org/wiki/Q134307|https://www.wikidata.org/wiki/Q8441
09.95,True,True,True,10481,760,The American Wing,1909,Painting,Heart of the Andes,American,,,,,16177,Artist, ,Frederic Edwin Church,"American, Hartford, Connecticut 1826–1900 New York", ,"Church, Frederic Edwin",American,1826      ,1900      ,,http://vocab.getty.edu/page/ulan/500115265,https://www.wikidata.org/wiki/Q366212,1859,1859,1859,Oil on canvas,"66 1/8 x 120 3/16 in. (168 x 302.9cm)
","Bequest of Margaret E. Dows, 1909",,,,,,,,,,,,,,http://www.metmuseum.org/art/collection/search/10481,https://www.wikidata.org/wiki/Q334604,,"Metropolitan Museum of Art, New York, NY",Rivers|Waterfalls|Forests|Mountains|Landscapes,http://vocab.getty.edu/page/aat/300008707|http://vocab.getty.edu/page/aat/300008736|http://vocab.getty.edu/page/aat/300387598|http://vocab.getty.edu/page/aat/300008795|http://vocab.getty.edu/page/aat/300132294,https://www.wikidata.org/wiki/Q4022|https://www.wikidata.org/wiki/Q34038|https://www.wikidata.org/wiki/Q4421|https://www.wikidata.org/wiki/Q8502|https://www.wikidata.org/wiki/Q191163
15.30.67,True,True,True,10482,760,The American Wing,1915,Painting,The Parthenon,American,,,,,16177,Artist, ,Frederic Edwin Church,"American, Hartford, Connecticut 1826–1900 New York", ,"Church, Frederic Edwin",American,1826      ,1900      ,,http://vocab.getty.edu/page/ulan/500115265,https://www.wikidata.org/wiki/Q366212,1871,1871,1871,Oil on canvas,44 1/2 x 72 5/8 in. (113 x 184.5 cm),"Bequest of Maria DeWitt Jesup, from the collection of her husband, Morris K. Jesup, 1914",,,,,,,,,,,,,,http://www.metmuseum.org/art/collection/search/10482,https://www.wikidata.org/wiki/Q19923916,,"Metropolitan Museum of Art, New York, NY",Ruins,http://vocab.getty.edu/page/aat/300008057,https://www.wikidata.org/wiki/Q109607
08.228,True,True,True,10497,759,The American Wing,1908,Painting,"View from Mount Holyoke, Northampton, Massachusetts, after a Thunderstorm—The Oxbow",American,,,,,16178,Artist, ,Thomas Cole,"American, Lancashire 1801–1848 Catskill, New York", ,"Cole, Thomas",American,1801      ,1848      ,,http://vocab.getty.edu/page/ulan/500028323,https://www.wikidata.org/wiki/Q334001,1836,1836,1836,Oil on canvas,51 1/2 x 76 in. (130.8 x 193 cm),"Gift of Mrs. Russell Sage, 1908",,,,,,,,,,,,,,http://www.metmuseum.org/art/collection/search/10497,https://www.wikidata.org/wiki/Q3172259,,"Metropolitan Museum of Art, New York, NY",Rivers|Mountains|Landscapes|Pastoral|Storms,http://vocab.getty.edu/page/aat/300008707|http://vocab.getty.edu/page/aat/300008795|http://vocab.getty.edu/page/aat/300132294|http://vocab.getty.edu/page/aat/300250491|http://vocab.getty.edu/page/aat/300054734,https://www.wikidata.org/wiki/Q4022|https://www.wikidata.org/wiki/Q8502|https://www.wikidata.org/wiki/Q191163|https://www.wikidata.org/wiki/Q390001|https://www.wikidata.org/wiki/Q81054
04.29.2,True,True,True,10499,759,The American Wing,1904,Painting,The Titan's Goblet,American,,,,,16178,Artist, ,Thomas Cole,"American, Lancashire 1801–1848 Catskill, New York", ,"Cole, Thomas",American,1801      ,1848      ,,http://vocab.getty.edu/page/ulan/500028323,https://www.wikidata.org/wiki/Q334001,1833,1833,1833,Oil on canvas,19 3/8 x 16 1/8 in. (49.2 x 41 cm),"Gift of Samuel P. Avery Jr., 1904",,,,,,,,,,,,,,http://www.metmuseum.org/art/collection/search/10499,https://www.wikidata.org/wiki/Q7769468,,"Metropolitan Museum of Art, New York, NY",Fountains|Sun|Hills|Landscapes,http://vocab.getty.edu/page/aat/300006179|http://vocab.getty.edu/page/aat/300379806|http://vocab.getty.edu/page/aat/300008777|http://vocab.getty.edu/page/aat/300132294,https://www.wikidata.org/wiki/Q483453|https://www.wikidata.org/wiki/Q525|https://www.wikidata.org/wiki/Q54050|https://www.wikidata.org/wiki/Q191163
95.13.3,True,True,True,10501,759,The American Wing,1895,Painting,View on the Catskill—Early Autumn,American,,,,,16178,Artist, ,Thomas Cole,"American, Lancashire 1801–1848 Catskill, New York", ,"Cole, Thomas",American,1801      ,1848      ,,http://vocab.getty.edu/page/ulan/500028323,https://www.wikidata.org/wiki/Q334001,1836–37,1836,1837,Oil on canvas,39 x 63 in. (99.1 x 160cm),"Gift in memory of Jonathan Sturges by his children, 1895",,,,,,,,,,,,,,http://www.metmuseum.org/art/collection/search/10501,https://www.wikidata.org/wiki/Q19900514,,"Metropolitan Museum of Art, New York, NY",Mountains|Landscapes,http://vocab.getty.edu/page/aat/300008795|http://vocab.getty.edu/page/aat/300132294,https://www.wikidata.org/wiki/Q8502|https://www.wikidata.org/wiki/Q191163
49.12,True,True,True,10522,748,The American Wing,1949,Painting,Daniel Crommelin Verplanck,American,,,,,16178,Artist, ,John Singleton Copley,"American, Boston, Massachusetts 1738–1815 London", ,"Copley, John Singleton",American,1738      ,1815      ,,http://vocab.getty.edu/page/ulan/500009177,https://www.wikidata.org/wiki/Q316016,1771,1771,1771,Oil on canvas,49 1/2 x 40 in. (125.7 x 101.6 cm),"Gift of Bayard Verplanck, 1949",,,,,,,,,,,,,,http://www.metmuseum.org/art/collection/search/10522,https://www.wikidata.org/wiki/Q20171001,,"Metropolitan Museum of Art, New York, NY",Boys|Portraits|Squirrels,http://vocab.getty.edu/page/aat/300247598|http://vocab.getty.edu/page/aat/300015637|http://vocab.getty.edu/page/aat/300250601,https://www.wikidata.org/wiki/Q3010|https://www.wikidata.org/wiki/Q134307|https://www.wikidata.org/wiki/Q1302028
43.86.4,True,True,True,10527,748,The American Wing,1943,Painting,Midshipman Augustus Brine,American,,,,,16178,Artist, ,John Singleton Copley,"American, Boston, Massachusetts 1738–1815 London", ,"Copley, John Singleton",American,1738      ,1815      ,,http://vocab.getty.edu/page/ulan/500009177,https://www.wikidata.org/wiki/Q316016,1782,1782,1782,Oil on canvas,50 x 40 in. (127 x 101.6 cm),"Bequest of Richard De Wolfe Brixey, 1943",,,,,,,,,,,,,,http://www.metmuseum.org/art/collection/search/10527,https://www.wikidata.org/wiki/Q19925019,,"Metropolitan Museum of Art, New York, NY",Boys|Portraits,http://vocab.getty.edu/page/aat/300247598|http://vocab.getty.edu/page/aat/300015637,https://www.wikidata.org/wiki/Q3010|https://www.wikidata.org/wiki/Q134307
31.109,True,True,True,10531,748,The American Wing,1931,Painting,Mrs. John Winthrop,American,,,,,16178,Artist, ,John Singleton Copley,"American, Boston, Massachusetts 1738–1815 London", ,"Copley, John Singleton",American,1738      ,1815      ,,http://vocab.getty.edu/page/ulan/500009177,https://www.wikidata.org/wiki/Q316016,1773,1773,1773,Oil on canvas,35 1/2 x 28 3/4 in. (90.2 x 73 cm),"Morris K. Jesup Fund, 1931",,,,,,,,,,,,,,http://www.metmuseum.org/art/collection/search/10531,https://www.wikidata.org/wiki/Q19930589,,"Metropolitan Museum of Art, New York, NY",Portraits|Women,http://vocab.getty.edu/page/aat/300015637|http://vocab.getty.edu/page/aat/300025943,https://www.wikidata.org/wiki/Q134307|https://www.wikidata.org/wiki/Q467
42.71.1,True,False,True,10554,753,The American Wing,1942,Painting,Watson and the Shark,American,,,,,16178,Artist, ,John Singleton Copley,"American, Boston, Massachusetts 1738–1815 London", ,"Copley, John Singleton",American,1738      ,1815      ,,http://vocab.getty.edu/page/ulan/500009177,https://www.wikidata.org/wiki/Q316016,ca. 1778,1775,1778,Oil on canvas,24 7/8 x 30 1/8 in. (63.2 x 76.5 cm),"Gift of Mrs. Gordon Dexter, 1942",,,,,,,,,,,,,,http://www.metmuseum.org/art/collection/search/10554,https://www.wikidata.org/wiki/Q20175917,,"Metropolitan Museum of Art, New York, NY",Fear|Men|Male Nudes|Fish|Boats,http://vocab.getty.edu/page/aat/300055160|http://vocab.getty.edu/page/aat/300025928|http://vocab.getty.edu/page/aat/300189568|http://vocab.getty.edu/page/aat/300266085|http://vocab.getty.edu/page/aat/300178749,https://www.wikidata.org/wiki/Q44619|https://www.wikidata.org/wiki/Q8441|https://www.wikidata.org/wiki/Q40446|https://www.wikidata.org/wiki/Q152|https://www.wikidata.org/wiki/Q35872
08.130,True,False,True,10557,764,The American Wing,1908,Painting,Augustus Saint-Gaudens,American,,,,,16179,Artist, ,Kenyon Cox,"American, Warren, Ohio 1856–1919 New York", ,"Cox, Kenyon",American,1856      ,1919      ,,http://vocab.getty.edu/page/ulan/500015454,https://www.wikidata.org/wiki/Q933739,"1887, replica 1908",1887,1908,Oil on canvas,33 1/2 x 47 1/8 in. (85.1 x 119.7 cm),"Gift of friends of the artist, through August F. Jaccaci, 1908",,,,,,,,,,,,,,http://www.metmuseum.org/art/collection/search/10557,https://www.wikidata.org/wiki/Q19925480,,"Metropolitan Museum of Art, New York, NY",Men|Portraits|Artists,http://vocab.getty.edu/page/aat/300025928|http://vocab.getty.edu/page/aat/300015637|http://vocab.getty.edu/page/aat/300025103,https://www.wikidata.org/wiki/Q8441|https://www.wikidata.org/wiki/Q134307|https://www.wikidata.org/wiki/Q483501
66.113,True,True,True,10586,760,The American Wing,1966,Painting,The Valley of Wyoming,American,,,,,16179,Artist, ,Jasper Francis Cropsey,"American, Rossville, New York 1823–1900 Hastings-on-Hudson, New York", ,"Cropsey, Jasper Francis",American,1823      ,1900      ,,http://vocab.getty.edu/page/ulan/500012491,https://www.wikidata.org/wiki/Q1451318,1865,1865,1865,Oil on canvas,48 1/2 x 84 in. (123.2 x 213.4 cm),"Gift of Mrs. John C. Newington, 1966",,,,,,,,,,,,,,http://www.metmuseum.org/art/collection/search/10586,https://www.wikidata.org/wiki/Q19924777,,"Metropolitan Museum of Art, New York, NY",Landscapes,http://vocab.getty.edu/page/aat/300132294,https://www.wikidata.org/wiki/Q191163
10.82,True,False,False,10746,766,The American Wing,1910,Painting,The Letter,American,,,,,246,Artist, ,Thomas Wilmer Dewing,1851–1938, ,"Dewing, Thomas Wilmer",American,1851      ,1938      ,,http://vocab.getty.edu/page/ulan/500014554,https://www.wikidata.org/wiki/Q1378807,1895–1900,1895,1900,Oil on canvas,20 1/4 x 16 in. (51.4 x 40.6 cm),"Rogers Fund, 1910",,,,,,,,,,,,,,http://www.metmuseum.org/art/collection/search/10746,https://www.wikidata.org/wiki/Q19930320,,"Metropolitan Museum of Art, New York, NY",Women|Interiors|Contemplation,http://vocab.getty.edu/page/aat/300025943|http://vocab.getty.edu/page/aat/300391239|http://vocab.getty.edu/page/aat/300264547,https://www.wikidata.org/wiki/Q467|https://www.wikidata.org/wiki/Q2998430|https://www.wikidata.org/wiki/Q1123855
15.30.59,True,True,True,10786,759,The American Wing,1915,Painting,The Beeches,American,,,,,16185,Artist, ,Asher Brown Durand,"American, Jefferson, New Jersey 1796–1886 Maplewood, New Jersey", ,"Durand, Asher Brown",American,1796      ,1886      ,,http://vocab.getty.edu/page/ulan/500026080,https://www.wikidata.org/wiki/Q391608,1845,1845,1845,Oil on canvas,60 3/8 x 48 1/8 in. (153.4 x 122.2 cm),"Bequest of Maria DeWitt Jesup, from the collection of her husband, Morris K. Jesup, 1914",,,,,,,,,,,,,,http://www.metmuseum.org/art/collection/search/10786,https://www.wikidata.org/wiki/Q20170024,,"Metropolitan Museum of Art, New York, NY",Sheep|Landscapes|Trees|Shepherds,http://vocab.getty.edu/page/aat/300250284|http://vocab.getty.edu/page/aat/300132294|http://vocab.getty.edu/page/aat/300132410|http://vocab.getty.edu/page/aat/300025617,https://www.wikidata.org/wiki/Q7368|https://www.wikidata.org/wiki/Q191163|https://www.wikidata.org/wiki/Q10884|https://www.wikidata.org/wiki/Q81710
23.139,True,True,True,10811,773,The American Wing,1923,Painting,The Artist's Wife and His Setter Dog,American,,,,,16185,Artist, ,Thomas Eakins,"American, Philadelphia, Pennsylvania 1844–1916 Philadelphia, Pennsylvania", ,"Eakins, Thomas",American,1844      ,1916      ,,http://vocab.getty.edu/page/ulan/500115198,https://www.wikidata.org/wiki/Q214905,ca. 1884–89,1881,1889,Oil on canvas,30 x 23 in. (76.2 x 58.4 cm),"Fletcher Fund, 1923",,,,,,,,,,,,,,http://www.metmuseum.org/art/collection/search/10811,https://www.wikidata.org/wiki/Q20171060,,"Metropolitan Museum of Art, New York, NY",Portraits|Women|Dogs,http://vocab.getty.edu/page/aat/300015637|http://vocab.getty.edu/page/aat/300025943|http://vocab.getty.edu/page/aat/300265714,https://www.wikidata.org/wiki/Q134307|https://www.wikidata.org/wiki/Q467|https://www.wikidata.org/wiki/Q144
81.14,True,True,True,10813,764,The American Wing,1881,Painting,The Chess Players,American,,,,,16185,Artist, ,Thomas Eakins,"American, Philadelphia, Pennsylvania 1844–1916 Philadelphia, Pennsylvania", ,"Eakins, Thomas",American,1844      ,1916      ,,http://vocab.getty.edu/page/ulan/500115198,https://www.wikidata.org/wiki/Q214905,1876,1876,1876,Oil on wood,11 3/4 x 16 3/4 in. (29.8 x 42.6 cm),"Gift of the artist, 1881",,,,,,,,,,,,,,http://www.metmuseum.org/art/collection/search/10813,https://www.wikidata.org/wiki/Q1196533,,"Metropolitan Museum of Art, New York, NY",Interiors|Men|Chess|Playing|Cats,http://vocab.getty.edu/page/aat/300391239|http://vocab.getty.edu/page/aat/300025928|http://vocab.getty.edu/page/aat/300222748| |http://vocab.getty.edu/page/aat/300265960,https://www.wikidata.org/wiki/Q2998430|https://www.wikidata.org/wiki/Q8441|https://www.wikidata.org/wiki/Q718|https://www.wikidata.org/wiki/Q1150958|https://www.wikidata.org/wiki/Q146
34.92,True,True,True,10819,764,The American Wing,1934,Painting,The Champion Single Sculls (Max Schmitt in a Single Scull),American,,,,,16185,Artist, ,Thomas Eakins,"American, Philadelphia, Pennsylvania 1844–1916 Philadelphia, Pennsylvania", ,"Eakins, Thomas",American,1844      ,1916      ,,http://vocab.getty.edu/page/ulan/500115198,https://www.wikidata.org/wiki/Q214905,1871,1871,1871,Oil on canvas,32 1/4 x 46 1/4 in. (81.9 x 117.5 cm),"Purchase, The Alfred N. Punnett Endowment Fund and George D. Pratt Gift, 1934",,,,,,,,,,,,,,http://www.metmuseum.org/art/collection/search/10819,https://www.wikidata.org/wiki/Q1913390,,"Metropolitan Museum of Art, New York, NY",Bridges|Men|Rowing|Rivers,http://vocab.getty.edu/page/aat/300386855|http://vocab.getty.edu/page/aat/300025928| |http://vocab.getty.edu/page/aat/300008707,https://www.wikidata.org/wiki/Q12280|https://www.wikidata.org/wiki/Q8441|https://www.wikidata.org/wiki/Q7371749|https://www.wikidata.org/wiki/Q4022
17.172,True,True,True,10827,771,The American Wing,1917,Painting,The Thinker: Portrait of Louis N. Kenton,American,,,,,16185,Artist, ,Thomas Eakins,"American, Philadelphia, Pennsylvania 1844–1916 Philadelphia, Pennsylvania", ,"Eakins, Thomas",American,1844      ,1916      ,,http://vocab.getty.edu/page/ulan/500115198,https://www.wikidata.org/wiki/Q214905,1900,1900,1900,Oil on canvas,82 x 42 in. (208.3 x 106.7 cm),"John Stewart Kennedy Fund, 1917",,,,,,,,,,,,,,http://www.metmuseum.org/art/collection/search/10827,https://www.wikidata.org/wiki/Q7768767,,"Metropolitan Museum of Art, New York, NY",Contemplation|Men|Portraits,http://vocab.getty.edu/page/aat/300264547|http://vocab.getty.edu/page/aat/300025928|http://vocab.getty.edu/page/aat/300015637,https://www.wikidata.org/wiki/Q1123855|https://www.wikidata.org/wiki/Q8441|https://www.wikidata.org/wiki/Q134307
1979.395,True,True,True,10830,755,The American Wing,1979,Painting,Elijah Boardman,American,,,,,16352,Artist, ,Ralph Earl,"American, Worcester County, Massachusetts 1751–1801 Bolton, Connecticut", ,"Earl, Ralph",American,1751      ,1801      ,,http://vocab.getty.edu/page/ulan/500116241,https://www.wikidata.org/wiki/Q1350959,1789,1789,1789,Oil on canvas,83 x 51 in. (210.8 x 129.5 cm),"Bequest of Susan W. Tyler, 1979",,,,,,,,,,,,,,http://www.metmuseum.org/art/collection/search/10830,https://www.wikidata.org/wiki/Q20171076,,"Metropolitan Museum of Art, New York, NY",Men|Portraits,http://vocab.getty.edu/page/aat/300025928|http://vocab.getty.edu/page/aat/300015637,https://www.wikidata.org/wiki/Q8441|https://www.wikidata.org/wiki/Q134307
15.30.62,True,True,True,10946,761,The American Wing,1915,Painting,A Gorge in the Mountains (Kauterskill Clove),American,,,,,254,Artist, ,Sanford Robinson Gifford,"Greenfield, New York 1823–1880 New York, New York", ,"Gifford, Sanford Robinson",American,1823      ,1880      ,,http://vocab.getty.edu/page/ulan/500019147,https://www.wikidata.org/wiki/Q615161,1862,1862,1862,Oil on canvas,48 x 39 7/8 in. (121.9 x 101.3 cm),"Bequest of Maria DeWitt Jesup, from the collection of her husband, Morris K. Jesup, 1914",,,,,,,,,,,,,,http://www.metmuseum.org/art/collection/search/10946,https://www.wikidata.org/wiki/Q20169888,,"Metropolitan Museum of Art, New York, NY",Mountains|Landscapes,http://vocab.getty.edu/page/aat/300008795|http://vocab.getty.edu/page/aat/300132294,https://www.wikidata.org/wiki/Q8502|https://www.wikidata.org/wiki/Q191163
95.14.123,True,False,True,10956,,The American Wing,1895,"Painting, miniature",Gilbert Stuart,American,,,,,255,Artist, ,Sarah Goodridge,1788–1853, ,"Goodridge, Sarah",American,1788      ,1853      ,Female,http://vocab.getty.edu/page/ulan/500022221,https://www.wikidata.org/wiki/Q7422343,ca. 1825,1822,1825,Watercolor on ivory,3 21/32 x 2 3/4 in. (9.3 x 7 cm),"The Moses Lazarus Collection, Gift of Josephine and Sarah Lazarus, in memory of their father, 1888-95",,,,,,,,,,,,,,http://www.metmuseum.org/art/collection/search/10956,https://www.wikidata.org/wiki/Q19923930,,"Metropolitan Museum of Art, New York, NY",Men|Portraits,http://vocab.getty.edu/page/aat/300025928|http://vocab.getty.edu/page/aat/300015637,https://www.wikidata.org/wiki/Q8441|https://www.wikidata.org/wiki/Q134307
1970.193,True,False,False,10978,763,The American Wing,1970,Painting,A Bachelor's Drawer,American,,,,,256,Artist, ,John Haberle,1856–1933, ,"Haberle, John",American,1856      ,1933      ,,http://vocab.getty.edu/page/ulan/500003053,https://www.wikidata.org/wiki/Q1700340,1890–94,1890,1894,Oil on canvas,20 x 36 in. (50.8 x 91.4 cm),"Purchase, Henry R. Luce Gift, 1970",,,,,,,,,,,,,,http://www.metmuseum.org/art/collection/search/10978,https://www.wikidata.org/wiki/Q19923761,,"Metropolitan Museum of Art, New York, NY",Still Life|Trompe-l'Oeil|Playing Cards,http://vocab.getty.edu/page/aat/300015638|http://vocab.getty.edu/page/aat/300056506|http://vocab.getty.edu/page/aat/300211294,https://www.wikidata.org/wiki/Q170571|https://www.wikidata.org/wiki/Q468930|https://www.wikidata.org/wiki/Q47883
63.85,True,False,True,10997,763,The American Wing,1963,Painting,Still Life—Violin and Music,American,,,,,257,Artist, ,William Michael Harnett,1848–1892, ,"Harnett, William Michael",American,1848      ,1892      ,,http://vocab.getty.edu/page/ulan/500032464,https://www.wikidata.org/wiki/Q935186,1888,1888,1888,Oil on canvas,40 x 30 in. (101.6 x 76.2 cm),"Catharine Lorillard Wolfe Collection, Wolfe Fund, 1963",,,,,,,,,,,,,,http://www.metmuseum.org/art/collection/search/10997,https://www.wikidata.org/wiki/Q19924658,,"Metropolitan Museum of Art, New York, NY",Music|Flutes|Violins|Still Life,http://vocab.getty.edu/page/aat/300435214|http://vocab.getty.edu/page/aat/300042513|http://vocab.getty.edu/page/aat/300042215|http://vocab.getty.edu/page/aat/300015638,https://www.wikidata.org/wiki/Q638|https://www.wikidata.org/wiki/Q11405|https://www.wikidata.org/wiki/Q8355|https://www.wikidata.org/wiki/Q170571
63.201.1,True,False,True,11040,751,The American Wing,1963,Painting,Molly Wales Fobes,American,,,,,258,Artist, ,Rufus Hathaway,1770–1822, ,"Hathaway, Rufus",American,1770      ,1822      ,,http://vocab.getty.edu/page/ulan/500022409,https://www.wikidata.org/wiki/Q3452796,1790,1790,1790,Oil on canvas,34 1/4 x 32 in. (86.6 x 81.3 cm),"Gift of Edgar William and Bernice Chrysler Garbisch, 1963",,,,,,,,,,,,,,http://www.metmuseum.org/art/collection/search/11040,https://www.wikidata.org/wiki/Q20170574,,"Metropolitan Museum of Art, New York, NY",Birds|Portraits|Women|Cats|Butterflies,http://vocab.getty.edu/page/aat/300266506|http://vocab.getty.edu/page/aat/300015637|http://vocab.getty.edu/page/aat/300025943|http://vocab.getty.edu/page/aat/300265960|http://vocab.getty.edu/page/aat/300417320,https://www.wikidata.org/wiki/Q5113|https://www.wikidata.org/wiki/Q134307|https://www.wikidata.org/wiki/Q467|https://www.wikidata.org/wiki/Q146|https://www.wikidata.org/wiki/Q11946202
1975.160,True,True,True,11050,761,The American Wing,1975,Painting,Approaching Thunder Storm,American,,,,,259,Artist, ,Martin Johnson Heade,1819–1904, ,"Heade, Martin Johnson",American,1819      ,1904      ,,http://vocab.getty.edu/page/ulan/500000888,https://www.wikidata.org/wiki/Q3123472,1859,1859,1859,Oil on canvas,"28 x 44in. (71.1 x 111.8cm)
Framed: 42 1/2 × 58 3/8 × 5 in. (108 × 148.3 × 12.7 cm)","Gift of Erving Wolf Foundation and Mr. and Mrs. Erving Wolf, in memory of Diane R. Wolf, 1975",,,,,,,,,,,,,,http://www.metmuseum.org/art/collection/search/11050,https://www.wikidata.org/wiki/Q19923771,,"Metropolitan Museum of Art, New York, NY",Landscapes|Storms|Boats,http://vocab.getty.edu/page/aat/300132294|http://vocab.getty.edu/page/aat/300054734|http://vocab.getty.edu/page/aat/300178749,https://www.wikidata.org/wiki/Q191163|https://www.wikidata.org/wiki/Q81054|https://www.wikidata.org/wiki/Q35872
23.102,True,False,True,11055,,The American Wing,1923,Painting,Euphemia White Van Rensselaer,American,,,,,259,Artist, ,George P. A. Healy,1813–1894, ,"Healy, George P. A.",American,1813      ,1894      ,,http://vocab.getty.edu/page/ulan/500022150,https://www.wikidata.org/wiki/Q64633,1842,1842,1842,Oil on canvas,45 3/4 x 35 1/4 in. (115.1 x 89.2 cm),"Bequest of Cornelia Cruger, 1923",,,,,,,,,,,,,,http://www.metmuseum.org/art/collection/search/11055,https://www.wikidata.org/wiki/Q19924635,,"Metropolitan Museum of Art, New York, NY",Portraits|Women,http://vocab.getty.edu/page/aat/300015637|http://vocab.getty.edu/page/aat/300025943,https://www.wikidata.org/wiki/Q134307|https://www.wikidata.org/wiki/Q467
62.256.3,True,True,True,11080,759,The American Wing,1962,Painting,The Falls of Niagara,American,,,,,260,Artist, ,Edward Hicks,"American, Langhorne, Pennsylvania 1780–1849 Newton, Pennsylvania", ,"Hicks, Edward",American,1780      ,1849      ,,http://vocab.getty.edu/page/ulan/500022183,https://www.wikidata.org/wiki/Q2723190,ca. 1825,1822,1825,Oil on canvas,31 1/2 x 38 in. (80 x 96.5 cm),"Gift of Edgar William and Bernice Chrysler Garbisch, 1962",,,,,,,,,,,,,,http://www.metmuseum.org/art/collection/search/11080,https://www.wikidata.org/wiki/Q20170619,,"Metropolitan Museum of Art, New York, NY",Animals|Eagles|Snakes|Waterfalls|Trees,http://vocab.getty.edu/page/aat/300249525|http://vocab.getty.edu/page/aat/300250049|http://vocab.getty.edu/page/aat/300250870|http://vocab.getty.edu/page/aat/300008736|http://vocab.getty.edu/page/aat/300132410,https://www.wikidata.org/wiki/Q729|https://www.wikidata.org/wiki/Q2092297|https://www.wikidata.org/wiki/Q2102|https://www.wikidata.org/wiki/Q34038|https://www.wikidata.org/wiki/Q10884
82.9.7,True,False,False,11088,761,The American Wing,1882,Painting,A Study of Trap Rock (Buttermilk Falls),American,,,,,16431,Artist, ,John Henry Hill,"American, West Nyack, New York 1839–1922", ,"Hill, John Henry",American,1839      ,1922      ,,http://vocab.getty.edu/page/ulan/500022043,https://www.wikidata.org/wiki/Q20127348,1863,1863,1863,Oil on canvas,20 x 24 in. (50.8 x 61 cm),"Gift of the artist, 1882",,,,,,,,,,,,,,http://www.metmuseum.org/art/collection/search/11088,https://www.wikidata.org/wiki/Q19924995,,"Metropolitan Museum of Art, New York, NY",Landscapes|Waterfalls,http://vocab.getty.edu/page/aat/300132294|http://vocab.getty.edu/page/aat/300008736,https://www.wikidata.org/wiki/Q191163|https://www.wikidata.org/wiki/Q34038
22.220,True,True,True,11116,,The American Wing,1922,Painting,Dressing for the Carnival,American,,,,,16199,Artist, ,Winslow Homer,"American, Boston, Massachusetts 1836–1910 Prouts Neck, Maine", ,"Homer, Winslow",American,1836      ,1910      ,,http://vocab.getty.edu/page/ulan/500019202,https://www.wikidata.org/wiki/Q344838,1877,1877,1877,Oil on canvas,"20 x 30in. (50.8 x 76.2cm)
Framed: 31 9/16 × 41 1/2 × 5 7/8 in. (80.1 × 105.4 × 14.9 cm)","Amelia B. Lazarus Fund, 1922",,,,,,,,,,,,,,http://www.metmuseum.org/art/collection/search/11116,https://www.wikidata.org/wiki/Q3172216,,"Metropolitan Museum of Art, New York, NY",Girls|Women|Children|Boys,http://vocab.getty.edu/page/aat/300247581|http://vocab.getty.edu/page/aat/300025943|http://vocab.getty.edu/page/aat/300025945|http://vocab.getty.edu/page/aat/300247598,https://www.wikidata.org/wiki/Q3031|https://www.wikidata.org/wiki/Q467|https://www.wikidata.org/wiki/Q7569|https://www.wikidata.org/wiki/Q3010
06.1234,True,True,True,11122,767,The American Wing,1906,Painting,The Gulf Stream,American,,,,,16199,Artist, ,Winslow Homer,"American, Boston, Massachusetts 1836–1910 Prouts Neck, Maine", ,"Homer, Winslow",American,1836      ,1910      ,,http://vocab.getty.edu/page/ulan/500019202,https://www.wikidata.org/wiki/Q344838,1899; reworked by 1906,1899,1906,Oil on canvas,"28 1/8 x 49 1/8 in. (71.4 x 124.8 cm)
Framed: 42 5/16 x 62 11/16 x 5 7/8 in. (107.5 x 159.3 x 15 cm)","Catharine Lorillard Wolfe Collection, Wolfe Fund, 1906",,,,,,,,,,,,,,http://www.metmuseum.org/art/collection/search/11122,https://www.wikidata.org/wiki/Q7738501,,"Metropolitan Museum of Art, New York, NY",Men|Fish|Seas|Waves|Boats,http://vocab.getty.edu/page/aat/300025928|http://vocab.getty.edu/page/aat/300266085|http://vocab.getty.edu/page/aat/300008694|http://vocab.getty.edu/page/aat/300343616|http://vocab.getty.edu/page/aat/300178749,https://www.wikidata.org/wiki/Q8441|https://www.wikidata.org/wiki/Q152|https://www.wikidata.org/wiki/Q165|https://www.wikidata.org/wiki/Q165848|https://www.wikidata.org/wiki/Q35872
10.64.5,True,True,True,11130,767,The American Wing,1910,Painting,Northeaster,American,,,,,16199,Artist, ,Winslow Homer,"American, Boston, Massachusetts 1836–1910 Prouts Neck, Maine", ,"Homer, Winslow",American,1836      ,1910      ,,http://vocab.getty.edu/page/ulan/500019202,https://www.wikidata.org/wiki/Q344838,1895; reworked by 1901,1895,1901,Oil on canvas,"34 1/2 x 50 in. (87.6 x 127 cm)
Framed: 48 13/16 x 64 3/4 x 5 7/8 in. (124 x 164.5 x 15 cm)","Gift of George A. Hearn, 1910",,,,,,,,,,,,,,http://www.metmuseum.org/art/collection/search/11130,https://www.wikidata.org/wiki/Q18619431,,"Metropolitan Museum of Art, New York, NY",Seascapes|Waves|Storms,http://vocab.getty.edu/page/aat/300117546|http://vocab.getty.edu/page/aat/300343616|http://vocab.getty.edu/page/aat/300054734,https://www.wikidata.org/wiki/Q158607|https://www.wikidata.org/wiki/Q165848|https://www.wikidata.org/wiki/Q81054
22.207,True,True,True,11133,762,The American Wing,1922,Painting,Prisoners from the Front,American,,,,,16199,Artist, ,Winslow Homer,"American, Boston, Massachusetts 1836–1910 Prouts Neck, Maine", ,"Homer, Winslow",American,1836      ,1910      ,,http://vocab.getty.edu/page/ulan/500019202,https://www.wikidata.org/wiki/Q344838,1866,1866,1866,Oil on canvas,"24 x 38in. (61 x 96.5cm)
Framed: 36 1/2 × 50 5/8 × 4 1/2 in. (92.7 × 128.6 × 11.4 cm)","Gift of Mrs. Frank B. Porter, 1922",,,,,,,,,,,,,,http://www.metmuseum.org/art/collection/search/11133,https://www.wikidata.org/wiki/Q12141828,,"Metropolitan Museum of Art, New York, NY",American Civil War|Soldiers|Prisoners|Men,http://vocab.getty.edu/page/ia/901000030|http://vocab.getty.edu/page/aat/300185678|http://vocab.getty.edu/page/aat/300025933|http://vocab.getty.edu/page/aat/300025928,https://www.wikidata.org/wiki/Q8676|https://www.wikidata.org/wiki/Q4991371|https://www.wikidata.org/wiki/Q1862087|https://www.wikidata.org/wiki/Q8441
67.187.131,True,True,True,11145,762,The American Wing,1967,Painting,The Veteran in a New Field,American,,,,,16199,Artist, ,Winslow Homer,"American, Boston, Massachusetts 1836–1910 Prouts Neck, Maine", ,"Homer, Winslow",American,1836      ,1910      ,,http://vocab.getty.edu/page/ulan/500019202,https://www.wikidata.org/wiki/Q344838,1865,1865,1865,Oil on canvas,"24 1/8 x 38 1/8in. (61.3 x 96.8cm)
Framed: 37 3/8 × 51 1/4 × 5 1/4 in. (94.9 × 130.2 × 13.3 cm)","Bequest of Miss Adelaide Milton de Groot (1876-1967), 1967",,,,,,,,,,,,,,http://www.metmuseum.org/art/collection/search/11145,https://www.wikidata.org/wiki/Q19930492,,"Metropolitan Museum of Art, New York, NY",Men|Farmers,http://vocab.getty.edu/page/aat/300025928|http://vocab.getty.edu/page/aat/300025607,https://www.wikidata.org/wiki/Q8441|https://www.wikidata.org/wiki/Q131512
97.5,True,False,True,11160,762,The American Wing,1897,Painting,The Last Moments of John Brown,American,,,,,16458,Artist, ,Thomas Hovenden,"American (born Ireland), Dunmanway 1840–1895 Plymouth Meeting, Pennsylvania", ,"Hovenden, Thomas","American, born Ireland",1840      ,1895      ,,http://vocab.getty.edu/page/ulan/500030718,https://www.wikidata.org/wiki/Q3525211,1882–84,1882,1884,Oil on canvas,77 3/8 x 66 1/4 in. (196.5 x 168.3 cm),"Gift of Mr. and Mrs. Carl Stoeckel, 1897",,,,,,,,,,,,,,http://www.metmuseum.org/art/collection/search/11160,https://www.wikidata.org/wiki/Q20174584,,"Metropolitan Museum of Art, New York, NY",American Civil War|Soldiers|Firearms|Infants|Men|Women,http://vocab.getty.edu/page/ia/901000030|http://vocab.getty.edu/page/aat/300185678|http://vocab.getty.edu/page/aat/300037148|http://vocab.getty.edu/page/aat/300189561|http://vocab.getty.edu/page/aat/300025928|http://vocab.getty.edu/page/aat/300025943,https://www.wikidata.org/wiki/Q8676|https://www.wikidata.org/wiki/Q4991371|https://www.wikidata.org/wiki/Q12796|https://www.wikidata.org/wiki/Q998|https://www.wikidata.org/wiki/Q8441|https://www.wikidata.org/wiki/Q467
02.7.1,True,False,True,11207,756,The American Wing,1902,Painting,The Flower Girl,American,,,,,16456,Artist, ,Charles Cromwell Ingham,"American (born Ireland), Dublin 1786–1863 New York", ,"Ingham, Charles Cromwell","American, born Ireland",1786      ,1863      ,,http://vocab.getty.edu/page/ulan/500019611,https://www.wikidata.org/wiki/Q5076001,1846,1846,1846,Oil on canvas,36 x 28 3/8 in. (91.4 x 72.1 cm),"Gift of William Church Osborn, 1902",,,,,,,,,,,,,,http://www.metmuseum.org/art/collection/search/11207,https://www.wikidata.org/wiki/Q19923866,,"Metropolitan Museum of Art, New York, NY",Girls|Portraits|Flowers,http://vocab.getty.edu/page/aat/300247581|http://vocab.getty.edu/page/aat/300015637|http://vocab.getty.edu/page/aat/300132399,https://www.wikidata.org/wiki/Q3031|https://www.wikidata.org/wiki/Q134307|https://www.wikidata.org/wiki/Q506
87.8.8,True,True,True,11227,761,The American Wing,1887,Painting,Autumn Oaks,American,,,,,16200,Artist, ,George Inness,"American, Newburgh, New York 1825–1894 Bridge of Allan, Scotland", ,"Inness, George",American,1825      ,1894      ,,http://vocab.getty.edu/page/ulan/500013380,https://www.wikidata.org/wiki/Q704868,ca. 1878,1875,1878,Oil on canvas,20 3/8 x 30 1/8 in. (54.3 x 76.5 cm),"Gift of George I. Seney, 1887",,,,,,,,,,,,,,http://www.metmuseum.org/art/collection/search/11227,https://www.wikidata.org/wiki/Q19930575,,"Metropolitan Museum of Art, New York, NY",Cows|Landscapes|Autumn,http://vocab.getty.edu/page/aat/300250120|http://vocab.getty.edu/page/aat/300132294|http://vocab.getty.edu/page/aat/300133093,https://www.wikidata.org/wiki/Q830|https://www.wikidata.org/wiki/Q191163|https://www.wikidata.org/wiki/Q1314
11.116.4,True,True,True,11234,770,The American Wing,1911,Painting,"Spring Blossoms, Montclair, New Jersey",American,,,,,16200,Artist, ,George Inness,"American, Newburgh, New York 1825–1894 Bridge of Allan, Scotland", ,"Inness, George",American,1825      ,1894      ,,http://vocab.getty.edu/page/ulan/500013380,https://www.wikidata.org/wiki/Q704868,ca. 1891,1888,1891,Oil and crayon or charcoal on canvas,29 x 45 1/4 in. (73.7 x 114.9 cm),"Gift of George A. Hearn, in memory of Arthur Hoppock Hearn, 1911",,,,,,,,,,,,,,http://www.metmuseum.org/art/collection/search/11234,https://www.wikidata.org/wiki/Q19924773,,"Metropolitan Museum of Art, New York, NY",Landscapes|Trees|Spring,http://vocab.getty.edu/page/aat/300132294|http://vocab.getty.edu/page/aat/300132410|http://vocab.getty.edu/page/aat/300133097,https://www.wikidata.org/wiki/Q191163|https://www.wikidata.org/wiki/Q10884|https://www.wikidata.org/wiki/Q1312
26.97,True,False,True,11263,763,The American Wing,1926,Painting,The Hatch Family,American,,,,,16201,Artist, ,Eastman Johnson,"American, Lovell, Maine 1824–1906 New York", ,"Johnson, Eastman",American ,1824      ,1906      ,,http://vocab.getty.edu/page/ulan/500008685,https://www.wikidata.org/wiki/Q1278282,1870–71,1870,1871,Oil on canvas,48 x 73 3/8 in. (121.9 x 186.4 cm),"Gift of Frederic H. Hatch, 1926",,,,,,,,,,,,,,http://www.metmuseum.org/art/collection/search/11263,https://www.wikidata.org/wiki/Q20170702,,"Metropolitan Museum of Art, New York, NY",Reading|Needlework|Interiors|Boys|Girls|Men|Women|Family|Toys,http://vocab.getty.edu/page/aat/300248178|http://vocab.getty.edu/page/aat/300053652|http://vocab.getty.edu/page/aat/300391239|http://vocab.getty.edu/page/aat/300247598|http://vocab.getty.edu/page/aat/300247581|http://vocab.getty.edu/page/aat/300025928|http://vocab.getty.edu/page/aat/300025943|http://vocab.getty.edu/page/aat/300435378|http://vocab.getty.edu/page/aat/300211037,https://www.wikidata.org/wiki/Q199657|https://www.wikidata.org/wiki/Q28966125|https://www.wikidata.org/wiki/Q2998430|https://www.wikidata.org/wiki/Q3010|https://www.wikidata.org/wiki/Q3031|https://www.wikidata.org/wiki/Q8441|https://www.wikidata.org/wiki/Q467|https://www.wikidata.org/wiki/Q8436|https://www.wikidata.org/wiki/Q11422
65.254.3,True,True,True,11269,751,The American Wing,1965,Painting,Edward and Sarah Rutter,American,,,,,16477,Artist, ,Joshua Johnson,"American, ca. 1763–ca. 1824", ,"Johnson, Joshua",American,1758      ,1829      ,,http://vocab.getty.edu/page/ulan/500121295,https://www.wikidata.org/wiki/Q958068,ca. 1805,1802,1805,Oil on canvas,36 x 32 in. (91.4 x 81.3 cm),"Gift of Edgar William and Bernice Chrysler Garbisch, 1965",,,,,,,,,,,,,,http://www.metmuseum.org/art/collection/search/11269,https://www.wikidata.org/wiki/Q20170717,,"Metropolitan Museum of Art, New York, NY",Portraits|Birds|Strawberries|Girls,http://vocab.getty.edu/page/aat/300015637|http://vocab.getty.edu/page/aat/300266506|http://vocab.getty.edu/page/aat/300375414|http://vocab.getty.edu/page/aat/300247581,https://www.wikidata.org/wiki/Q134307|https://www.wikidata.org/wiki/Q5113|https://www.wikidata.org/wiki/Q745|https://www.wikidata.org/wiki/Q3031
1982.443.3,True,False,True,11287,762,The American Wing,1982,Painting,On to Liberty,American,,,,,265,Artist, ,Theodor Kaufmann,"American (born Germany), Uelzen 1814–1896 New York", ,"Kaufmann, Theodor",American,1814      ,1896      ,,http://vocab.getty.edu/page/ulan/500088285,https://www.wikidata.org/wiki/Q7781868,1867,1867,1867,Oil on canvas,36 x 56 in. (91.4 x 142.2 cm),"Gift of Erving and Joyce Wolf, in memory of Diane R. Wolf, 1982",,,,,,,,,,,,,,http://www.metmuseum.org/art/collection/search/11287,https://www.wikidata.org/wiki/Q19924542,,"Metropolitan Museum of Art, New York, NY",Children|Men|Women|Slavery,http://vocab.getty.edu/page/aat/300025945|http://vocab.getty.edu/page/aat/300025928|http://vocab.getty.edu/page/aat/300025943|http://vocab.getty.edu/page/aat/300055309,https://www.wikidata.org/wiki/Q7569|https://www.wikidata.org/wiki/Q8441|https://www.wikidata.org/wiki/Q467|https://www.wikidata.org/wiki/Q8463
74.29,True,True,True,11307,761,The American Wing,1874,Painting,"Eaton's Neck, Long Island",American,,,,,16202,Artist, ,John Frederick Kensett,"American, Cheshire, Connecticut 1816–1872 New York", ,"Kensett, John Frederick",American,1816      ,1872      ,,http://vocab.getty.edu/page/ulan/500030726,https://www.wikidata.org/wiki/Q982284,1872,1872,1872,Oil on canvas,18 x 36 in. (45.7 x 91.4 cm),"Gift of Thomas Kensett, 1874",,,,,,,,,,,,,,http://www.metmuseum.org/art/collection/search/11307,https://www.wikidata.org/wiki/Q19925502,,"Metropolitan Museum of Art, New York, NY",Landscapes|Beaches,http://vocab.getty.edu/page/aat/300132294|http://vocab.getty.edu/page/aat/300008816,https://www.wikidata.org/wiki/Q191163|https://www.wikidata.org/wiki/Q40080
15.30.61,True,True,True,11311,761,The American Wing,1915,Painting,Lake George,American,,,,,16202,Artist, ,John Frederick Kensett,"American, Cheshire, Connecticut 1816–1872 New York", ,"Kensett, John Frederick",American,1816      ,1872      ,,http://vocab.getty.edu/page/ulan/500030726,https://www.wikidata.org/wiki/Q982284,1869,1869,1869,Oil on canvas,44 1/8 x 66 3/8 in. (112.1 x 168.6 cm),"Bequest of Maria DeWitt Jesup, from the collection of her husband, Morris K. Jesup, 1914",,,,,,,,,,,,,,http://www.metmuseum.org/art/collection/search/11311,https://www.wikidata.org/wiki/Q19924308,,"Metropolitan Museum of Art, New York, NY",Lakes|Landscapes,http://vocab.getty.edu/page/aat/300008680|http://vocab.getty.edu/page/aat/300132294,https://www.wikidata.org/wiki/Q23397|https://www.wikidata.org/wiki/Q191163
74.3,True,True,True,11325,761,The American Wing,1874,Painting,Sunset on the Sea,American,,,,,16202,Artist, ,John Frederick Kensett,"American, Cheshire, Connecticut 1816–1872 New York", ,"Kensett, John Frederick",American,1816      ,1872      ,,http://vocab.getty.edu/page/ulan/500030726,https://www.wikidata.org/wiki/Q982284,1872,1872,1872,Oil on canvas,28 x 41 1/8 in. (71.1 x 104.5 cm),"Gift of Thomas Kensett, 1874",,,,,,,,,,,,,,http://www.metmuseum.org/art/collection/search/11325,https://www.wikidata.org/wiki/Q19923995,,"Metropolitan Museum of Art, New York, NY",Sun|Seascapes|Evening,http://vocab.getty.edu/page/aat/300379806|http://vocab.getty.edu/page/aat/300117546|http://vocab.getty.edu/page/aat/300343633,https://www.wikidata.org/wiki/Q525|https://www.wikidata.org/wiki/Q158607|https://www.wikidata.org/wiki/Q7725
1978.203,True,True,True,11396,761,The American Wing,1978,Painting,Stage Fort across Gloucester Harbor,American,,,,,267,Artist, ,Fitz Henry Lane (formerly Fitz Hugh Lane),1804–1865, ,"Lane, Fitz Henry",American,1804      ,1865      ,,http://vocab.getty.edu/page/ulan/500007673,https://www.wikidata.org/wiki/Q462404,1862,1862,1862,Oil on canvas,38 x 60 in. (96.5 x 152.4 cm),"Purchase, Rogers and Fletcher Funds, Erving and Joyce Wolf Fund, Raymond J. Horowitz Gift, Bequest of Richard De Wolfe Brixey, by exchange, and John Osgood and Elizabeth Amis Cameron Blanchard Memorial Fund, 1978",,,,,,,,,,,,,,http://www.metmuseum.org/art/collection/search/11396,https://www.wikidata.org/wiki/Q20169737,,"Metropolitan Museum of Art, New York, NY",Human Figures|Trees|Boats|Ships,http://vocab.getty.edu/page/aat/300404114|http://vocab.getty.edu/page/aat/300132410|http://vocab.getty.edu/page/aat/300178749|http://vocab.getty.edu/page/aat/300082981,https://www.wikidata.org/wiki/Q5937779|https://www.wikidata.org/wiki/Q10884|https://www.wikidata.org/wiki/Q35872|https://www.wikidata.org/wiki/Q11446
97.34,True,True,True,11417,760,The American Wing,1897,Painting,Washington Crossing the Delaware,American,,,,,16206,Artist, ,Emanuel Leutze,"American, Schwäbisch Gmünd 1816–1868 Washington, D.C.", ,"Leutze, Emanuel",German American,1816      ,1868      ,,http://vocab.getty.edu/page/ulan/500005129,https://www.wikidata.org/wiki/Q452321,1851,1851,1851,Oil on canvas,149 x 255 in. (378.5 x 647.7 cm),"Gift of John Stewart Kennedy, 1897",,,,,,,,,,,,,,http://www.metmuseum.org/art/collection/search/11417,https://www.wikidata.org/wiki/Q509806,,"Metropolitan Museum of Art, New York, NY",Horses|Flags|Soldiers|American Revolution|George Washington|Men|Boats,http://vocab.getty.edu/page/aat/300250148|http://vocab.getty.edu/page/aat/300195678|http://vocab.getty.edu/page/aat/300185678|http://vocab.getty.edu/page/ia/901000252|http://vocab.getty.edu/page/ulan/500126198|http://vocab.getty.edu/page/aat/300025928|http://vocab.getty.edu/page/aat/300178749,https://www.wikidata.org/wiki/Q726|https://www.wikidata.org/wiki/Q14660|https://www.wikidata.org/wiki/Q4991371|https://www.wikidata.org/wiki/Q192769|https://www.wikidata.org/wiki/Q23|https://www.wikidata.org/wiki/Q8441|https://www.wikidata.org/wiki/Q35872
45.62.1,True,True,True,11605,756,The American Wing,1945,Painting,Susan Walker Morse (The Muse),American,,,,,16214,Artist, ,Samuel F. B. Morse,"American, Charlestown, Massachusetts 1791–1872 New York", ,"Morse, Samuel F. B.",American,1791      ,1872      ,,http://vocab.getty.edu/page/ulan/500026460,https://www.wikidata.org/wiki/Q75698,ca. 1836–37,1833,1837,Oil on canvas,73 3/4 x 57 5/8 in. (187.3 x 146.4 cm),"Bequest of Herbert L. Pratt, 1945",,,,,,,,,,,,,,http://www.metmuseum.org/art/collection/search/11605,https://www.wikidata.org/wiki/Q20169441,,"Metropolitan Museum of Art, New York, NY",Drawing|Contemplation|Portraits|Women,http://vocab.getty.edu/page/aat/300054196|http://vocab.getty.edu/page/aat/300264547|http://vocab.getty.edu/page/aat/300015637|http://vocab.getty.edu/page/aat/300025943,https://www.wikidata.org/wiki/Q2921001|https://www.wikidata.org/wiki/Q1123855|https://www.wikidata.org/wiki/Q134307|https://www.wikidata.org/wiki/Q467
66.126,True,True,True,11619,758,The American Wing,1966,Painting,Cider Making,American,,,,,16214,Artist, ,William Sidney Mount,"American, Setauket, New York 1807–1868 Setauket, New York", ,"Mount, William Sidney",American,1807      ,1868      ,,http://vocab.getty.edu/page/ulan/500017404,https://www.wikidata.org/wiki/Q45431,1840–41,1840,1841,Oil on canvas,27 x 34 1/8 in. (68.6 x 86.7 cm),"Purchase, Bequest of Charles Allen Munn, by exchange, 1966",,,,,,,,,,,,,,http://www.metmuseum.org/art/collection/search/11619,https://www.wikidata.org/wiki/Q20169755,,"Metropolitan Museum of Art, New York, NY",Men|Women|Mountains|Working,http://vocab.getty.edu/page/aat/300025928|http://vocab.getty.edu/page/aat/300025943|http://vocab.getty.edu/page/aat/300008795|http://vocab.getty.edu/page/aat/300412186,https://www.wikidata.org/wiki/Q8441|https://www.wikidata.org/wiki/Q467|https://www.wikidata.org/wiki/Q8502|https://www.wikidata.org/wiki/Q6958747
97.33,True,True,True,11707,753,The American Wing,1897,Painting,George Washington,American,,,,,16221,Artist, ,Charles Willson Peale,"American, Chester, Maryland 1741–1827 Philadelphia, Pennsylvania", ,"Peale, Charles Willson",American,1741      ,1827      ,,http://vocab.getty.edu/page/ulan/500017914,https://www.wikidata.org/wiki/Q454945,ca. 1779–81,1776,1781,Oil on canvas,95 x 61 3/4 in. (241.3 x 156.8 cm),"Gift of Collis P. Huntington, 1897",,,,,,,,,,,,,,http://www.metmuseum.org/art/collection/search/11707,https://www.wikidata.org/wiki/Q19924503,,"Metropolitan Museum of Art, New York, NY",Cannons|George Washington|Men|Portraits,http://vocab.getty.edu/page/aat/300036936|http://vocab.getty.edu/page/ulan/500126198|http://vocab.getty.edu/page/aat/300025928|http://vocab.getty.edu/page/aat/300015637,https://www.wikidata.org/wiki/Q81103|https://www.wikidata.org/wiki/Q23|https://www.wikidata.org/wiki/Q8441|https://www.wikidata.org/wiki/Q134307
39.52,True,False,True,11734,756,The American Wing,1939,Painting,Still Life: Balsam Apple and Vegetables,American,,,,,16221,Artist, ,James Peale,"American, Chestertown, Maryland 1749–1831 Philadelphia, Pennsylvania", ,"Peale, James",American,1749      ,1831      ,,http://vocab.getty.edu/page/ulan/500029852,https://www.wikidata.org/wiki/Q3161332,ca. 1820s,1817,1820,Oil on canvas,20 1/4 x 26 1/2 in. (51.4 x 67.3 cm),"Maria DeWitt Jesup Fund, 1939",,,,,,,,,,,,,,http://www.metmuseum.org/art/collection/search/11734,https://www.wikidata.org/wiki/Q20170246,,"Metropolitan Museum of Art, New York, NY",Vegetables|Tomatoes|Still Life,http://vocab.getty.edu/page/aat/300380162|http://vocab.getty.edu/page/aat/300266435|http://vocab.getty.edu/page/aat/300015638,https://www.wikidata.org/wiki/Q11004|https://www.wikidata.org/wiki/Q20638126|https://www.wikidata.org/wiki/Q170571
59.166,True,False,True,11737,756,The American Wing,1959,Painting,Still Life with Cake,American,,,,,278,Artist, ,Raphaelle Peale,1774–1825, ,"Peale, Raphaelle",American,1774      ,1825      ,,http://vocab.getty.edu/page/ulan/500004821,https://www.wikidata.org/wiki/Q1374536,1818,1818,1818,Oil on wood,10 3/4 x 15 1/4 in. (27.3 x 38.7 cm),"Maria DeWitt Jesup Fund, 1959",,,,,,,,,,,,,,http://www.metmuseum.org/art/collection/search/11737,https://www.wikidata.org/wiki/Q19925409,,"Metropolitan Museum of Art, New York, NY",Cakes|Fruit|Grapes|Wine|Still Life,http://vocab.getty.edu/page/aat/300255019|http://vocab.getty.edu/page/aat/300011868|http://vocab.getty.edu/page/aat/300379338|http://vocab.getty.edu/page/aat/300379442|http://vocab.getty.edu/page/aat/300015638,https://www.wikidata.org/wiki/Q13276|https://www.wikidata.org/wiki/Q1364|https://www.wikidata.org/wiki/Q10978|https://www.wikidata.org/wiki/Q282|https://www.wikidata.org/wiki/Q170571
62.256.2,True,True,True,11764,732,The American Wing,1962,Painting,Mrs. Mayer and Daughter,American,,,,,279,Artist, ,Ammi Phillips,1788–1865, ,"Phillips, Ammi",American,1788      ,1865      ,,http://vocab.getty.edu/page/ulan/500027079,https://www.wikidata.org/wiki/Q2843640,1835–40,1835,1840,Oil on canvas,37 7/8 x 34 1/4 in. (96.2 x 87 cm),"Gift of Edgar William and Bernice Chrysler Garbisch, 1962",,,,,,,,,,,,,,http://www.metmuseum.org/art/collection/search/11764,https://www.wikidata.org/wiki/Q20170255,,"Metropolitan Museum of Art, New York, NY",Girls|Portraits|Mothers|Women,http://vocab.getty.edu/page/aat/300247581|http://vocab.getty.edu/page/aat/300015637|http://vocab.getty.edu/page/aat/300025932|http://vocab.getty.edu/page/aat/300025943,https://www.wikidata.org/wiki/Q3031|https://www.wikidata.org/wiki/Q134307|https://www.wikidata.org/wiki/Q7560|https://www.wikidata.org/wiki/Q467
97.29.3,True,True,True,11797,747,The American Wing,1897,Painting,The American School,American,,,,,281,Artist, ,Matthew Pratt,1734–1805, ,"Pratt, Matthew",American,1734      ,1805      ,,http://vocab.getty.edu/page/ulan/500022721,https://www.wikidata.org/wiki/Q6791089,1765,1765,1765,Oil on canvas,36 x 50 1/4 in. (91.4 x 127.6 cm),"Gift of Samuel P. Avery, 1897",,,,,,,,,,,,,,http://www.metmuseum.org/art/collection/search/11797,https://www.wikidata.org/wiki/Q20170292,,"Metropolitan Museum of Art, New York, NY",Painting|Men|Artists,http://vocab.getty.edu/page/aat/300054216|http://vocab.getty.edu/page/aat/300025928|http://vocab.getty.edu/page/aat/300025103,https://www.wikidata.org/wiki/Q11629|https://www.wikidata.org/wiki/Q8441|https://www.wikidata.org/wiki/Q483501
50.25,True,False,False,11804,772,The American Wing,1950,Painting,Central Park,American,,,,,16227,Artist, ,Maurice Brazil Prendergast ,"American, St. John’s, Newfoundland 1858–1924 New York", ,"Prendergast, Maurice Brazil",American,1858      ,1924      ,,http://vocab.getty.edu/page/ulan/500004329,https://www.wikidata.org/wiki/Q248707,ca. 1914–15,1914,1915,Oil on canvas,20 3/4 x 27 in. (52.7 x 68.6 cm),"George A. Hearn Fund, 1950",,,,,,,,,,,,,,http://www.metmuseum.org/art/collection/search/11804,https://www.wikidata.org/wiki/Q19930627,,"Metropolitan Museum of Art, New York, NY",Horses|Children|Men|Women|Parks|Carriages,http://vocab.getty.edu/page/aat/300250148|http://vocab.getty.edu/page/aat/300025945|http://vocab.getty.edu/page/aat/300025928|http://vocab.getty.edu/page/aat/300025943|http://vocab.getty.edu/page/aat/300008187|http://vocab.getty.edu/page/aat/300185335,https://www.wikidata.org/wiki/Q726|https://www.wikidata.org/wiki/Q7569|https://www.wikidata.org/wiki/Q8441|https://www.wikidata.org/wiki/Q467|https://www.wikidata.org/wiki/Q22698|https://www.wikidata.org/wiki/Q235356
1978.262,True,False,True,11834,758,The American Wing,1978,Painting,Leatherstocking's Rescue,American,,,,,282,Artist, ,John Quidor,1801–1881, ,"Quidor, John",American,1801      ,1881      ,,http://vocab.getty.edu/page/ulan/500011517,https://www.wikidata.org/wiki/Q3182324,1832,1832,1832,Oil on canvas,26 x 34 in. (66 x 86.4 cm),"Gift of Erving Wolf Foundation, in memory of Diane R. Wolf, 1978",,,,,,,,,,,,,,http://www.metmuseum.org/art/collection/search/11834,https://www.wikidata.org/wiki/Q20169764,,"Metropolitan Museum of Art, New York, NY",Dogs|Animals|Men|Women,http://vocab.getty.edu/page/aat/300265714|http://vocab.getty.edu/page/aat/300249525|http://vocab.getty.edu/page/aat/300025928|http://vocab.getty.edu/page/aat/300025943,https://www.wikidata.org/wiki/Q144|https://www.wikidata.org/wiki/Q729|https://www.wikidata.org/wiki/Q8441|https://www.wikidata.org/wiki/Q467
15.32,True,False,True,11981,766,The American Wing,1915,Painting,The Toilers of the Sea,American,,,,,16235,Artist, ,Albert Pinkham Ryder,"American, New Bedford, Massachusetts 1847–1917 Elmhurst, New York", ,"Ryder, Albert Pinkham",American,1847      ,1917      ,,http://vocab.getty.edu/page/ulan/500030492,https://www.wikidata.org/wiki/Q948598,ca. 1880–85,1877,1885,Oil on wood,11 1/2 x 12 in. (29.2 x 30.5 cm),"George A. Hearn Fund, 1915",,,,,,,,,,,,,,http://www.metmuseum.org/art/collection/search/11981,https://www.wikidata.org/wiki/Q20169806,,"Metropolitan Museum of Art, New York, NY",Seascapes|Boats,http://vocab.getty.edu/page/aat/300117546|http://vocab.getty.edu/page/aat/300178749,https://www.wikidata.org/wiki/Q158607|https://www.wikidata.org/wiki/Q35872
17.97.1,True,True,False,12052,770,The American Wing,1917,Painting,Bringing Down Marble from the Quarries to Carrara,American,,,,,16237,Artist, ,John Singer Sargent,"American, Florence 1856–1925 London", ,"Sargent, John Singer",American,1856      ,1925      ,,http://vocab.getty.edu/page/ulan/500023972,https://www.wikidata.org/wiki/Q155626,1911,1911,1911,Oil on canvas,28 1/8 x 36 1/8 in. (71.4 x 91.8 cm),"Harris Brisbane Dick Fund, 1917",,,,,,,,,,,,,,http://www.metmuseum.org/art/collection/search/12052,https://www.wikidata.org/wiki/Q20170034,,"Metropolitan Museum of Art, New York, NY",Men|Working,http://vocab.getty.edu/page/aat/300025928|http://vocab.getty.edu/page/aat/300412186,https://www.wikidata.org/wiki/Q8441|https://www.wikidata.org/wiki/Q6958747
16.53,True,True,False,12127,771,The American Wing,1916,Painting,Madame X (Madame Pierre Gautreau),American,,,,,16237,Artist, ,John Singer Sargent,"American, Florence 1856–1925 London", ,"Sargent, John Singer",American,1856      ,1925      ,,http://vocab.getty.edu/page/ulan/500023972,https://www.wikidata.org/wiki/Q155626,1883–84,1883,1884,Oil on canvas,"82 1/8 x 43 1/4in. (208.6 x 109.9cm)
Framed: 95 3/4 x 56 5/8 x 5 in. (243.2 x 143.8 x 12.7 cm)","Arthur Hoppock Hearn Fund, 1916",,,,,,,,,,,,,,http://www.metmuseum.org/art/collection/search/12127,https://www.wikidata.org/wiki/Q2664039,,"Metropolitan Museum of Art, New York, NY",Portraits|Profiles|Women,http://vocab.getty.edu/page/aat/300015637|http://vocab.getty.edu/page/aat/300123319|http://vocab.getty.edu/page/aat/300025943,https://www.wikidata.org/wiki/Q134307|https://www.wikidata.org/wiki/Q4382010|https://www.wikidata.org/wiki/Q467
38.104,True,True,False,12140,771,The American Wing,1938,Painting,Mr. and Mrs. I. N. Phelps Stokes,American,,,,,16237,Artist, ,John Singer Sargent,"American, Florence 1856–1925 London", ,"Sargent, John Singer",American,1856      ,1925      ,,http://vocab.getty.edu/page/ulan/500023972,https://www.wikidata.org/wiki/Q155626,1897,1897,1897,Oil on canvas,84 1/4 x 39 3/4 in. (214 x 101 cm),"Bequest of Edith Minturn Phelps Stokes (Mrs. I. N.), 1938",,,,,,,,,,,,,,http://www.metmuseum.org/art/collection/search/12140,https://www.wikidata.org/wiki/Q20173369,,"Metropolitan Museum of Art, New York, NY",Portraits|Men|Women,http://vocab.getty.edu/page/aat/300015637|http://vocab.getty.edu/page/aat/300025928|http://vocab.getty.edu/page/aat/300025943,https://www.wikidata.org/wiki/Q134307|https://www.wikidata.org/wiki/Q8441|https://www.wikidata.org/wiki/Q467
27.67,True,True,False,12477,771,The American Wing,1927,Painting,"The Wyndham Sisters: Lady Elcho, Mrs. Adeane, and Mrs. Tennant",American,,,,,16237,Artist, ,John Singer Sargent,"American, Florence 1856–1925 London", ,"Sargent, John Singer",American,1856      ,1925      ,,http://vocab.getty.edu/page/ulan/500023972,https://www.wikidata.org/wiki/Q155626,1899,1899,1899,Oil on canvas,115 x 84 1/8 in. (292.1 x 213.7 cm),"Catharine Lorillard Wolfe Collection, Wolfe Fund, 1927",,,,,,,,,,,,,,http://www.metmuseum.org/art/collection/search/12477,https://www.wikidata.org/wiki/Q20170430,,"Metropolitan Museum of Art, New York, NY",Women|Portraits,http://vocab.getty.edu/page/aat/300025943|http://vocab.getty.edu/page/aat/300015637,https://www.wikidata.org/wiki/Q467|https://www.wikidata.org/wiki/Q134307
62.79.1,True,True,True,12600,747,The American Wing,1962,Painting,Francis Brinley,American,,,,,16535,Artist, ,John Smibert,"American, Edinburgh, Scotland 1688–1751 Boston, Massachusetts", ,"Smibert, John","American, Scottish",1688      ,1751      ,,http://vocab.getty.edu/page/ulan/500006043,https://www.wikidata.org/wiki/Q3182482,1729,1729,1729,Oil on canvas,50 x 39 1/4 in. (127 x 99.7 cm),"Rogers Fund, 1962",,,,,,,,,,,,,,http://www.metmuseum.org/art/collection/search/12600,https://www.wikidata.org/wiki/Q19925258,,"Metropolitan Museum of Art, New York, NY",Men|Portraits,http://vocab.getty.edu/page/aat/300025928|http://vocab.getty.edu/page/aat/300015637,https://www.wikidata.org/wiki/Q8441|https://www.wikidata.org/wiki/Q134307
62.79.2,True,False,True,12602,747,The American Wing,1962,Painting,Mrs. Francis Brinley and Her Son Francis,American,,,,,16535,Artist, ,John Smibert,"American, Edinburgh, Scotland 1688–1751 Boston, Massachusetts", ,"Smibert, John","American, Scottish",1688      ,1751      ,,http://vocab.getty.edu/page/ulan/500006043,https://www.wikidata.org/wiki/Q3182482,1729,1729,1729,Oil on canvas,50 x 39 1/4 in. (127 x 99.7 cm),"Rogers Fund, 1962",,,,,,,,,,,,,,http://www.metmuseum.org/art/collection/search/12602,https://www.wikidata.org/wiki/Q19925491,,"Metropolitan Museum of Art, New York, NY",Children|Infants|Portraits|Mothers|Women,http://vocab.getty.edu/page/aat/300025945|http://vocab.getty.edu/page/aat/300189561|http://vocab.getty.edu/page/aat/300015637|http://vocab.getty.edu/page/aat/300025932|http://vocab.getty.edu/page/aat/300025943,https://www.wikidata.org/wiki/Q7569|https://www.wikidata.org/wiki/Q998|https://www.wikidata.org/wiki/Q134307|https://www.wikidata.org/wiki/Q7560|https://www.wikidata.org/wiki/Q467
07.75,True,True,True,12670,755,The American Wing,1907,Painting,Josef de Jaudenes y Nebot,American,,,,,16249,Artist, ,Gilbert Stuart,"American, North Kingston, Rhode Island 1755–1828 Boston, Massachusetts", ,"Stuart, Gilbert",American,1755      ,1828      ,,http://vocab.getty.edu/page/ulan/500010392,https://www.wikidata.org/wiki/Q41402,1794,1794,1794,Oil on canvas,50 3/4 x 39 3/4 in. (128.9 x 101 cm),"Rogers Fund, 1907",,,,,,,,,,,,,,http://www.metmuseum.org/art/collection/search/12670,https://www.wikidata.org/wiki/Q20170470,,"Metropolitan Museum of Art, New York, NY",Men|Portraits,http://vocab.getty.edu/page/aat/300025928|http://vocab.getty.edu/page/aat/300015637,https://www.wikidata.org/wiki/Q8441|https://www.wikidata.org/wiki/Q134307
07.76,True,True,True,12674,755,The American Wing,1907,Painting,Matilda Stoughton de Jaudenes,American,,,,,16249,Artist, ,Gilbert Stuart,"American, North Kingston, Rhode Island 1755–1828 Boston, Massachusetts", ,"Stuart, Gilbert",American,1755      ,1828      ,,http://vocab.getty.edu/page/ulan/500010392,https://www.wikidata.org/wiki/Q41402,1794,1794,1794,Oil on canvas,50 5/8 x 39 1/2 in. (128.6 x 100.3 cm),"Rogers Fund, 1907",,,,,,,,,,,,,,http://www.metmuseum.org/art/collection/search/12674,https://www.wikidata.org/wiki/Q19923862,,"Metropolitan Museum of Art, New York, NY",Portraits|Women,http://vocab.getty.edu/page/aat/300015637|http://vocab.getty.edu/page/aat/300025943,https://www.wikidata.org/wiki/Q134307|https://www.wikidata.org/wiki/Q467
14.126.1,True,True,True,12702,,The American Wing,1914,Painting,Queen Victoria,American,,,,,16249,Artist, ,Thomas Sully,"American, Horncastle, Lincolnshire 1783–1872 Philadelphia, Pennsylvania", ,"Sully, Thomas",American,1783      ,1872      ,,http://vocab.getty.edu/page/ulan/500006873,https://www.wikidata.org/wiki/Q786545,1838,1838,1838,Oil on canvas,36 x 28 3/8 in. (91.4 x 71.5 cm),"Bequest of Francis T. S. Darley, 1914",,,,,,,,,,,,,,http://www.metmuseum.org/art/collection/search/12702,https://www.wikidata.org/wiki/Q20169527,,"Metropolitan Museum of Art, New York, NY",Portraits|Women|Crowns|Queen Victoria,http://vocab.getty.edu/page/aat/300015637|http://vocab.getty.edu/page/aat/300025943|http://vocab.getty.edu/page/aat/300046020|http://vocab.getty.edu/page/ulan/500022428,https://www.wikidata.org/wiki/Q134307|https://www.wikidata.org/wiki/Q467|https://www.wikidata.org/wiki/Q170984|https://www.wikidata.org/wiki/Q9439
24.109.88,True,True,True,12822,753,The American Wing,1924,Painting,George Washington and William Lee,American,,,,,16256,Artist, ,John Trumbull,"American, Lebanon, Connecticut 1756–1843 New York", ,"Trumbull, John",American,1756      ,1843      ,,http://vocab.getty.edu/page/ulan/500016000,https://www.wikidata.org/wiki/Q369263,1780,1780,1780,Oil on canvas,36 x 28 in. (91.4 x 71.1 cm),"Bequest of Charles Allen Munn, 1924",,,,,,,,,,,,,,http://www.metmuseum.org/art/collection/search/12822,https://www.wikidata.org/wiki/Q19925424,,"Metropolitan Museum of Art, New York, NY",George Washington|Men|Portraits|Horses|Servants,http://vocab.getty.edu/page/ulan/500126198|http://vocab.getty.edu/page/aat/300025928|http://vocab.getty.edu/page/aat/300015637|http://vocab.getty.edu/page/aat/300250148|http://vocab.getty.edu/page/aat/300025874,https://www.wikidata.org/wiki/Q23|https://www.wikidata.org/wiki/Q8441|https://www.wikidata.org/wiki/Q134307|https://www.wikidata.org/wiki/Q726|https://www.wikidata.org/wiki/Q54128
1976.332,True,True,True,12828,753,The American Wing,1976,Painting,The Sortie Made by the Garrison of Gibraltar,American,,,,,16256,Artist, ,John Trumbull,"American, Lebanon, Connecticut 1756–1843 New York", ,"Trumbull, John",American,1756      ,1843      ,,http://vocab.getty.edu/page/ulan/500016000,https://www.wikidata.org/wiki/Q369263,1789,1789,1789,Oil on canvas,71 x 107 in. (180.3 x 271.8 cm),"Purchase, Pauline V. Fullerton Bequest; Mr. and Mrs. James Walter Carter and Mr. and Mrs. Raymond J. Horowitz Gifts; Erving Wolf Foundation and Vain and Harry Fish Foundation Inc. Gifts; Gift of Hanson K. Corning, by exchange; and Maria DeWitt Jesup and Morris K. Jesup Funds, 1976",,,,,,,,,,,,,,http://www.metmuseum.org/art/collection/search/12828,https://www.wikidata.org/wiki/Q7765338,,"Metropolitan Museum of Art, New York, NY",Men|Battles|Soldiers,http://vocab.getty.edu/page/aat/300025928|http://vocab.getty.edu/page/aat/300185692|http://vocab.getty.edu/page/aat/300185678,https://www.wikidata.org/wiki/Q8441|https://www.wikidata.org/wiki/Q178561|https://www.wikidata.org/wiki/Q4991371
68.52,True,True,True,12842,770,The American Wing,1968,Painting,Arques-la-Bataille,American,,,,,16257,Artist, ,John Henry Twachtman,"American, Cincinnati, Ohio 1853–1902 Gloucester, Massachusetts", ,"Twachtman, John Henry",American,1853      ,1902      ,,http://vocab.getty.edu/page/ulan/500006514,https://www.wikidata.org/wiki/Q1342683,1885,1885,1885,Oil on canvas,60 x 78 7/8 in. (152.4 x 200.3 cm),"Morris K. Jesup Fund, 1968",,,,,,,,,,,,,,http://www.metmuseum.org/art/collection/search/12842,https://www.wikidata.org/wiki/Q19925269,,"Metropolitan Museum of Art, New York, NY",Landscapes|Rivers,http://vocab.getty.edu/page/aat/300132294|http://vocab.getty.edu/page/aat/300008707,https://www.wikidata.org/wiki/Q191163|https://www.wikidata.org/wiki/Q4022
52.184,True,True,True,13052,735,The American Wing,1952,Painting,Panoramic View of the Palace and Gardens of Versailles,American,,,,,16260,Artist, ,John Vanderlyn,"American, Kingston, New York 1775–1852 Kingston, New York", ,"Vanderlyn, John",American,1775      ,1852      ,,http://vocab.getty.edu/page/ulan/500002618,https://www.wikidata.org/wiki/Q1661665,1818–19,1818,1819,Oil on canvas,12 x 165 ft. (3.6 x 49.5 m),"Gift of the Senate House Association, Kingston, N.Y., 1952",,,,,,,,,,,,,,http://www.metmuseum.org/art/collection/search/13052,https://www.wikidata.org/wiki/Q18686963,,"Metropolitan Museum of Art, New York, NY",Fountains|Palaces|Gardens,http://vocab.getty.edu/page/aat/300006179|http://vocab.getty.edu/page/aat/300005734|http://vocab.getty.edu/page/aat/300008090,https://www.wikidata.org/wiki/Q483453|https://www.wikidata.org/wiki/Q16560|https://www.wikidata.org/wiki/Q1107656
1976.106.1,True,False,False,13065,766,The American Wing,1976,Painting,Lair of the Sea Serpent,American,,,,,16261,Artist, ,Elihu Vedder,"American, New York 1836–1923 Rome", ,"Vedder, Elihu",American,1836      ,1923      ,,http://vocab.getty.edu/page/ulan/500032587,https://www.wikidata.org/wiki/Q389726,ca. 1899,1896,1899,Oil on canvas,12 x 30 in. (30.5 x 76.2 cm),"Gift of Mrs. Harold G. Henderson, 1976",,,,,,,,,,,,,,http://www.metmuseum.org/art/collection/search/13065,https://www.wikidata.org/wiki/Q20169678,,"Metropolitan Museum of Art, New York, NY",Serpents|Beaches,http://vocab.getty.edu/page/aat/300417734|http://vocab.getty.edu/page/aat/300008816,https://www.wikidata.org/wiki/Q2102|https://www.wikidata.org/wiki/Q40080
10.64.13,True,True,False,13070,774,The American Wing,1910,Painting,The Pleiades,American,,,,,16261,Artist, ,Elihu Vedder,"American, New York 1836–1923 Rome", ,"Vedder, Elihu",American,1836      ,1923      ,,http://vocab.getty.edu/page/ulan/500032587,https://www.wikidata.org/wiki/Q389726,1885,1885,1885,Oil on canvas,24 1/8 x 37 5/8 in. (61.3 x 95.6 cm),"Gift of George A. Hearn, 1910",,,,,,,,,,,,,,http://www.metmuseum.org/art/collection/search/13070,https://www.wikidata.org/wiki/Q19923833,,"Metropolitan Museum of Art, New York, NY",Female Nudes|Dancing,http://vocab.getty.edu/page/aat/300189568|http://vocab.getty.edu/page/aat/300389779,https://www.wikidata.org/wiki/Q40446|https://www.wikidata.org/wiki/Q43393537
95.29,True,False,False,13124,763,The American Wing,1895,Painting,Interior View of the Metropolitan Museum of Art when in Fourteenth Street,American,,,,,16538,Artist, ,Frank Waller,"American, New York 1842–1923 Morristown, New Jersey", ,"Waller, Frank",American,1842      ,1923      ,,http://vocab.getty.edu/page/ulan/500029123,https://www.wikidata.org/wiki/Q21993970,1881,1881,1881,Oil on canvas,24 x 20 in. (61 x 50.8 cm),"Purchase, 1895",,,,,,,,,,,,,,http://www.metmuseum.org/art/collection/search/13124,https://www.wikidata.org/wiki/Q19925041,,"Metropolitan Museum of Art, New York, NY",Women|Museums|Interiors,http://vocab.getty.edu/page/aat/300025943|http://vocab.getty.edu/page/aat/300312302|http://vocab.getty.edu/page/aat/300391239,https://www.wikidata.org/wiki/Q467|https://www.wikidata.org/wiki/Q33506|https://www.wikidata.org/wiki/Q2998430
15.30.68,True,False,True,13171,766,The American Wing,1915,Painting,The Rajah Starting on a Hunt,American,,,,,16511,Artist, ,Edwin Lord Weeks,"American, Boston, Massachusetts 1849–1903 Paris", ,"Weeks, Edwin Lord",American,1849      ,1903      ,,http://vocab.getty.edu/page/ulan/500023842,https://www.wikidata.org/wiki/Q3735411,ca. 1885,1885,1885,Oil on canvas.,39 9/16 x 32 in. (100.5 x 81.3 cm),"Bequest of Maria DeWitt Jesup, from the collection of her husband, Morris K. Jesup, 1914",,,,,,,,,,,,,,http://www.metmuseum.org/art/collection/search/13171,https://www.wikidata.org/wiki/Q19924464,,"Metropolitan Museum of Art, New York, NY",Birds|Palaces|Men|Leopards|Horses,http://vocab.getty.edu/page/aat/300266506|http://vocab.getty.edu/page/aat/300005734|http://vocab.getty.edu/page/aat/300025928|http://vocab.getty.edu/page/aat/300310390|http://vocab.getty.edu/page/aat/300250148,https://www.wikidata.org/wiki/Q5113|https://www.wikidata.org/wiki/Q16560|https://www.wikidata.org/wiki/Q8441|https://www.wikidata.org/wiki/Q34706|https://www.wikidata.org/wiki/Q726
14.141,True,True,True,13184,770,The American Wing,1914,Painting,The Red Bridge,American,,,,,16270,Artist, ,Julian Alden Weir,"American, West Point, New York 1852–1919 New York", ,"Weir, Julian Alden",American,1852      ,1919      ,,http://vocab.getty.edu/page/ulan/500020809,https://www.wikidata.org/wiki/Q1284220,1895,1895,1895,Oil on canvas,24 1/4 x 33 3/4 in. (61.6 x 85.7 cm),"Gift of Mrs. John A. Rutherfurd, 1914",,,,,,,,,,,,,,http://www.metmuseum.org/art/collection/search/13184,https://www.wikidata.org/wiki/Q19924750,,"Metropolitan Museum of Art, New York, NY",Bridges|Rivers|Trees,http://vocab.getty.edu/page/aat/300386855|http://vocab.getty.edu/page/aat/300008707|http://vocab.getty.edu/page/aat/300132410,https://www.wikidata.org/wiki/Q12280|https://www.wikidata.org/wiki/Q4022|https://www.wikidata.org/wiki/Q10884
13.20,True,True,True,13211,771,The American Wing,1913,Painting,Arrangement in Flesh Colour and Black: Portrait of Theodore Duret,American,,,,,16272,Artist, ,James McNeill Whistler,"American, Lowell, Massachusetts 1834–1903 London", ,"Whistler, James McNeill",American,1834      ,1903      ,,http://vocab.getty.edu/page/ulan/500012432,https://www.wikidata.org/wiki/Q203643,1883,1883,1883,Oil on canvas,76 1/8 x 35 3/4 in. (193.4 x 90.8 cm),"Catharine Lorillard Wolfe Collection, Wolfe Fund, 1913",,,,,,,,,,,,,,http://www.metmuseum.org/art/collection/search/13211,https://www.wikidata.org/wiki/Q20169868,,"Metropolitan Museum of Art, New York, NY",Portraits|Men,http://vocab.getty.edu/page/aat/300015637|http://vocab.getty.edu/page/aat/300025928,https://www.wikidata.org/wiki/Q134307|https://www.wikidata.org/wiki/Q8441
12.32,True,True,True,13223,766,The American Wing,1912,Painting,"Cremorne Gardens, No. 2",American,,,,,16272,Artist, ,James McNeill Whistler,"American, Lowell, Massachusetts 1834–1903 London", ,"Whistler, James McNeill",American,1834      ,1903      ,,http://vocab.getty.edu/page/ulan/500012432,https://www.wikidata.org/wiki/Q203643,ca. 1870–80,1867,1880,Oil on canvas,27 x 53 1/8 in. (68.6 x 134.9 cm),"John Stewart Kennedy Fund, 1912",,,,,,,,,,,,,,http://www.metmuseum.org/art/collection/search/13223,https://www.wikidata.org/wiki/Q19924715,,"Metropolitan Museum of Art, New York, NY",Parks|Men|Women,http://vocab.getty.edu/page/aat/300008187|http://vocab.getty.edu/page/aat/300025928|http://vocab.getty.edu/page/aat/300025943,https://www.wikidata.org/wiki/Q22698|https://www.wikidata.org/wiki/Q8441|https://www.wikidata.org/wiki/Q467
21.115.4,True,True,True,13315,761,The American Wing,1921,Painting,The Trout Pool,American,,,,,302,Artist, ,Worthington Whittredge,"Springfield, Ohio 1820–1910 Summit, New Jersey", ,"Whittredge, Worthington",American,1820      ,1910      ,,http://vocab.getty.edu/page/ulan/500017639,https://www.wikidata.org/wiki/Q1370512,1870,1870,1870,Oil on canvas,36 x 27 1/8 in. (91.4 x 68.9 cm),"Gift of Colonel Charles A. Fowler, 1921",,,,,,,,,,,,,,http://www.metmuseum.org/art/collection/search/13315,https://www.wikidata.org/wiki/Q19925092,,"Metropolitan Museum of Art, New York, NY",Forests|Landscapes,http://vocab.getty.edu/page/aat/300387598|http://vocab.getty.edu/page/aat/300132294,https://www.wikidata.org/wiki/Q4421|https://www.wikidata.org/wiki/Q191163
84.12c,True,False,True,13344,762,The American Wing,1884,Painting,A Bit of War History: The Veteran,American,,,,,16275,Artist, ,Thomas Waterman Wood,"American, Montpelier, Vermont 1823–1903 New York", ,"Wood, Thomas Waterman",American,1823      ,1903      ,,http://vocab.getty.edu/page/ulan/500017367,https://www.wikidata.org/wiki/Q7794913,1866,1866,1866,Oil on canvas,"28 1/4 x 20 1/4 in. (71.8 x 51.4 cm)
(framed with 84.12a and 84.12b)","Gift of Charles Stewart Smith, 1884",,,,,,,,,,,,,,http://www.metmuseum.org/art/collection/search/13344,https://www.wikidata.org/wiki/Q20169687,,"Metropolitan Museum of Art, New York, NY",Soldiers|Men|American Civil War,http://vocab.getty.edu/page/aat/300185678|http://vocab.getty.edu/page/aat/300025928|http://vocab.getty.edu/page/ia/901000030,https://www.wikidata.org/wiki/Q4991371|https://www.wikidata.org/wiki/Q8441|https://www.wikidata.org/wiki/Q8676
84.12a,True,False,True,13345,762,The American Wing,1884,Painting,A Bit of War History: The Contraband,American,,,,,16275,Artist, ,Thomas Waterman Wood,"American, Montpelier, Vermont 1823–1903 New York", ,"Wood, Thomas Waterman",American,1823      ,1903      ,,http://vocab.getty.edu/page/ulan/500017367,https://www.wikidata.org/wiki/Q7794913,1865,1865,1865,Oil on canvas,"28 1/4 x 20 1/4 in. (71.8 x 51.4 cm)
(framed with 84.12b and 84.12c)","Gift of Charles Stewart Smith, 1884",,,,,,,,,,,,,,http://www.metmuseum.org/art/collection/search/13345,https://www.wikidata.org/wiki/Q20169695,,"Metropolitan Museum of Art, New York, NY",American Civil War|Firearms|Men|Portraits,http://vocab.getty.edu/page/ia/901000030|http://vocab.getty.edu/page/aat/300037148|http://vocab.getty.edu/page/aat/300025928|http://vocab.getty.edu/page/aat/300015637,https://www.wikidata.org/wiki/Q8676|https://www.wikidata.org/wiki/Q12796|https://www.wikidata.org/wiki/Q8441|https://www.wikidata.org/wiki/Q134307
84.12b,True,False,True,13346,762,The American Wing,1884,Painting,A Bit of War History: The Recruit,American,,,,,16275,Artist, ,Thomas Waterman Wood,"American, Montpelier, Vermont 1823–1903 New York", ,"Wood, Thomas Waterman",American,1823      ,1903      ,,http://vocab.getty.edu/page/ulan/500017367,https://www.wikidata.org/wiki/Q7794913,1866,1866,1866,Oil on canvas,"28 1/4 x 20 1/4 in. (71.8 x 51.4 cm)
(framed with 84.12a and 84.12c)","Gift of Charles Stewart Smith, 1884",,,,,,,,,,,,,,http://www.metmuseum.org/art/collection/search/13346,https://www.wikidata.org/wiki/Q19924171,,"Metropolitan Museum of Art, New York, NY",Soldiers|Firearms|Portraits|American Civil War|Men,http://vocab.getty.edu/page/aat/300185678|http://vocab.getty.edu/page/aat/300037148|http://vocab.getty.edu/page/aat/300015637|http://vocab.getty.edu/page/ia/901000030|http://vocab.getty.edu/page/aat/300025928,https://www.wikidata.org/wiki/Q4991371|https://www.wikidata.org/wiki/Q12796|https://www.wikidata.org/wiki/Q134307|https://www.wikidata.org/wiki/Q8676|https://www.wikidata.org/wiki/Q8441
1997.207,True,True,False,13758,774,The American Wing,1997,Painting,Lilacs in a Window (Vase de Lilas a la Fenetre),American,,,,,16175,Artist, ,Mary Cassatt,"American, Pittsburgh, Pennsylvania 1844–1926 Le Mesnil-Théribus, Oise", ,"Cassatt, Mary",American,1844      ,1926      ,Female,http://vocab.getty.edu/page/ulan/500012368,https://www.wikidata.org/wiki/Q173223,ca. 1880–83,1877,1883,Oil on canvas,24 3/16 x 20 1/8 in. (61.5 x 51.1 cm),"Partial and Promised Gift of Mr. and Mrs. Douglas Dillon, 1997
",,,,,,,,,,,,,,http://www.metmuseum.org/art/collection/search/13758,https://www.wikidata.org/wiki/Q17008188,,"Metropolitan Museum of Art, New York, NY",Flowers|Still Life,http://vocab.getty.edu/page/aat/300132399|http://vocab.getty.edu/page/aat/300015638,https://www.wikidata.org/wiki/Q506|https://www.wikidata.org/wiki/Q170571
1992.128,True,True,True,14472,736,The American Wing,1992,Painting,The Contest for the Bouquet: The Family of Robert Gordon in Their New York Dining-Room,American,,,,,256,Artist, ,Seymour Joseph Guy,"American (born England), London 1824–1910 New York", ,"Guy, Seymour Joseph","American, born England",1824      ,1910      ,,http://vocab.getty.edu/page/ulan/500023177,https://www.wikidata.org/wiki/Q16648954,1866,1866,1866,Oil on canvas,24 5/8 x 29 1/2 in. (62.5 x 74.9 cm),"Purchase, Gift of William E. Dodge, by exchange, and Lila Acheson  Wallace Gift, 1992",,,,,,,,,,,,,,http://www.metmuseum.org/art/collection/search/14472,https://www.wikidata.org/wiki/Q20170511,,"Metropolitan Museum of Art, New York, NY",Dining Rooms|Children|Women|Playing|Family|Interiors,http://vocab.getty.edu/page/aat/300004349|http://vocab.getty.edu/page/aat/300025945|http://vocab.getty.edu/page/aat/300025943| |http://vocab.getty.edu/page/aat/300435378|http://vocab.getty.edu/page/aat/300391239,https://www.wikidata.org/wiki/Q661199|https://www.wikidata.org/wiki/Q7569|https://www.wikidata.org/wiki/Q467|https://www.wikidata.org/wiki/Q1150958|https://www.wikidata.org/wiki/Q8436|https://www.wikidata.org/wiki/Q2998430
2006.235.74,True,True,True,14521,,The American Wing,2006,"Painting, miniature",Beauty Revealed,American,,,,,255,Artist, ,Sarah Goodridge,1788–1853, ,"Goodridge, Sarah",American,1788      ,1853      ,Female,http://vocab.getty.edu/page/ulan/500022221,https://www.wikidata.org/wiki/Q7422343,1828,1828,1828,Watercolor on ivory,2 5/8 x 3 1/8 in. (6.7 x 8 cm),"Gift of Gloria Manney, 2006",,,,,,,,,,,,,,http://www.metmuseum.org/art/collection/search/14521,https://www.wikidata.org/wiki/Q16950902,,"Metropolitan Museum of Art, New York, NY",Self-portraits|Female Nudes,http://vocab.getty.edu/page/aat/300124534|http://vocab.getty.edu/page/aat/300189568,https://www.wikidata.org/wiki/Q192110|https://www.wikidata.org/wiki/Q40446
1994.567,True,True,False,14930,769,The American Wing,1994,Painting,"Celia Thaxter's Garden, Isles of Shoals, Maine",American,,,,,16198,Artist, ,Childe Hassam,"American, Dorchester, Massachusetts 1859–1935 East Hampton, New York", ,"Hassam, Childe",American,1859      ,1935      ,,http://vocab.getty.edu/page/ulan/500018088,https://www.wikidata.org/wiki/Q737635,1890,1890,1890,Oil on canvas,17 3/4 x 21 1/2 in. (45.1 x 54.6 cm),"Anonymous Gift, 1994",,,,,,,,,,,,,,http://www.metmuseum.org/art/collection/search/14930,https://www.wikidata.org/wiki/Q19923830,,"Metropolitan Museum of Art, New York, NY",Gardens|Oceans|Flowers|Poppies|Landscapes,http://vocab.getty.edu/page/aat/300008090|http://vocab.getty.edu/page/aat/300008687|http://vocab.getty.edu/page/aat/300132399|http://vocab.getty.edu/page/aat/300375678|http://vocab.getty.edu/page/aat/300132294,https://www.wikidata.org/wiki/Q1107656|https://www.wikidata.org/wiki/Q9430|https://www.wikidata.org/wiki/Q506|https://www.wikidata.org/wiki/Q967457|https://www.wikidata.org/wiki/Q191163
1993.324,True,True,True,14931,768,The American Wing,1993,Painting,A Rose,American,,,,,16161,Artist, ,Thomas Anshutz,"American, Newport, Kentucky 1851–1912 Fort Washington, Pennsylvania", ,"Anshutz, Thomas",American,1851      ,1912      ,,http://vocab.getty.edu/page/ulan/500011734,https://www.wikidata.org/wiki/Q2757568,1907,1907,1907,Oil on canvas,58 x 43 7/8 in. (147.3 x 111.4 cm),"Marguerite and Frank A. Cosgrove Jr. Fund, 1993",,,,,,,,,,,,,,http://www.metmuseum.org/art/collection/search/14931,https://www.wikidata.org/wiki/Q20169485,,"Metropolitan Museum of Art, New York, NY",Portraits|Women,http://vocab.getty.edu/page/aat/300015637|http://vocab.getty.edu/page/aat/300025943,https://www.wikidata.org/wiki/Q134307|https://www.wikidata.org/wiki/Q467
2006.235.32,True,True,True,15026,,The American Wing,2006,"Painting, miniature",Self-portrait miniature,American,,,,,16178,Artist, ,John Singleton Copley,"American, Boston, Massachusetts 1738–1815 London", ,"Copley, John Singleton",American,1738      ,1815      ,,http://vocab.getty.edu/page/ulan/500009177,https://www.wikidata.org/wiki/Q316016,1769,1769,1769,Watercolor on ivory,1 3/8 x 1 1/8 in. (3.3 x 2.7 cm),"Purchase, Harris Brisbane Dick Fund, by exchange, Anonymous Gift, and Virginia Marvin Stoughton Bequest, 2006",,,,,,,,,,,,,,http://www.metmuseum.org/art/collection/search/15026,https://www.wikidata.org/wiki/Q19924779,,"Metropolitan Museum of Art, New York, NY",Men|Self-portraits,http://vocab.getty.edu/page/aat/300025928|http://vocab.getty.edu/page/aat/300124534,https://www.wikidata.org/wiki/Q8441|https://www.wikidata.org/wiki/Q192110
1998.365,True,True,False,16255,,The American Wing,1998,Painting,Mrs. Hugh Hammersley,American,,,,,16237,Artist, ,John Singer Sargent,"American, Florence 1856–1925 London", ,"Sargent, John Singer",American,1856      ,1925      ,,http://vocab.getty.edu/page/ulan/500023972,https://www.wikidata.org/wiki/Q155626,1892,1892,1892,Oil on canvas,"81 x 45 1/2in. (205.7 x 115.6cm)
Framed: 91 1/2 x 52 5/8 x 4 3/4 in. (232.4 x 133.7 x 12.1 cm)","Gift of Mr. and Mrs. Douglass Campbell, in memory of Mrs. Richard E. Danielson, 1998",,,,,,,,,,,,,,http://www.metmuseum.org/art/collection/search/16255,https://www.wikidata.org/wiki/Q12859122,,"Metropolitan Museum of Art, New York, NY",Portraits|Women,http://vocab.getty.edu/page/aat/300015637|http://vocab.getty.edu/page/aat/300025943,https://www.wikidata.org/wiki/Q134307|https://www.wikidata.org/wiki/Q467
07.160,True,True,True,16584,755,The American Wing,1907,Painting,George Washington,American,,,,,16249,Artist, ,Gilbert Stuart,"American, North Kingston, Rhode Island 1755–1828 Boston, Massachusetts", ,"Stuart, Gilbert",American,1755      ,1828      ,,http://vocab.getty.edu/page/ulan/500010392,https://www.wikidata.org/wiki/Q41402,begun 1795,1795,1795,Oil on canvas,30 1/4 x 25 1/4 in. (76.8 x 64.1 cm),"Rogers Fund, 1907",,,,,,,,,,,,,,http://www.metmuseum.org/art/collection/search/16584,https://www.wikidata.org/wiki/Q19925349,,"Metropolitan Museum of Art, New York, NY",George Washington|Men|Portraits,http://vocab.getty.edu/page/ulan/500126198|http://vocab.getty.edu/page/aat/300025928|http://vocab.getty.edu/page/aat/300015637,https://www.wikidata.org/wiki/Q23|https://www.wikidata.org/wiki/Q8441|https://www.wikidata.org/wiki/Q134307
2000.151,True,True,True,16687,756,The American Wing,2000,Painting,Michael Angelo and Emma Clara Peale,American,,,,,16221,Artist, ,Rembrandt Peale,"American, Bucks County, Pennsylvania 1778–1860 Philadelphia, Pennsylvania", ,"Peale, Rembrandt",American,1778      ,1860      ,,http://vocab.getty.edu/page/ulan/500019719,https://www.wikidata.org/wiki/Q375926,ca. 1826,1826,1826,Oil on canvas,30 x 25 in. (76.2 x 63.5 cm),"Purchase, Dodge Fund, Dale T. Johnson Fund, and Q, The Overbrook Foundation, Mr. and Mrs. Max N. Berry, Barbara G. Fleischman, Mrs. Daniel Fraad, Mr. and Mrs. Peter Lunder, Mr. and Mrs. Frank Martucci, and Erving and Joyce Wolf Gifts, 2000",,,,,,,,,,,,,,http://www.metmuseum.org/art/collection/search/16687,https://www.wikidata.org/wiki/Q20169720,,"Metropolitan Museum of Art, New York, NY",Boys|Girls|Portraits,http://vocab.getty.edu/page/aat/300247598|http://vocab.getty.edu/page/aat/300247581|http://vocab.getty.edu/page/aat/300015637,https://www.wikidata.org/wiki/Q3010|https://www.wikidata.org/wiki/Q3031|https://www.wikidata.org/wiki/Q134307
2001.402a,True,False,False,16947,766,The American Wing,2001,Painting,Flight Into Egypt,American,,,,,16251,Artist, ,Henry Ossawa Tanner,"American, Pittsburgh, Pennsylvania 1859–1937 Paris", ,"Tanner, Henry Ossawa",American ,1859      ,1937      ,,http://vocab.getty.edu/page/ulan/500005351,https://www.wikidata.org/wiki/Q1374436,1923,1923,1923,Oil on canvas,29 x 26 in. (73.7 x 66 cm),"Marguerite and Frank A. Cosgrove Jr. Fund, 2001",,,,,,,,,,,,,,http://www.metmuseum.org/art/collection/search/16947,https://www.wikidata.org/wiki/Q20169706,,"Metropolitan Museum of Art, New York, NY",Holy Family,http://vocab.getty.edu/page/ia/901001175,https://www.wikidata.org/wiki/Q618057
1974.359,True,False,True,17897,759,The American Wing,1974,Painting,Landscape with Cows Watering in a Stream,American,,,,,247,Artist, ,Robert S. Duncanson,1821–1872, ,"Duncanson, Robert S.",American,1821      ,1872      ,,http://vocab.getty.edu/page/ulan/500019769,https://www.wikidata.org/wiki/Q2699889,1871,1871,1871,Oil on canvas,21 1/8 x 34 1/2 in. (53.7 x 87.6 cm),"Gift of Mr. and Mrs. Lawrence A. Fleischman, 1974",,,,,,,,,,,,,,http://www.metmuseum.org/art/collection/search/17897,https://www.wikidata.org/wiki/Q19924575,,"Metropolitan Museum of Art, New York, NY",Cows|Landscapes,http://vocab.getty.edu/page/aat/300250120|http://vocab.getty.edu/page/aat/300132294,https://www.wikidata.org/wiki/Q830|https://www.wikidata.org/wiki/Q191163
66.242.17,True,False,True,18354,736,The American Wing,1966,Painting,Lake George and the Village of Caldwell,American,,,,,240,Artist, ,Thomas Chambers,1808–after 1866, ,"Chambers, Thomas",American,1808      ,1867      ,,http://vocab.getty.edu/page/ulan/500023474,https://www.wikidata.org/wiki/Q18508680,ca. 1850s,1847,1850,Oil on canvas,22 1/2 x 30 1/2 in. (57.2 x 77.5 cm),"Gift of Edgar William and Bernice Chrysler Garbisch, 1966",,,,,,,,,,,,,,http://www.metmuseum.org/art/collection/search/18354,https://www.wikidata.org/wiki/Q19924122,,"Metropolitan Museum of Art, New York, NY",Lakes|Landscapes|Villages|Boats,http://vocab.getty.edu/page/aat/300008680|http://vocab.getty.edu/page/aat/300132294|http://vocab.getty.edu/page/aat/300008372|http://vocab.getty.edu/page/aat/300178749,https://www.wikidata.org/wiki/Q23397|https://www.wikidata.org/wiki/Q191163|https://www.wikidata.org/wiki/Q532|https://www.wikidata.org/wiki/Q35872
21.164,True,True,False,19261,772,The American Wing,1921,Painting,"Central Park, Winter",American,,,,,16194,Artist, ,William James Glackens,"American, Philadelphia, Pennsylvania 1870–1938 Westport, Connecticut", ,"Glackens, William James",American,1870      ,1938      ,,http://vocab.getty.edu/page/ulan/500018884,https://www.wikidata.org/wiki/Q1339934,ca. 1905,1902,1908,Oil on canvas,"25 x 30 in. (63.5 x 76.2 cm)
","George A. Hearn Fund, 1921",,,,,,,,,,,,,,http://www.metmuseum.org/art/collection/search/19261,https://www.wikidata.org/wiki/Q20169773,,"Metropolitan Museum of Art, New York, NY",Parks|Children|Sledging|Winter|Snow,http://vocab.getty.edu/page/aat/300008187|http://vocab.getty.edu/page/aat/300025945| |http://vocab.getty.edu/page/aat/300133101|http://vocab.getty.edu/page/aat/300055381,https://www.wikidata.org/wiki/Q22698|https://www.wikidata.org/wiki/Q7569|https://www.wikidata.org/wiki/Q3266340|https://www.wikidata.org/wiki/Q1311|https://www.wikidata.org/wiki/Q7561
37.73,True,True,False,19294,,The American Wing,1937,Painting,The Green Car,American,,,,,16194,Artist, ,William James Glackens,"American, Philadelphia, Pennsylvania 1870–1938 Westport, Connecticut", ,"Glackens, William James",American,1870      ,1938      ,,http://vocab.getty.edu/page/ulan/500018884,https://www.wikidata.org/wiki/Q1339934,1910,1910,1910,Oil on canvas,24 x 32 in. (61 x 81.3 cm),"Arthur Hoppock Hearn Fund, 1937",,,,,,,,,,,,,,http://www.metmuseum.org/art/collection/search/19294,https://www.wikidata.org/wiki/Q19925447,,"Metropolitan Museum of Art, New York, NY",Human Figures|Cities|Snow|Streetcars,http://vocab.getty.edu/page/aat/300404114|http://vocab.getty.edu/page/aat/300008389|http://vocab.getty.edu/page/aat/300055381|http://vocab.getty.edu/page/aat/300212893,https://www.wikidata.org/wiki/Q5937779|https://www.wikidata.org/wiki/Q515|https://www.wikidata.org/wiki/Q7561|https://www.wikidata.org/wiki/Q3407658
50.47,True,True,False,19303,772,The American Wing,1950,Painting,Dutch Girl in White,American,,,,,16198,Artist, ,Robert Henri,"American, Cincinnati, Ohio 1865–1929 New York", ,"Henri, Robert",American,1865      ,1929      ,,http://vocab.getty.edu/page/ulan/500005486,https://www.wikidata.org/wiki/Q724860,1907,1907,1907,Oil on canvas,24 x 20 in. (61 x 50.8 cm),"Arthur Hoppock Hearn Fund, 1950",,,,,,,,,,,,,,http://www.metmuseum.org/art/collection/search/19303,https://www.wikidata.org/wiki/Q20170353,,"Metropolitan Museum of Art, New York, NY",Girls|Portraits,http://vocab.getty.edu/page/aat/300247581|http://vocab.getty.edu/page/aat/300015637,https://www.wikidata.org/wiki/Q3031|https://www.wikidata.org/wiki/Q134307
67.187.165,True,False,False,19346,751,The American Wing,1967,Painting,"The Monongahela River Valley, Pennsylvania",American,,,,,16525,Artist, ,John Kane,"America, West Calder, Scotland 1860–1934 Pittsburgh, Pennsylvania", ,"Kane, John","American, Scottish",1860      ,1934      ,,http://vocab.getty.edu/page/ulan/500002849,https://www.wikidata.org/wiki/Q6242451,1931,1931,1931,Oil on canvas,28 x 38 in. (71.1 x 96.5 cm),"Bequest of Miss Adelaide Milton de Groot (1876-1967), 1967",,,,,,,,,,,,,,http://www.metmuseum.org/art/collection/search/19346,https://www.wikidata.org/wiki/Q19925795,,"Metropolitan Museum of Art, New York, NY",Factories|Rivers|Landscapes|Ships|Trains,http://vocab.getty.edu/page/aat/300006232|http://vocab.getty.edu/page/aat/300008707|http://vocab.getty.edu/page/aat/300132294|http://vocab.getty.edu/page/aat/300082981|http://vocab.getty.edu/page/aat/300212738,https://www.wikidata.org/wiki/Q83405|https://www.wikidata.org/wiki/Q4022|https://www.wikidata.org/wiki/Q191163|https://www.wikidata.org/wiki/Q11446|https://www.wikidata.org/wiki/Q870
2013.604,True,False,True,20129,763,The American Wing,2013,Painting,Story of Golden Locks,American,,,,,256,Artist, ,Seymour Joseph Guy,"American (born England), London 1824–1910 New York", ,"Guy, Seymour Joseph","American, born England",1824      ,1910      ,,http://vocab.getty.edu/page/ulan/500023177,https://www.wikidata.org/wiki/Q16648954,ca. 1870,1867,1873,Oil on canvas,34 x 28 in. (86.4 x 71.1 cm),"Gift of Daniel Wolf and Mathew Wolf, in memory of their sister, the Honorable Diane R. Wolf, 2013",,,,,,,,,,,,,,http://www.metmuseum.org/art/collection/search/20129,https://www.wikidata.org/wiki/Q19924783,,"Metropolitan Museum of Art, New York, NY",Bedrooms|Boys|Girls|Reading,http://vocab.getty.edu/page/aat/300004364|http://vocab.getty.edu/page/aat/300247598|http://vocab.getty.edu/page/aat/300247581|http://vocab.getty.edu/page/aat/300248178,https://www.wikidata.org/wiki/Q193837|https://www.wikidata.org/wiki/Q3010|https://www.wikidata.org/wiki/Q3031|https://www.wikidata.org/wiki/Q199657
2009.243,True,False,True,20414,,The American Wing,2009,"Painting, miniature",Eye of Maria Miles Heyward,American,,,,,153,Artist, ,Edward Greene Malbone,1777–1807, ,"Malbone, Edward Greene",American,1777      ,1807      ,,http://vocab.getty.edu/page/ulan/500023492,https://www.wikidata.org/wiki/Q1292928,ca. 1802,1797,1807,Watercolor on ivory,3/8 in. (1 cm),"Dale T. Johnson Fund, 2009",,,,,,,,,,,,,,http://www.metmuseum.org/art/collection/search/20414,https://www.wikidata.org/wiki/Q20177846,,"Metropolitan Museum of Art, New York, NY",Eyes,http://vocab.getty.edu/page/aat/300400484,https://www.wikidata.org/wiki/Q7364
2010.105,True,True,True,20517,747,The American Wing,2010,Painting,Portrait of William Duguid,American,,,,,754,Artist, ,Prince Demah Barnes, , ,"Barnes, Demah Prince",American,          ,          ,,,https://www.wikidata.org/wiki/Q22343687,1773,1773,1773,Oil on canvas,"Canvas: 20 3/4 × 15 3/4 × 1 1/8 in. (52.7 × 40 × 2.9 cm)
Framed: 22 1/2 × 17 1/2 × 1 1/2 in. (57.2 × 44.5 × 3.8 cm)","Friends of the American Wing Fund, 2010",Made in,Boston,,,United States,,,,,,,,,http://www.metmuseum.org/art/collection/search/20517,https://www.wikidata.org/wiki/Q19924095,,"Metropolitan Museum of Art, New York, NY",Books|Men|Portraits,http://vocab.getty.edu/page/aat/300028051|http://vocab.getty.edu/page/aat/300025928|http://vocab.getty.edu/page/aat/300015637,https://www.wikidata.org/wiki/Q571|https://www.wikidata.org/wiki/Q8441|https://www.wikidata.org/wiki/Q134307
2019.11,True,False,True,20768,736,The American Wing,2019,Painting,The Thomas Hunt and the America,American,,,,,905,Artist, ,James Bard, ,", American (1815-1897)","Bard, James",American,          ,          ,,,,1852,1852,1852,Oil on canvas,34 1/4 × 64 1/2 in. (87 × 163.8 cm),"Purchase, Dr. Ernest G. Stillman Fund, by exchange, 2019",,,,,,,,,,,,,,http://www.metmuseum.org/art/collection/search/20768,https://www.wikidata.org/wiki/Q104413007,,"Metropolitan Museum of Art, New York, NY",Ships|Boats|Flags,http://vocab.getty.edu/page/aat/300082981|http://vocab.getty.edu/page/aat/300178749|http://vocab.getty.edu/page/aat/300195678,https://www.wikidata.org/wiki/Q11446|https://www.wikidata.org/wiki/Q35872|https://www.wikidata.org/wiki/Q14660
2016.797.19,True,False,True,20888,758,The American Wing,2016,Painting,Preparing for Christmas (Plucking Turkeys),American,,,,,16186,Artist, ,Francis William Edmonds,"American, Hudson, New York 1806–1863 Bronxville, New York", ,"Edmonds, Francis William",American,1806      ,1863      ,,http://vocab.getty.edu/page/ulan/500026117,https://www.wikidata.org/wiki/Q3680885,1851,1851,1851,Oil on canvas,23 × 33 in. (58.4 × 83.8 cm),"Bequest of Mrs. Screven Lorillard (Alice Whitney), from the collection of Mrs. J. Insley Blair, 2016",,,,,,,,,,,,,,http://www.metmuseum.org/art/collection/search/20888,https://www.wikidata.org/wiki/Q79012855,,"Metropolitan Museum of Art, New York, NY",Men|Turkeys|Genre Scene,http://vocab.getty.edu/page/aat/300025928|http://vocab.getty.edu/page/aat/300266497|http://vocab.getty.edu/page/aat/300139140,https://www.wikidata.org/wiki/Q8441|https://www.wikidata.org/wiki/Q848706|https://www.wikidata.org/wiki/Q214127
2013.454,True,True,False,20893,,The American Wing,2013,Painting,Alexander Hamilton,American,,,,,16256,Artist, ,John Trumbull,"American, Lebanon, Connecticut 1756–1843 New York", ,"Trumbull, John",American,1756      ,1843      ,,http://vocab.getty.edu/page/ulan/500016000,https://www.wikidata.org/wiki/Q369263,1792,1792,1792,Oil on canvas,"86 1/4 x 57 1/2 in. (219.1 x 146.1 cm)

","Jointly owned by Crystal Bridges Museum of American Art and The Metropolitan Museum of Art, Gift of Credit Suisse, 2013",,,,,,,,,,,,,,http://www.metmuseum.org/art/collection/search/20893,https://www.wikidata.org/wiki/Q19924921,,"Metropolitan Museum of Art, New York, NY",Men|Portraits,http://vocab.getty.edu/page/aat/300025928|http://vocab.getty.edu/page/aat/300015637,https://www.wikidata.org/wiki/Q8441|https://www.wikidata.org/wiki/Q134307
2015.401,True,True,True,21126,758,The American Wing,2015,Painting,Young Husband: First Marketing,American,,,,,348,Artist, ,Lilly Martin Spencer,1822–1902, ,"Spencer, Lilly Martin",American,1822      ,1902      ,Female,http://vocab.getty.edu/page/ulan/500016080,https://www.wikidata.org/wiki/Q2986384,1854,1854,1854,Oil on canvas,29 1/2 x 24 3/4 in. (74.9 x 62.9 cm),"Gift of Max N. Berry, 2015",,,,,,,,,,,,,,http://www.metmuseum.org/art/collection/search/21126,https://www.wikidata.org/wiki/Q29960993,,"Metropolitan Museum of Art, New York, NY",Food|Vegetables|Umbrellas|Men,http://vocab.getty.edu/page/aat/300254496|http://vocab.getty.edu/page/aat/300380162|http://vocab.getty.edu/page/aat/300046227|http://vocab.getty.edu/page/aat/300025928,https://www.wikidata.org/wiki/Q2095|https://www.wikidata.org/wiki/Q11004|https://www.wikidata.org/wiki/Q41607|https://www.wikidata.org/wiki/Q8441
1985.390.3,True,True,True,37800,253,Asian Art,1985,Painting,,Tibet,,,,,,,,,,,,,,,,,,late 15th century,1471,1499,"Distemper, gold and ink on cloth","Image: 40 3/8 x 31 1/4 in. (102.6 x 79.4 cm)
Framed: 51 3/8 x 41 9/16 in. (130.5 x 105.6 cm)","Gift of Margery and Harry Kahn, 1985",,,,,,,,,,,,Paintings,,http://www.metmuseum.org/art/collection/search/37800,https://www.wikidata.org/wiki/Q78917856,,"Metropolitan Museum of Art, New York, NY",Bodhisattvas|Buddhism|Avalokiteshvara|Buddha|Monks,http://vocab.getty.edu/page/aat/300264360|http://vocab.getty.edu/page/aat/300073738|http://vocab.getty.edu/page/ia/901000085|http://vocab.getty.edu/page/aat/300262950|http://vocab.getty.edu/page/aat/300025765,https://www.wikidata.org/wiki/Q178149|https://www.wikidata.org/wiki/Q748|https://www.wikidata.org/wiki/Q193849|https://www.wikidata.org/wiki/Q7055|https://www.wikidata.org/wiki/Q733786
1987.144,True,True,True,37801,,Asian Art,1987,Painting,,"Eastern Tibet, Kham, Riwoche monastery",,,,,,,,,,,,,,,,,,ca. 1350,1340,1360,Distemper on cloth,27 x 21 1/2 in. (68.6 x 54.6 cm),"Purchase, Friends of Asian Art Gifts, 1987",,,,,,,,,,,,Paintings,,http://www.metmuseum.org/art/collection/search/37801,https://www.wikidata.org/wiki/Q29383251,,"Metropolitan Museum of Art, New York, NY",Animals|Men|Portraits,http://vocab.getty.edu/page/aat/300249525|http://vocab.getty.edu/page/aat/300025928|http://vocab.getty.edu/page/aat/300015637,https://www.wikidata.org/wiki/Q729|https://www.wikidata.org/wiki/Q8441|https://www.wikidata.org/wiki/Q134307
1991.304,True,True,True,37971,253,Asian Art,1991,Painting,,Central Tibet,,,,,,,,,,,,,,,,,,ca. 1350,1340,1360,Distemper on cloth,Overall: 30 3/8 x 23 1/2 in. (77.2 x 59.7 cm),"Purchase, Miriam and Ira D. Wallach Philanthropic Fund Gift, 1991",,,,,,,,,,,,Paintings,,http://www.metmuseum.org/art/collection/search/37971,https://www.wikidata.org/wiki/Q78878792,,"Metropolitan Museum of Art, New York, NY",Portraits|Mythical Creatures|Elephants|Men|Buddhism,http://vocab.getty.edu/page/aat/300015637|http://vocab.getty.edu/page/aat/300375725|http://vocab.getty.edu/page/aat/300250160|http://vocab.getty.edu/page/aat/300025928|http://vocab.getty.edu/page/aat/300073738,https://www.wikidata.org/wiki/Q134307|https://www.wikidata.org/wiki/Q2239243|https://www.wikidata.org/wiki/Q7378|https://www.wikidata.org/wiki/Q8441|https://www.wikidata.org/wiki/Q748
1996.100.1,True,True,True,38038,,Asian Art,1996,Painting,,"India (Rajasthan, Kishangarh)",,,,,,,,,,,,,,,,,,ca. 1735,1735,1735,"Ink, opaque and transparent watercolor, and gold on paper","18 1/2 x 13 1/4 in. (47 x 33.7 cm)
","Fletcher Fund, 1996",,,,,,,,,,,,Paintings,,http://www.metmuseum.org/art/collection/search/38038,https://www.wikidata.org/wiki/Q78874784,,"Metropolitan Museum of Art, New York, NY",Musical Instruments|Women|Musicians|Music,http://vocab.getty.edu/page/aat/300041620|http://vocab.getty.edu/page/aat/300025943|http://vocab.getty.edu/page/aat/300025666|http://vocab.getty.edu/page/aat/300435214,https://www.wikidata.org/wiki/Q34379|https://www.wikidata.org/wiki/Q467|https://www.wikidata.org/wiki/Q639669|https://www.wikidata.org/wiki/Q638
1996.100.2,True,True,True,38039,,Asian Art,1996,Painting,,"India (Rajasthan, Bikaner)",,,,,,,,,,,,,,,,,,ca. 1725,1715,1735,"Ink, opaque watercolor, and silver on paper",Image: 21 1/2 x 11 1/2 in. (54.6 x 29.2 cm),"Fletcher Fund, 1996",,,,,,,,,,,,Paintings,,http://www.metmuseum.org/art/collection/search/38039,https://www.wikidata.org/wiki/Q78874708,,"Metropolitan Museum of Art, New York, NY",Goddess,http://vocab.getty.edu/page/aat/300343852,https://www.wikidata.org/wiki/Q205985
2001.344,True,True,True,61429,464,Asian Art,2001,Painting,,"Western India, Rajasthan, Mewar",,,,,1349,Artist, ,Tara,"Indian, active 1836–1870", ,Tara, ,1836      ,1870      ,,,,1845–46,1845,1846,"Opaque watercolor, ink, and gold on paper","Image: 16 3/4 x 22 3/4 in. (42.5 x 57.8 cm)
Sheet: 19 x 24 7/8 in. (48.3 x 63.2 cm)","Cynthia Hazen Polsky and Leon B. Polsky Fund, 2001",,,,,,,,,,,,Paintings,,http://www.metmuseum.org/art/collection/search/61429,https://www.wikidata.org/wiki/Q29383366,,"Metropolitan Museum of Art, New York, NY",Tents|Men|Dogs|Horses,http://vocab.getty.edu/page/aat/300005694|http://vocab.getty.edu/page/aat/300025928|http://vocab.getty.edu/page/aat/300265714|http://vocab.getty.edu/page/aat/300250148,https://www.wikidata.org/wiki/Q170544|https://www.wikidata.org/wiki/Q8441|https://www.wikidata.org/wiki/Q144|https://www.wikidata.org/wiki/Q726
2004.403,True,True,True,72589,,Asian Art,2004,Painting,,"India (Rajasthan, Mewar)",,,,,155421705,Artist|Artist, | ,Stipple Master|Jai Ram,"Indian, active ca. 1690–1715| ", |(?),Stipple Master|Ram Jai,Indian| ,1680      |          ,1725      |          ,|,|,|,ca. 1712,1712,1712,"Ink, opaque watercolor, gold, and Basra pearls on paper",8 1/4 x 7 1/2 in. (21 x 19 cm),"Cynthia Hazen Polsky and Leon B. Polsky Fund, 2004",,,,,,,,,,,,Paintings,,http://www.metmuseum.org/art/collection/search/72589,https://www.wikidata.org/wiki/Q78714570,,"Metropolitan Museum of Art, New York, NY",Kings|Men|Horses,http://vocab.getty.edu/page/aat/300025481|http://vocab.getty.edu/page/aat/300025928|http://vocab.getty.edu/page/aat/300250148,https://www.wikidata.org/wiki/Q12097|https://www.wikidata.org/wiki/Q8441|https://www.wikidata.org/wiki/Q726
1999.240,True,True,False,282883,,Photographs,1999,Painting,Border #8,,,,,,5582,Artist, ,Michal Rovner,"Israeli, born 1957", ,"Rovner, Michal",Israeli,1957      ,9999      ,Female,http://vocab.getty.edu/page/ulan/500114667,https://www.wikidata.org/wiki/Q1930439,1997–98,1997,1998,Paint on canvas,128.9 x 169.5 cm (50 3/4 x 66 3/4 in.),"Purchase, The Horace W. Goldsmith Foundation Gift, through Joyce and Robert Menschel, 1999",,,,,,,,,,,,Paintings,© Michal Rovner,http://www.metmuseum.org/art/collection/search/282883,https://www.wikidata.org/wiki/Q83541085,,"Metropolitan Museum of Art, New York, NY",Roads|Landscapes,http://vocab.getty.edu/page/aat/300008217|http://vocab.getty.edu/page/aat/300132294,https://www.wikidata.org/wiki/Q34442|https://www.wikidata.org/wiki/Q191163
1983.451,True,True,True,435600,,European Paintings,1983,Painting,Saint John on Patmos,,,,,,16164,Artist, ,Hans Baldung (called Hans Baldung Grien),"German, Schwäbisch Gmünd (?) 1484/85–1545 Strasbourg", ,"Baldung, Hans (called Hans Baldung Grien)",German,1484      ,1545      ,,http://vocab.getty.edu/page/ulan/500024290,https://www.wikidata.org/wiki/Q164696,ca. 1511,1506,1516,"Oil, gold, and white metal on spruce",Overall 35 1/4 x 30 1/4 in. (89.5 x 76.8 cm); painted surface 34 3/8 x 29 3/4 in. (87.3 x 75.6 cm),"Purchase, Rogers and Fletcher Funds; The Vincent Astor Foundation, The Dillon Fund, The Charles Engelhard Foundation, Lawrence A. Fleischman, Mrs. Henry J. Heinz II, The Willard T. C. Johnson Foundation Inc., Reliance Group Holdings Inc., Baron H. H. Thyssen-Bornemisza, and Mr. and Mrs. Charles Wrightsman Gifts; Joseph Pulitzer Bequest; special funds; and other gifts and bequests, by exchange, 1983                                                                                                                                                                                                                                                                                                                                                                                                                                                                                                                     ",,,,,,,,,,,,Paintings,,http://www.metmuseum.org/art/collection/search/435600,https://www.wikidata.org/wiki/Q19911455,,"Metropolitan Museum of Art, New York, NY",Eagles|Madonna and Child|Saint John the Evangelist|Saints|Writing,http://vocab.getty.edu/page/aat/300250049|http://vocab.getty.edu/page/ia/901000052|http://vocab.getty.edu/page/ia/901001171|http://vocab.getty.edu/page/aat/300150555|http://vocab.getty.edu/page/aat/300054698,https://www.wikidata.org/wiki/Q2092297|https://www.wikidata.org/wiki/Q9309699|https://www.wikidata.org/wiki/Q328804|https://www.wikidata.org/wiki/Q43115|https://www.wikidata.org/wiki/Q37260
89.21.1,True,True,True,435621,827,European Paintings,1889,Painting,Joan of Arc,,,,,,16165,Artist, ,Jules Bastien-Lepage,"French, Damvillers 1848–1884 Paris", ,"Bastien-Lepage, Jules",French,1848      ,1884      ,,http://vocab.getty.edu/page/ulan/500015744,https://www.wikidata.org/wiki/Q541859,1879,1879,1879,Oil on canvas,100 x 110 in. (254 x 279.4 cm),"Gift of Erwin Davis, 1889",,,,,,,,,,,,Paintings,,http://www.metmuseum.org/art/collection/search/435621,https://www.wikidata.org/wiki/Q16651190,,"Metropolitan Museum of Art, New York, NY",Gardens|Joan of Arc,http://vocab.getty.edu/page/aat/300008090|http://vocab.getty.edu/page/ulan/500343198,https://www.wikidata.org/wiki/Q1107656|https://www.wikidata.org/wiki/Q7226
08.183.1,True,True,True,435641,,European Paintings,1908,Painting,Madonna and Child,,,,,,16166,Artist, ,Giovanni Bellini,"Italian, Venice, active by 1459–died 1516 Venice", ,"Bellini, Giovanni",Italian,1459      ,1516      ,,http://vocab.getty.edu/page/ulan/500019244,https://www.wikidata.org/wiki/Q17169,late 1480s,1487,1489,Oil on wood,35 x 28 in. (88.9 x 71.1 cm),"Rogers Fund, 1908",,,,,,,,,,,,Paintings,,http://www.metmuseum.org/art/collection/search/435641,https://www.wikidata.org/wiki/Q19911447,,"Metropolitan Museum of Art, New York, NY",Infants|Women|Madonna|Madonna and Child|Jesus,http://vocab.getty.edu/page/aat/300189561|http://vocab.getty.edu/page/aat/300025943|http://vocab.getty.edu/page/ia/901000032|http://vocab.getty.edu/page/ia/901000052|http://vocab.getty.edu/page/ia/901000087,https://www.wikidata.org/wiki/Q998|https://www.wikidata.org/wiki/Q467|https://www.wikidata.org/wiki/Q345|https://www.wikidata.org/wiki/Q9309699|https://www.wikidata.org/wiki/Q302
87.25,True,True,True,435702,812,European Paintings,1887,Painting,The Horse Fair,,,,,,16169,Artist, ,Rosa Bonheur,"French, Bordeaux 1822–1899 Thomery", ,"Bonheur, Rosa",French,1822      ,1899      ,Female,http://vocab.getty.edu/page/ulan/500014964,https://www.wikidata.org/wiki/Q241732,1852–55,1852,1855,Oil on canvas,96 1/4 x 199 1/2 in. (244.5 x 506.7 cm),"Gift of Cornelius Vanderbilt, 1887",,,,,,,,,,,,Paintings,,http://www.metmuseum.org/art/collection/search/435702,https://www.wikidata.org/wiki/Q40432,,"Metropolitan Museum of Art, New York, NY",Men|Horses|Paris,http://vocab.getty.edu/page/aat/300025928|http://vocab.getty.edu/page/aat/300250148|http://vocab.getty.edu/page/tgn/7008038,https://www.wikidata.org/wiki/Q8441|https://www.wikidata.org/wiki/Q726|https://www.wikidata.org/wiki/Q90
14.40.642,True,True,True,435728,,European Paintings,1914,Painting,The Last Communion of Saint Jerome,,,,,,16170,Artist, ,Botticelli (Alessandro di Mariano Filipepi),"Italian, Florence 1444/45–1510 Florence", ,Botticelli (Alessandro di Mariano Filipepi),Italian,1444      ,1510      ,,http://vocab.getty.edu/page/ulan/500015254,https://www.wikidata.org/wiki/Q5669,early 1490s,1490,1493,Tempera and gold on wood,13 1/2 x 10 in. (34.3 x 25.4 cm),"Bequest of Benjamin Altman, 1913",,,,,,,,,,,,Paintings,,http://www.metmuseum.org/art/collection/search/435728,https://www.wikidata.org/wiki/Q3208203,,"Metropolitan Museum of Art, New York, NY",Saint Jerome|Monks|Crucifixion,http://vocab.getty.edu/page/ulan/500060933|http://vocab.getty.edu/page/aat/300025765|http://vocab.getty.edu/page/aat/300404300,https://www.wikidata.org/wiki/Q44248|https://www.wikidata.org/wiki/Q733786|https://www.wikidata.org/wiki/Q3235597
20.155.9,True,True,True,435739,,European Paintings,1920,"Painting, overdoor",The Toilette of Venus,,,,,,16170,Artist, ,François Boucher,"French, Paris 1703–1770 Paris", ,"Boucher, François",French,1703      ,1770      ,,http://vocab.getty.edu/page/ulan/500032143,https://www.wikidata.org/wiki/Q180932,1751,1751,1751,Oil on canvas,42 5/8 x 33 1/2 in. (108.3 x 85.1 cm),"Bequest of William K. Vanderbilt, 1920",,,,,,,,,,,,Paintings,,http://www.metmuseum.org/art/collection/search/435739,https://www.wikidata.org/wiki/Q19911802,,"Metropolitan Museum of Art, New York, NY",Female Nudes|Venus,http://vocab.getty.edu/page/aat/300189568|http://vocab.getty.edu/page/ia/901001064,https://www.wikidata.org/wiki/Q40446|https://www.wikidata.org/wiki/Q47652
29.100.16,True,True,True,435802,,European Paintings,1929,Painting,Portrait of a Young Man,,,,,,16172,Artist, ,Bronzino (Agnolo di Cosimo di Mariano),"Italian, Monticelli 1503–1572 Florence", ,Bronzino (Agnolo di Cosimo di Mariano),Italian,1503      ,1572      ,,http://vocab.getty.edu/page/ulan/500004362,https://www.wikidata.org/wiki/Q7803,1530s,1530,1539,Oil on wood,37 5/8 x 29 1/2 in. (95.6 x 74.9 cm),"H. O. Havemeyer Collection, Bequest of Mrs. H. O. Havemeyer, 1929",,,,,,,,,,,,Paintings,,http://www.metmuseum.org/art/collection/search/435802,https://www.wikidata.org/wiki/Q3937730,,"Metropolitan Museum of Art, New York, NY",Men|Portraits,http://vocab.getty.edu/page/aat/300025928|http://vocab.getty.edu/page/aat/300015637,https://www.wikidata.org/wiki/Q8441|https://www.wikidata.org/wiki/Q134307
19.164,True,True,True,435809,,European Paintings,1919,Painting,The Harvesters,,,,,,16172,Artist, ,Pieter Bruegel the Elder,"Netherlandish, Breda (?) ca. 1525–1569 Brussels", ,"Bruegel, Pieter, the Elder",Netherlandish,1525      ,1569      ,,http://vocab.getty.edu/page/ulan/500013247,https://www.wikidata.org/wiki/Q43270,1565,1565,1565,Oil on wood,"Overall, including added strips at top, bottom, and right, 46 7/8 x 63 3/4 in. (119 x 162 cm); original painted surface 45 7/8 x 62 7/8 in. (116.5 x 159.5 cm)","Rogers Fund, 1919",,,,,,,,,,,,Paintings,,http://www.metmuseum.org/art/collection/search/435809,https://www.wikidata.org/wiki/Q776175,,"Metropolitan Museum of Art, New York, NY",Food|Men|Women|Landscapes|Working|Eating,http://vocab.getty.edu/page/aat/300254496|http://vocab.getty.edu/page/aat/300025928|http://vocab.getty.edu/page/aat/300025943|http://vocab.getty.edu/page/aat/300132294|http://vocab.getty.edu/page/aat/300412186|http://vocab.getty.edu/page/aat/300375120,https://www.wikidata.org/wiki/Q2095|https://www.wikidata.org/wiki/Q8441|https://www.wikidata.org/wiki/Q467|https://www.wikidata.org/wiki/Q191163|https://www.wikidata.org/wiki/Q6958747|https://www.wikidata.org/wiki/Q213449
56.228,True,True,True,435817,,European Paintings,1956,Painting,The Crucifixion with the Virgin and Saint John,,,,,,10745,Artist, ,Hendrick ter Brugghen,"Dutch, The Hague? 1588–1629 Utrecht", ,"Brugghen, Hendrick ter",Dutch,1588      ,1629      ,,http://vocab.getty.edu/page/ulan/500029568,https://www.wikidata.org/wiki/Q437233,ca. 1624–25,1624,1625,Oil on canvas,61 in. × 40 1/4 in. (154.9 × 102.2 cm),"Funds from various donors, 1956",,,,,,,,,,,,Paintings,,http://www.metmuseum.org/art/collection/search/435817,https://www.wikidata.org/wiki/Q7728258,,"Metropolitan Museum of Art, New York, NY",Skulls|Saint John the Evangelist|Crucifixion|Christ|Virgin Mary,http://vocab.getty.edu/page/aat/300191856|http://vocab.getty.edu/page/ia/901001171|http://vocab.getty.edu/page/aat/300404300|http://vocab.getty.edu/page/ia/901000087|http://vocab.getty.edu/page/ia/901000032,https://www.wikidata.org/wiki/Q13147|https://www.wikidata.org/wiki/Q328804|https://www.wikidata.org/wiki/Q3235597|https://www.wikidata.org/wiki/Q642420|https://www.wikidata.org/wiki/Q345
47.26,True,True,True,435826,800,European Paintings,1947,Painting,The Love Song,,,,,,16172,Artist, ,Sir Edward Burne-Jones,"British, Birmingham 1833–1898 Fulham", ,"Burne-Jones, Edward, Sir",British,1833      ,1898      ,,http://vocab.getty.edu/page/ulan/500001381,https://www.wikidata.org/wiki/Q216406,1868–77,1868,1877,Oil on canvas,45 x 61 3/8 in. (114.3 x 155.9 cm),"The Alfred N. Punnett Endowment Fund, 1947",,,,,,,,,,,,Paintings,,http://www.metmuseum.org/art/collection/search/435826,https://www.wikidata.org/wiki/Q19822324,,"Metropolitan Museum of Art, New York, NY",Musical Instruments|Armor|Men|Women,http://vocab.getty.edu/page/aat/300041620|http://vocab.getty.edu/page/aat/300226591|http://vocab.getty.edu/page/aat/300025928|http://vocab.getty.edu/page/aat/300025943,https://www.wikidata.org/wiki/Q34379|https://www.wikidata.org/wiki/Q20793164|https://www.wikidata.org/wiki/Q8441|https://www.wikidata.org/wiki/Q467
1988.162,True,True,True,435839,,European Paintings,1988,Painting,Piazza San Marco,,,,,,16174,Artist, ,Canaletto (Giovanni Antonio Canal),"Italian, Venice 1697–1768 Venice", ,Canaletto (Giovanni Antonio Canal),Italian,1697      ,1768      ,,http://vocab.getty.edu/page/ulan/500115269,https://www.wikidata.org/wiki/Q182664,late 1720s,1727,1729,Oil on canvas,27 x 44 1/4 in. (68.6 x 112.4 cm),"Purchase, Mrs. Charles Wrightsman Gift, 1988",,,,,,,,,,,,Paintings,,http://www.metmuseum.org/art/collection/search/435839,https://www.wikidata.org/wiki/Q19660389,,"Metropolitan Museum of Art, New York, NY",Towers|Cities|Venice,http://vocab.getty.edu/page/aat/300004847|http://vocab.getty.edu/page/aat/300008389|http://vocab.getty.edu/page/tgn/7018159,https://www.wikidata.org/wiki/Q12518|https://www.wikidata.org/wiki/Q515|https://www.wikidata.org/wiki/Q641
52.81,True,True,True,435844,,European Paintings,1952,Painting,The Musicians,,,,,,16174,Artist, ,Caravaggio (Michelangelo Merisi),"Italian, Milan or Caravaggio 1571–1610 Porto Ercole", ,Caravaggio (Michelangelo Merisi),Italian,1571      ,1610      ,,http://vocab.getty.edu/page/ulan/500115312,https://www.wikidata.org/wiki/Q42207,1597,1597,1597,Oil on canvas,36 1/4 x 46 5/8 in. (92.1 x 118.4 cm),"Rogers Fund, 1952",,,,,,,,,,,,Paintings,,http://www.metmuseum.org/art/collection/search/435844,https://www.wikidata.org/wiki/Q655705,,"Metropolitan Museum of Art, New York, NY",Grapes|Men|Music|Lutes|Violins|Cupid|Musicians,http://vocab.getty.edu/page/aat/300379338|http://vocab.getty.edu/page/aat/300025928|http://vocab.getty.edu/page/aat/300435214|http://vocab.getty.edu/page/aat/300042101|http://vocab.getty.edu/page/aat/300042215|http://vocab.getty.edu/page/aat/300380105|http://vocab.getty.edu/page/aat/300025666,https://www.wikidata.org/wiki/Q10978|https://www.wikidata.org/wiki/Q8441|https://www.wikidata.org/wiki/Q638|https://www.wikidata.org/wiki/Q180733|https://www.wikidata.org/wiki/Q8355|https://www.wikidata.org/wiki/Q5011|https://www.wikidata.org/wiki/Q639669
11.118,True,True,True,435851,,European Paintings,1911,Painting,The Meditation on the Passion,,,,,,16174,Artist, ,Vittore Carpaccio,"Italian, Venice 1460/66?–1525/26 Venice", ,"Carpaccio, Vittore",Italian,1460      ,1526      ,,http://vocab.getty.edu/page/ulan/500015121,https://www.wikidata.org/wiki/Q5581,ca. 1490,1485,1495,Oil and tempera on wood,Overall 27 3/4 x 34 1/8in. (70.5 x 86.7cm); painted surface 26 3/16 × 33 1/4 in. (66.5 × 84.5 cm),"John Stewart Kennedy Fund, 1911",,,,,,,,,,,,Paintings,,http://www.metmuseum.org/art/collection/search/435851,https://www.wikidata.org/wiki/Q3853812,,"Metropolitan Museum of Art, New York, NY",Skulls|Men|Saint Jerome|Job|Christ,http://vocab.getty.edu/page/aat/300191856|http://vocab.getty.edu/page/aat/300025928|http://vocab.getty.edu/page/ulan/500060933|http://vocab.getty.edu/page/ia/901000836|http://vocab.getty.edu/page/ia/901000087,https://www.wikidata.org/wiki/Q13147|https://www.wikidata.org/wiki/Q8441|https://www.wikidata.org/wiki/Q44248|https://www.wikidata.org/wiki/Q179962|https://www.wikidata.org/wiki/Q642420
1971.155,True,True,True,435853,,European Paintings,1971,Painting,The Coronation of the Virgin,,,,,,16174,Artist, ,Annibale Carracci,"Italian, Bologna 1560–1609 Rome", ,"Carracci, Annibale",Italian,1560      ,1609      ,,http://vocab.getty.edu/page/ulan/500115350,https://www.wikidata.org/wiki/Q7824,after 1595,1595,1609,Oil on canvas,46 3/8 x 55 5/8 in. (117.8 x 141.3 cm),"Purchase, Bequest of Miss Adelaide Milton de Groot (1876-1967), by exchange, and Dr. and Mrs. Manuel Porter and sons Gift, in honor of Mrs. Sarah Porter, 1971",,,,,,,,,,,,Paintings,,http://www.metmuseum.org/art/collection/search/435853,https://www.wikidata.org/wiki/Q19911518,,"Metropolitan Museum of Art, New York, NY",Musical Instruments|Doves|Gods|Virgin Mary,http://vocab.getty.edu/page/aat/300041620|http://vocab.getty.edu/page/aat/300250045|http://vocab.getty.edu/page/aat/300343851|http://vocab.getty.edu/page/ia/901000032,https://www.wikidata.org/wiki/Q34379|https://www.wikidata.org/wiki/Q2984138|https://www.wikidata.org/wiki/Q178885|https://www.wikidata.org/wiki/Q345
61.101.1,True,True,True,435868,826,European Paintings,1961,Painting,The Card Players,,,,,,16176,Artist, ,Paul Cézanne,"French, Aix-en-Provence 1839–1906 Aix-en-Provence", ,"Cézanne, Paul",French,1839      ,1906      ,,http://vocab.getty.edu/page/ulan/500004793,https://www.wikidata.org/wiki/Q35548,1890–92,1890,1892,Oil on canvas,25 3/4 x 32 1/4 in. (65.4 x 81.9 cm),"Bequest of Stephen C. Clark, 1960",,,,,,,,,,,,Paintings,,http://www.metmuseum.org/art/collection/search/435868,https://www.wikidata.org/wiki/Q19911459,,"Metropolitan Museum of Art, New York, NY",Men|Playing Cards|Smoking|Games|Pipes,http://vocab.getty.edu/page/aat/300025928|http://vocab.getty.edu/page/aat/300211294|http://vocab.getty.edu/page/aat/300380156|http://vocab.getty.edu/page/aat/300069657|http://vocab.getty.edu/page/aat/300248067,https://www.wikidata.org/wiki/Q8441|https://www.wikidata.org/wiki/Q47883|https://www.wikidata.org/wiki/Q662860|https://www.wikidata.org/wiki/Q11410|https://www.wikidata.org/wiki/Q104526
62.45,True,False,True,435876,,European Paintings,1962,Painting,"Madame Cézanne (Hortense Fiquet, 1850–1922) in a Red Dress",,,,,,16176,Artist, ,Paul Cézanne,"French, Aix-en-Provence 1839–1906 Aix-en-Provence", ,"Cézanne, Paul",French,1839      ,1906      ,,http://vocab.getty.edu/page/ulan/500004793,https://www.wikidata.org/wiki/Q35548,1888–90,1888,1890,Oil on canvas,"45 7/8 × 35 1/4 in. (116.5 × 89.5 cm)
","The Mr. and Mrs. Henry Ittleson Jr. Purchase Fund, 1962",,,,,,,,,,,,Paintings,,http://www.metmuseum.org/art/collection/search/435876,https://www.wikidata.org/wiki/Q20167086,,"Metropolitan Museum of Art, New York, NY",Portraits|Women,http://vocab.getty.edu/page/aat/300015637|http://vocab.getty.edu/page/aat/300025943,https://www.wikidata.org/wiki/Q134307|https://www.wikidata.org/wiki/Q467
51.112.1,True,True,True,435882,826,European Paintings,1951,Painting,Still Life with Apples and a Pot of Primroses,,,,,,16176,Artist, ,Paul Cézanne,"French, Aix-en-Provence 1839–1906 Aix-en-Provence", ,"Cézanne, Paul",French,1839      ,1906      ,,http://vocab.getty.edu/page/ulan/500004793,https://www.wikidata.org/wiki/Q35548,ca. 1890,1885,1895,Oil on canvas,28 3/4 x 36 3/8 in. (73 x 92.4 cm),"Bequest of Sam A. Lewisohn, 1951",,,,,,,,,,,,Paintings,,http://www.metmuseum.org/art/collection/search/435882,https://www.wikidata.org/wiki/Q19904841,,"Metropolitan Museum of Art, New York, NY",Apples|Flowers|Still Life,http://vocab.getty.edu/page/aat/300266417|http://vocab.getty.edu/page/aat/300132399|http://vocab.getty.edu/page/aat/300015638,https://www.wikidata.org/wiki/Q89|https://www.wikidata.org/wiki/Q506|https://www.wikidata.org/wiki/Q170571
49.24,True,True,True,435888,,European Paintings,1949,Painting,Soap Bubbles,,,,,,16554,Artist, ,Jean Siméon Chardin,"French, Paris 1699–1779 Paris", ,"Chardin, Jean Siméon",French,1699      ,1779      ,,http://vocab.getty.edu/page/ulan/500115331,https://www.wikidata.org/wiki/Q207447,ca. 1733–34,1733,1734,Oil on canvas,24 x 24 7/8 in. (61 x 63.2 cm),"Wentworth Fund, 1949",,,,,,,,,,,,Paintings,,http://www.metmuseum.org/art/collection/search/435888,https://www.wikidata.org/wiki/Q19911699,,"Metropolitan Museum of Art, New York, NY",Boys|Men|Bubbles,http://vocab.getty.edu/page/aat/300247598|http://vocab.getty.edu/page/aat/300025928| ,https://www.wikidata.org/wiki/Q3010|https://www.wikidata.org/wiki/Q8441|https://www.wikidata.org/wiki/Q75794
49.7.19,True,True,True,435896,,European Paintings,1949,Painting,Portrait of a Carthusian,,,,,,16177,Artist, ,Petrus Christus,"Netherlandish, Baarle-Hertog (Baerle-Duc), active by 1444–died 1475/76 Bruges", ,"Christus, Petrus",Netherlandish,1444      ,1476      ,,http://vocab.getty.edu/page/ulan/500032549,https://www.wikidata.org/wiki/Q312616,1446,1446,1446,Oil on wood,Overall 11 1/2 x 8 1/2 in. (29.2 x 21.6 cm); painted surface 11 1/2 x 7 3/8 in. (29.2 x 18.7 cm),"The Jules Bache Collection, 1949",,,,,,,,,,,,Paintings,,http://www.metmuseum.org/art/collection/search/435896,https://www.wikidata.org/wiki/Q7232319,,"Metropolitan Museum of Art, New York, NY",Men|Portraits|Monks,http://vocab.getty.edu/page/aat/300025928|http://vocab.getty.edu/page/aat/300015637|http://vocab.getty.edu/page/aat/300025765,https://www.wikidata.org/wiki/Q8441|https://www.wikidata.org/wiki/Q134307|https://www.wikidata.org/wiki/Q733786
55.119,True,True,True,435908,,European Paintings,1955,Painting,The Trojan Women Setting Fire to Their Fleet,,,,,,16177,Artist, ,Claude Lorrain (Claude Gellée),"French, Chamagne 1604/5?–1682 Rome", ,Claude Lorrain (Claude Gellée),French,1604      ,1682      ,,http://vocab.getty.edu/page/ulan/500115366,https://www.wikidata.org/wiki/Q214074,ca. 1643,1643,1643,Oil on canvas,41 3/8 x 59 7/8 in. (105.1 x 152.1 cm),"Fletcher Fund, 1955",,,,,,,,,,,,Paintings,,http://www.metmuseum.org/art/collection/search/435908,https://www.wikidata.org/wiki/Q19911726,,"Metropolitan Museum of Art, New York, NY",Women|Ships|Aeneid,http://vocab.getty.edu/page/aat/300025943|http://vocab.getty.edu/page/aat/300082981|http://vocab.getty.edu/page/ia/901002135,https://www.wikidata.org/wiki/Q467|https://www.wikidata.org/wiki/Q11446|https://www.wikidata.org/wiki/Q60220
38.64,True,True,True,435962,803,European Paintings,1938,Painting,Hagar in the Wilderness,,,,,,16178,Artist, ,Camille Corot,"French, Paris 1796–1875 Paris", ,"Corot, Camille",French,1796      ,1875      ,,http://vocab.getty.edu/page/ulan/500115390,https://www.wikidata.org/wiki/Q148475,1835,1835,1835,Oil on canvas,71 x 106 1/2 in. (180.3 x 270.5 cm),"Rogers Fund, 1938",,,,,,,,,,,,Paintings,,http://www.metmuseum.org/art/collection/search/435962,https://www.wikidata.org/wiki/Q18177483,,"Metropolitan Museum of Art, New York, NY",Children|Women|Landscapes,http://vocab.getty.edu/page/aat/300025945|http://vocab.getty.edu/page/aat/300025943|http://vocab.getty.edu/page/aat/300132294,https://www.wikidata.org/wiki/Q7569|https://www.wikidata.org/wiki/Q467|https://www.wikidata.org/wiki/Q191163
29.100.565,True,True,True,435984,803,European Paintings,1929,Painting,Sibylle,,,,,,16178,Artist, ,Camille Corot,"French, Paris 1796–1875 Paris", ,"Corot, Camille",French,1796      ,1875      ,,http://vocab.getty.edu/page/ulan/500115390,https://www.wikidata.org/wiki/Q148475,ca. 1870,1865,1875,Oil on canvas,32 1/4 x 25 1/2 in. (81.9 x 64.8 cm),"H. O. Havemeyer Collection, Bequest of Mrs. H. O. Havemeyer, 1929",,,,,,,,,,,,Paintings,,http://www.metmuseum.org/art/collection/search/435984,https://www.wikidata.org/wiki/Q19905179,,"Metropolitan Museum of Art, New York, NY",Women,http://vocab.getty.edu/page/aat/300025943,https://www.wikidata.org/wiki/Q467
29.100.57,True,True,True,436002,811,European Paintings,1929,Painting,Woman with a Parrot,,,,,,16179,Artist, ,Gustave Courbet,"French, Ornans 1819–1877 La Tour-de-Peilz", ,"Courbet, Gustave",French,1819      ,1877      ,,http://vocab.getty.edu/page/ulan/500010927,https://www.wikidata.org/wiki/Q34618,1866,1866,1866,Oil on canvas,51 x 77 in. (129.5 x 195.6 cm),"H. O. Havemeyer Collection, Bequest of Mrs. H. O. Havemeyer, 1929",,,,,,,,,,,,Paintings,,http://www.metmuseum.org/art/collection/search/436002,https://www.wikidata.org/wiki/Q8030760,,"Metropolitan Museum of Art, New York, NY",Female Nudes|Parrots,http://vocab.getty.edu/page/aat/300189568|http://vocab.getty.edu/page/aat/300250076,https://www.wikidata.org/wiki/Q40446|https://www.wikidata.org/wiki/Q15548309
28.221,True,True,True,436037,,European Paintings,1928,Painting,The Judgment of Paris,,,,,,16179,Artist, ,Lucas Cranach the Elder,"German, Kronach 1472–1553 Weimar", ,"Cranach, Lucas, the Elder",German,1472      ,1553      ,,http://vocab.getty.edu/page/ulan/500115364,https://www.wikidata.org/wiki/Q191748,ca. 1528,1523,1533,Oil on beech,40 1/8 x 28in. (101.9 x 71.1cm),"Rogers Fund, 1928",,,,,,,,,,,,Paintings,,http://www.metmuseum.org/art/collection/search/436037,https://www.wikidata.org/wiki/Q19911452,,"Metropolitan Museum of Art, New York, NY",Men|Female Nudes|Cupid|Juno|Minerva|Venus|Paris|Horses,http://vocab.getty.edu/page/aat/300025928|http://vocab.getty.edu/page/aat/300189568|http://vocab.getty.edu/page/aat/300380105|http://vocab.getty.edu/page/ia/901001346|http://vocab.getty.edu/page/ia/901001041|http://vocab.getty.edu/page/ia/901001064|http://vocab.getty.edu/page/ia/901001347|http://vocab.getty.edu/page/aat/300250148,https://www.wikidata.org/wiki/Q8441|https://www.wikidata.org/wiki/Q40446|https://www.wikidata.org/wiki/Q5011|https://www.wikidata.org/wiki/Q125046|https://www.wikidata.org/wiki/Q126916|https://www.wikidata.org/wiki/Q47652|https://www.wikidata.org/wiki/Q167646|https://www.wikidata.org/wiki/Q726
29.100.129,True,True,True,436095,802,European Paintings,1929,Painting,The Third-Class Carriage,,,,,,16180,Artist, ,Honoré Daumier,"French, Marseilles 1808–1879 Valmondois", ,"Daumier, Honoré",French,1808      ,1879      ,,http://vocab.getty.edu/page/ulan/500117998,https://www.wikidata.org/wiki/Q187506,ca. 1862–64,1862,1864,Oil on canvas,25 3/4 x 35 1/2 in. (65.4 x 90.2 cm),"H. O. Havemeyer Collection, Bequest of Mrs. H. O. Havemeyer, 1929",,,,,,,,,,,,Paintings,,http://www.metmuseum.org/art/collection/search/436095,https://www.wikidata.org/wiki/Q3228340,,"Metropolitan Museum of Art, New York, NY",Children|Men|Women|Trains|Nursing,http://vocab.getty.edu/page/aat/300025945|http://vocab.getty.edu/page/aat/300025928|http://vocab.getty.edu/page/aat/300025943|http://vocab.getty.edu/page/aat/300212738|http://vocab.getty.edu/page/aat/300379905,https://www.wikidata.org/wiki/Q7569|https://www.wikidata.org/wiki/Q8441|https://www.wikidata.org/wiki/Q467|https://www.wikidata.org/wiki/Q870|https://www.wikidata.org/wiki/Q174876
49.7.21,True,True,True,436101,,European Paintings,1949,Painting,The Rest on the Flight into Egypt,,,,,,16181,Artist, ,Gerard David,"Netherlandish, Oudewater ca. 1455–1523 Bruges", ,"David, Gerard",Netherlandish,1455      ,1523      ,,http://vocab.getty.edu/page/ulan/500025998,https://www.wikidata.org/wiki/Q333380,ca. 1512–15,1512,1515,Oil on wood,"21 in. × 15 11/16 in. (53.3 × 39.8 cm)
","The Jules Bache Collection, 1949",,,,,,,,,,,,Paintings,,http://www.metmuseum.org/art/collection/search/436101,https://www.wikidata.org/wiki/Q19911632,,"Metropolitan Museum of Art, New York, NY",Madonna and Child|Jesus|Nursing|Virgin Mary,http://vocab.getty.edu/page/ia/901000052|http://vocab.getty.edu/page/ia/901000087|http://vocab.getty.edu/page/aat/300379905|http://vocab.getty.edu/page/ia/901000032,https://www.wikidata.org/wiki/Q9309699|https://www.wikidata.org/wiki/Q302|https://www.wikidata.org/wiki/Q174876|https://www.wikidata.org/wiki/Q345
31.45,True,True,True,436105,,European Paintings,1931,Painting,The Death of Socrates,,,,,,16181,Artist, ,Jacques Louis David,"French, Paris 1748–1825 Brussels", ,"David, Jacques Louis",French,1748      ,1825      ,,http://vocab.getty.edu/page/ulan/500115221,https://www.wikidata.org/wiki/Q83155,1787,1787,1787,Oil on canvas,51 x 77 1/4 in. (129.5 x 196.2 cm),"Catharine Lorillard Wolfe Collection, Wolfe Fund, 1931",,,,,,,,,,,,Paintings,,http://www.metmuseum.org/art/collection/search/436105,https://www.wikidata.org/wiki/Q1752990,,"Metropolitan Museum of Art, New York, NY",Socrates|Men|Lyres,http://vocab.getty.edu/page/ulan/500260248|http://vocab.getty.edu/page/aat/300025928|http://vocab.getty.edu/page/aat/300042114,https://www.wikidata.org/wiki/Q913|https://www.wikidata.org/wiki/Q8441|https://www.wikidata.org/wiki/Q201129
1977.10,True,True,True,436106,,European Paintings,1977,Painting,"Antoine Laurent Lavoisier (1743–1794) and Marie Anne Lavoisier (Marie Anne Pierrette Paulze, 1758–1836)",,,,,,16181,Artist, ,Jacques Louis David,"French, Paris 1748–1825 Brussels", ,"David, Jacques Louis",French,1748      ,1825      ,,http://vocab.getty.edu/page/ulan/500115221,https://www.wikidata.org/wiki/Q83155,1788,1788,1788,Oil on canvas,102 1/4 x 76 5/8 in. (259.7 x 194.6 cm),"Purchase, Mr. and Mrs. Charles Wrightsman Gift, in honor of Everett Fahy, 1977",,,,,,,,,,,,Paintings,,http://www.metmuseum.org/art/collection/search/436106,https://www.wikidata.org/wiki/Q613928,,"Metropolitan Museum of Art, New York, NY",Couples|Men|Portraits|Women|Scientists|Chemistry,http://vocab.getty.edu/page/aat/300379217|http://vocab.getty.edu/page/aat/300025928|http://vocab.getty.edu/page/aat/300015637|http://vocab.getty.edu/page/aat/300025943|http://vocab.getty.edu/page/aat/300025788|http://vocab.getty.edu/page/aat/300054537,https://www.wikidata.org/wiki/Q219160|https://www.wikidata.org/wiki/Q8441|https://www.wikidata.org/wiki/Q134307|https://www.wikidata.org/wiki/Q467|https://www.wikidata.org/wiki/Q901|https://www.wikidata.org/wiki/Q2329
29.100.128,True,True,True,436121,,European Paintings,1929,Painting,A Woman Seated beside a Vase of Flowers (Madame Paul Valpinçon?),,,,,,16182,Artist, ,Edgar Degas,"French, Paris 1834–1917 Paris", ,"Degas, Edgar",French,1834      ,1917      ,,http://vocab.getty.edu/page/ulan/500115194,https://www.wikidata.org/wiki/Q46373,1865,1865,1865,"Oil on canvas
",29 x 36 1/2 in. (73.7 x 92.7 cm),"H. O. Havemeyer Collection, Bequest of Mrs. H. O. Havemeyer, 1929",,,,,,,,,,,,Paintings,,http://www.metmuseum.org/art/collection/search/436121,https://www.wikidata.org/wiki/Q3713914,,"Metropolitan Museum of Art, New York, NY",Women|Flowers|Pitchers,http://vocab.getty.edu/page/aat/300025943|http://vocab.getty.edu/page/aat/300132399|http://vocab.getty.edu/page/aat/300194765,https://www.wikidata.org/wiki/Q467|https://www.wikidata.org/wiki/Q506|https://www.wikidata.org/wiki/Q132397
14.40.633,True,True,True,436244,,European Paintings,1914,Painting,Virgin and Child with Saint Anne,,,,,,16185,Artist, ,Albrecht Dürer,"German, Nuremberg 1471–1528 Nuremberg", ,"Dürer, Albrecht",German,1471      ,1528      ,,http://vocab.getty.edu/page/ulan/500115493,https://www.wikidata.org/wiki/Q5580,probably 1519,1519,1519,Oil on linden,23 5/8 x 19 5/8 in. (60 x 49.8 cm),"Bequest of Benjamin Altman, 1913",,,,,,,,,,,,Paintings,,http://www.metmuseum.org/art/collection/search/436244,https://www.wikidata.org/wiki/Q3948737,,"Metropolitan Museum of Art, New York, NY",Madonna and Child|Saint Anne,http://vocab.getty.edu/page/ia/901000052|http://vocab.getty.edu/page/ia/901001010,https://www.wikidata.org/wiki/Q9309699|https://www.wikidata.org/wiki/Q164294
14.40.619,True,True,True,436253,,European Paintings,1914,Painting,Lucas van Uffel (died 1637),,,,,,16185,Artist, ,Anthony van Dyck,"Flemish, Antwerp 1599–1641 London", ,"Dyck, Anthony van",Flemish,1599      ,1641      ,,http://vocab.getty.edu/page/ulan/500115190,https://www.wikidata.org/wiki/Q150679,ca. 1622,1621,1627,Oil on canvas,49 x 39 5/8 in. (124.5 x 100.6 cm),"Bequest of Benjamin Altman, 1913",,,,,,,,,,,,Paintings,,http://www.metmuseum.org/art/collection/search/436253,https://www.wikidata.org/wiki/Q19911598,,"Metropolitan Museum of Art, New York, NY",Musical Instruments|Men|Portraits|Globes,http://vocab.getty.edu/page/aat/300041620|http://vocab.getty.edu/page/aat/300025928|http://vocab.getty.edu/page/aat/300015637|http://vocab.getty.edu/page/aat/300028089,https://www.wikidata.org/wiki/Q34379|https://www.wikidata.org/wiki/Q8441|https://www.wikidata.org/wiki/Q134307|https://www.wikidata.org/wiki/Q133792
33.92ab,True,True,True,436282,,European Paintings,1933,"Painting, diptych",The Crucifixion; The Last Judgment,,,,,,16187,Artist, ,Jan van Eyck,"Netherlandish, Maaseik ca. 1390–1441 Bruges",and Workshop Assistant,"Eyck, Jan van",Netherlandish,1390      ,1441      ,,http://vocab.getty.edu/page/ulan/500116209,https://www.wikidata.org/wiki/Q102272,ca. 1440–41,1440,1441,"Oil on canvas, transferred from wood",Each 22 1/4 x 7 2/3 in. (56.5 x 19.7 cm),"Fletcher Fund, 1933",,,,,,,,,,,,Paintings,,http://www.metmuseum.org/art/collection/search/436282,https://www.wikidata.org/wiki/Q574004,,"Metropolitan Museum of Art, New York, NY",Skeletons|Men|Mary Magdalene|Crucifixion|Last Judgement|Angels|Christ|Virgin Mary,http://vocab.getty.edu/page/aat/300191778|http://vocab.getty.edu/page/aat/300025928|http://vocab.getty.edu/page/ia/901000161|http://vocab.getty.edu/page/aat/300404300|http://vocab.getty.edu/page/ia/901001027|http://vocab.getty.edu/page/aat/300379004|http://vocab.getty.edu/page/ia/901000087|http://vocab.getty.edu/page/ia/901000032,https://www.wikidata.org/wiki/Q7881|https://www.wikidata.org/wiki/Q8441|https://www.wikidata.org/wiki/Q63070|https://www.wikidata.org/wiki/Q3235597|https://www.wikidata.org/wiki/Q1821239|https://www.wikidata.org/wiki/Q235113|https://www.wikidata.org/wiki/Q642420|https://www.wikidata.org/wiki/Q345
37.118,True,True,True,436323,,European Paintings,1937,Painting,Marie Emilie Coignet de Courson (1716–1806) with a Dog,,,,,,16555,Artist, ,Jean Honoré Fragonard,"French, Grasse 1732–1806 Paris", ,"Fragonard, Jean Honoré",French,1732      ,1806      ,,http://vocab.getty.edu/page/ulan/500115329,https://www.wikidata.org/wiki/Q127171,ca. 1769,1764,1774,Oil on canvas,32 x 25 3/4 in. (81.3 x 65.4 cm),"Fletcher Fund, 1937",,,,,,,,,,,,Paintings,,http://www.metmuseum.org/art/collection/search/436323,https://www.wikidata.org/wiki/Q19911872,,"Metropolitan Museum of Art, New York, NY",Portraits|Women|Dogs,http://vocab.getty.edu/page/aat/300015637|http://vocab.getty.edu/page/aat/300025943|http://vocab.getty.edu/page/aat/300265714,https://www.wikidata.org/wiki/Q134307|https://www.wikidata.org/wiki/Q467|https://www.wikidata.org/wiki/Q144
50.145.17,True,False,True,436440,,European Paintings,1950,Painting,Cottage Children (The Wood Gatherers),,,,,,16619,Artist, ,Thomas Gainsborough,"British, Sudbury 1727–1788 London", ,"Gainsborough, Thomas",British,1727      ,1788      ,,http://vocab.getty.edu/page/ulan/500115200,https://www.wikidata.org/wiki/Q192720,1787,1787,1787,Oil on canvas,58 1/8 x 47 3/8 in. (147.6 x 120.3 cm),"Bequest of Mary Stillman Harkness, 1950",,,,,,,,,,,,Paintings,,http://www.metmuseum.org/art/collection/search/436440,https://www.wikidata.org/wiki/Q19905122,,"Metropolitan Museum of Art, New York, NY",Children|Boys|Girls,http://vocab.getty.edu/page/aat/300025945|http://vocab.getty.edu/page/aat/300247598|http://vocab.getty.edu/page/aat/300247581,https://www.wikidata.org/wiki/Q7569|https://www.wikidata.org/wiki/Q3010|https://www.wikidata.org/wiki/Q3031
11.126.1,True,True,True,436504,,European Paintings,1911,Painting,The Adoration of the Magi,,,,,,10770,Artist, ,Giotto di Bondone,"Italian, Florentine, 1266/76–1337", ,Giotto di Bondone,Italian,1266      ,1337      ,,http://vocab.getty.edu/page/ulan/500010766,https://www.wikidata.org/wiki/Q7814,possibly ca. 1320,1315,1325,"Tempera on wood, gold ground",17 3/4 x 17 1/4 in. (45.1 x 43.8 cm),"John Stewart Kennedy Fund, 1911",,,,,,,,,,,,Paintings,,http://www.metmuseum.org/art/collection/search/436504,https://www.wikidata.org/wiki/Q19911414,,"Metropolitan Museum of Art, New York, NY",Animals|Jesus|Adoration of the Magi|Angels,http://vocab.getty.edu/page/aat/300249525|http://vocab.getty.edu/page/ia/901000087|http://vocab.getty.edu/page/ia/901000083|http://vocab.getty.edu/page/aat/300379004,https://www.wikidata.org/wiki/Q729|https://www.wikidata.org/wiki/Q302|https://www.wikidata.org/wiki/Q488841|https://www.wikidata.org/wiki/Q235113
1995.7,True,True,True,436516,,European Paintings,1995,"Painting, birth tray",The Triumph of Fame; (reverse) Impresa of the Medici Family and Arms of the Medici and Tornabuoni Families,,,,,,10851,Artist, ,Giovanni di ser Giovanni Guidi (called Scheggia),"Italian, San Giovanni Valdarno 1406–1486 Florence", ,Giovanni di ser Giovanni Guidi (called Scheggia),Italian,1406      ,1486      ,,http://vocab.getty.edu/page/ulan/500022041,https://www.wikidata.org/wiki/Q2738832,ca. 1449,1444,1454,"Tempera, silver, and gold on wood","Overall, with engaged frame, diameter 36 1/2 in. (92.7 cm); recto, painted surface, diameter 24 5/8 in. (62.5 cm); verso, painted surface, diameter 29 5/8 in. (75.2 cm)","Purchase in memory of Sir John Pope-Hennessy: Rogers Fund, The Annenberg Foundation, Drue Heinz Foundation, Annette de la Renta, Mr. and Mrs. Frank E. Richardson, and The Vincent Astor Foundation Gifts, Wrightsman and Gwynne Andrews Funds, special funds, and Gift of the children of Mrs. Harry Payne Whitney, Gift of Mr. and Mrs. Joshua Logan, and other gifts and bequests, by exchange, 1995",,,,,,,,,,,,Paintings,,http://www.metmuseum.org/art/collection/search/436516,https://www.wikidata.org/wiki/Q3998939,,"Metropolitan Museum of Art, New York, NY",Animals|Horses|Armor|Men|Dogs,http://vocab.getty.edu/page/aat/300249525|http://vocab.getty.edu/page/aat/300250148|http://vocab.getty.edu/page/aat/300226591|http://vocab.getty.edu/page/aat/300025928|http://vocab.getty.edu/page/aat/300265714,https://www.wikidata.org/wiki/Q729|https://www.wikidata.org/wiki/Q726|https://www.wikidata.org/wiki/Q20793164|https://www.wikidata.org/wiki/Q8441|https://www.wikidata.org/wiki/Q144
58.187,True,True,True,436528,,European Paintings,1958,Painting,Irises,,,,,,16194,Artist, ,Vincent van Gogh,"Dutch, Zundert 1853–1890 Auvers-sur-Oise", ,"Gogh, Vincent van",Dutch,1853      ,1890      ,,http://vocab.getty.edu/page/ulan/500115588,https://www.wikidata.org/wiki/Q5582,1890,1890,1890,Oil on canvas,29 x 36 1/4 in. (73.7 x 92.1 cm),"Gift of Adele R. Levy, 1958",,,,,,,,,,,,Paintings,,http://www.metmuseum.org/art/collection/search/436528,https://www.wikidata.org/wiki/Q19911667,,"Metropolitan Museum of Art, New York, NY",Flowers|Still Life,http://vocab.getty.edu/page/aat/300132399|http://vocab.getty.edu/page/aat/300015638,https://www.wikidata.org/wiki/Q506|https://www.wikidata.org/wiki/Q170571
67.187.70a,True,True,True,436532,825,European Paintings,1967,Painting,Self-Portrait with a Straw Hat (obverse: The Potato Peeler),,,,,,16194,Artist, ,Vincent van Gogh,"Dutch, Zundert 1853–1890 Auvers-sur-Oise", ,"Gogh, Vincent van",Dutch,1853      ,1890      ,,http://vocab.getty.edu/page/ulan/500115588,https://www.wikidata.org/wiki/Q5582,1887,1887,1887,Oil on canvas,16 x 12 1/2 in. (40.6 x 31.8 cm),"Bequest of Miss Adelaide Milton de Groot (1876-1967), 1967",,,,,,,,,,,,Paintings,,http://www.metmuseum.org/art/collection/search/436532,https://www.wikidata.org/wiki/Q19911684,,"Metropolitan Museum of Art, New York, NY",Men|Self-portraits,http://vocab.getty.edu/page/aat/300025928|http://vocab.getty.edu/page/aat/300124534,https://www.wikidata.org/wiki/Q8441|https://www.wikidata.org/wiki/Q192110
1993.132,True,True,True,436535,199,European Paintings,1993,Painting,Wheat Field with Cypresses,,,,,,16194,Artist, ,Vincent van Gogh,"Dutch, Zundert 1853–1890 Auvers-sur-Oise", ,"Gogh, Vincent van",Dutch,1853      ,1890      ,,http://vocab.getty.edu/page/ulan/500115588,https://www.wikidata.org/wiki/Q5582,June 1889,1889,1889,Oil on canvas,28 7/8 × 36 3/4 in. (73.2 × 93.4 cm),"Purchase, The Annenberg Foundation Gift, 1993",,,,,,,,,,,,Paintings,,http://www.metmuseum.org/art/collection/search/436535,https://www.wikidata.org/wiki/Q18689458,,"Metropolitan Museum of Art, New York, NY",Landscapes|Cypresses|Summer,http://vocab.getty.edu/page/aat/300132294|http://vocab.getty.edu/page/aat/300343641|http://vocab.getty.edu/page/aat/300133099,https://www.wikidata.org/wiki/Q191163|https://www.wikidata.org/wiki/Q146911|https://www.wikidata.org/wiki/Q1313
49.7.41,True,True,True,436545,,European Paintings,1949,Painting,Manuel Osorio Manrique de Zuñiga (1784–1792),,,,,,16195,Artist, ,Goya (Francisco de Goya y Lucientes),"Spanish, Fuendetodos 1746–1828 Bordeaux", ,Goya (Francisco de Goya y Lucientes),Spanish,1746      ,1828      ,,http://vocab.getty.edu/page/ulan/500118936,https://www.wikidata.org/wiki/Q5432,1787–88,1787,1788,Oil on canvas,50 x 40 in. (127 x 101.6 cm),"The Jules Bache Collection, 1949",,,,,,,,,,,,Paintings,,http://www.metmuseum.org/art/collection/search/436545,https://www.wikidata.org/wiki/Q3035829,,"Metropolitan Museum of Art, New York, NY",Birds|Boys|Portraits|Cats,http://vocab.getty.edu/page/aat/300266506|http://vocab.getty.edu/page/aat/300247598|http://vocab.getty.edu/page/aat/300015637|http://vocab.getty.edu/page/aat/300265960,https://www.wikidata.org/wiki/Q5113|https://www.wikidata.org/wiki/Q3010|https://www.wikidata.org/wiki/Q134307|https://www.wikidata.org/wiki/Q146
29.100.5,True,True,True,436573,,European Paintings,1929,Painting,Cardinal Fernando Niño de Guevara (1541–1609),,,,,,16195,Artist, ,El Greco (Domenikos Theotokopoulos),"Greek, Iráklion (Candia) 1541–1614 Toledo", ,"Greco, El (Domenikos Theotokopoulos)",Greek,1540      ,1614      ,,http://vocab.getty.edu/page/ulan/500010916,https://www.wikidata.org/wiki/Q301,ca. 1600,1595,1605,Oil on canvas,67 1/4 x 42 1/2in. (170.8 x 108cm),"H. O. Havemeyer Collection, Bequest of Mrs. H. O. Havemeyer, 1929",,,,,,,,,,,,Paintings,,http://www.metmuseum.org/art/collection/search/436573,https://www.wikidata.org/wiki/Q3784753,,"Metropolitan Museum of Art, New York, NY",Men|Portraits,http://vocab.getty.edu/page/aat/300025928|http://vocab.getty.edu/page/aat/300015637,https://www.wikidata.org/wiki/Q8441|https://www.wikidata.org/wiki/Q134307
29.100.6,True,True,True,436575,,European Paintings,1929,Painting,View of Toledo,,,,,,16195,Artist, ,El Greco (Domenikos Theotokopoulos),"Greek, Iráklion (Candia) 1541–1614 Toledo", ,"Greco, El (Domenikos Theotokopoulos)",Greek,1540      ,1614      ,,http://vocab.getty.edu/page/ulan/500010916,https://www.wikidata.org/wiki/Q301,ca. 1599–1600,1599,1600,Oil on canvas,47 3/4 x 42 3/4 in. (121.3 x 108.6 cm),"H. O. Havemeyer Collection, Bequest of Mrs. H. O. Havemeyer, 1929",,,,,,,,,,,,Paintings,,http://www.metmuseum.org/art/collection/search/436575,https://www.wikidata.org/wiki/Q883994,,"Metropolitan Museum of Art, New York, NY",Buildings|Cities,http://vocab.getty.edu/page/aat/300004789|http://vocab.getty.edu/page/aat/300008389,https://www.wikidata.org/wiki/Q41176|https://www.wikidata.org/wiki/Q515
20.155.8,True,True,True,436579,,European Paintings,1920,Painting,Broken Eggs,,,,,,16555,Artist, ,Jean-Baptiste Greuze,"French, Tournus 1725–1805 Paris", ,"Greuze, Jean-Baptiste",French,1725      ,1805      ,,http://vocab.getty.edu/page/ulan/500000119,https://www.wikidata.org/wiki/Q347139,1756,1756,1756,Oil on canvas,28 3/4 x 37 in. (73 x 94 cm),"Bequest of William K. Vanderbilt, 1920",,,,,,,,,,,,Paintings,,http://www.metmuseum.org/art/collection/search/436579,https://www.wikidata.org/wiki/Q19904884,,"Metropolitan Museum of Art, New York, NY",Interiors|Children|Men|Women|Eggs,http://vocab.getty.edu/page/aat/300391239|http://vocab.getty.edu/page/aat/300025945|http://vocab.getty.edu/page/aat/300025928|http://vocab.getty.edu/page/aat/300025943|http://vocab.getty.edu/page/aat/300395680,https://www.wikidata.org/wiki/Q2998430|https://www.wikidata.org/wiki/Q7569|https://www.wikidata.org/wiki/Q8441|https://www.wikidata.org/wiki/Q467|https://www.wikidata.org/wiki/Q93189
1984.459.2,True,True,True,436603,,European Paintings,1984,Painting,Samson Captured by the Philistines,,,,,,16196,Artist, ,Guercino (Giovanni Francesco Barbieri),"Italian, Cento 1591–1666 Bologna", ,Guercino (Giovanni Francesco Barbieri),Italian,1591      ,1666      ,,http://vocab.getty.edu/page/ulan/500021925,https://www.wikidata.org/wiki/Q334262,1619,1619,1619,Oil on canvas,75 1/4 x 93 1/4 in. (191.1 x 236.9 cm),"Gift of Mr. and Mrs. Charles Wrightsman, 1984",,,,,,,,,,,,Paintings,,http://www.metmuseum.org/art/collection/search/436603,https://www.wikidata.org/wiki/Q19911545,,"Metropolitan Museum of Art, New York, NY",Women|Samson,http://vocab.getty.edu/page/aat/300025943|http://vocab.getty.edu/page/ia/901000362,https://www.wikidata.org/wiki/Q467|https://www.wikidata.org/wiki/Q214648
14.40.605,True,True,True,436622,964,European Paintings,1914,Painting,Merrymakers at Shrovetide,,,,,,16197,Artist, ,Frans Hals,"Dutch, Antwerp 1582/83–1666 Haarlem", ,"Hals, Frans",Dutch,1582      ,1666      ,,http://vocab.getty.edu/page/ulan/500027794,https://www.wikidata.org/wiki/Q167654,ca. 1616–17,1616,1617,Oil on canvas,51 3/4 x 39 1/4 in. (131.4 x 99.7 cm),"Bequest of Benjamin Altman, 1913",,,,,,,,,,,,Paintings,,http://www.metmuseum.org/art/collection/search/436622,https://www.wikidata.org/wiki/Q12088934,,"Metropolitan Museum of Art, New York, NY",Bread|Happiness|Men|Women|Party|Bagpipes|Eggs|Food,http://vocab.getty.edu/page/aat/300262820|http://vocab.getty.edu/page/aat/300410323|http://vocab.getty.edu/page/aat/300025928|http://vocab.getty.edu/page/aat/300025943|http://vocab.getty.edu/page/aat/300069614|http://vocab.getty.edu/page/aat/300042405|http://vocab.getty.edu/page/aat/300395680|http://vocab.getty.edu/page/aat/300254496,https://www.wikidata.org/wiki/Q7802|https://www.wikidata.org/wiki/Q8|https://www.wikidata.org/wiki/Q8441|https://www.wikidata.org/wiki/Q467|https://www.wikidata.org/wiki/Q200538|https://www.wikidata.org/wiki/Q8347|https://www.wikidata.org/wiki/Q93189|https://www.wikidata.org/wiki/Q2095
50.135.4,True,True,True,436658,,European Paintings,1950,Painting,Hermann von Wedigh III (died 1560),,,,,,16199,Artist, ,Hans Holbein the Younger,"German, Augsburg 1497/98–1543 London", ,"Holbein, Hans, the Younger",German,1497      ,1543      ,,http://vocab.getty.edu/page/ulan/500005259,https://www.wikidata.org/wiki/Q48319,1532,1532,1532,Oil and gold on oak,"16 5/8 x 12 3/4 in. (42.2 x 32.4 cm), with added strip of 1/2 in. (1.3 cm) at bottom","Bequest of Edward S. Harkness, 1940",,,,,,,,,,,,Paintings,,http://www.metmuseum.org/art/collection/search/436658,https://www.wikidata.org/wiki/Q19911428,,"Metropolitan Museum of Art, New York, NY",Men|Portraits|Latin,http://vocab.getty.edu/page/aat/300025928|http://vocab.getty.edu/page/aat/300015637|http://vocab.getty.edu/page/aat/300388693,https://www.wikidata.org/wiki/Q8441|https://www.wikidata.org/wiki/Q134307|https://www.wikidata.org/wiki/Q397
41.190.20a–c,True,True,True,436792,,European Paintings,1941,"Painting, triptych",The Crucifixion with Saints and a Donor,,,,,,16201,Artist, ,Joos van Cleve,"Netherlandish, Cleve ca. 1485–1540/41 Antwerp",and a collaborator,Joos van Cleve,Netherlandish,1485      ,1541      ,,http://vocab.getty.edu/page/ulan/500007799,https://www.wikidata.org/wiki/Q153472,ca. 1520,1515,1525,Oil on wood,"Shaped top: central panel, painted surface 38 3/4 x 29 1/4 in. (98.4 x 74.3 cm); each wing, painted surface 39 3/4 x 12 7/8 in. (101 x 32.7 cm)","Bequest of George Blumenthal, 1941",,,,,,,,,,,,Paintings,,http://www.metmuseum.org/art/collection/search/436792,https://www.wikidata.org/wiki/Q19911601,,"Metropolitan Museum of Art, New York, NY",Crucifixion|Saints|Skulls|Men|Christ|Virgin Mary,http://vocab.getty.edu/page/aat/300404300|http://vocab.getty.edu/page/aat/300150555|http://vocab.getty.edu/page/aat/300191856|http://vocab.getty.edu/page/aat/300025928|http://vocab.getty.edu/page/ia/901000087|http://vocab.getty.edu/page/ia/901000032,https://www.wikidata.org/wiki/Q3235597|https://www.wikidata.org/wiki/Q43115|https://www.wikidata.org/wiki/Q13147|https://www.wikidata.org/wiki/Q8441|https://www.wikidata.org/wiki/Q642420|https://www.wikidata.org/wiki/Q345
64.148,True,True,True,436819,829,European Paintings,1964,Painting,Mäda Primavesi (1903–2000),,,,,,16203,Artist, ,Gustav Klimt,"Austrian, Baumgarten 1862–1918 Vienna", ,"Klimt, Gustav",Austrian,1862      ,1918      ,,http://vocab.getty.edu/page/ulan/500030531,https://www.wikidata.org/wiki/Q34661,1912–13,1912,1913,Oil on canvas,59 x 43 1/2 in. (149.9 x 110.5 cm),"Gift of André and Clara Mertens, in memory of her mother, Jenny Pulitzer Steiner, 1964",,,,,,,,,,,,Paintings,,http://www.metmuseum.org/art/collection/search/436819,https://www.wikidata.org/wiki/Q19912225,,"Metropolitan Museum of Art, New York, NY",Girls|Portraits,http://vocab.getty.edu/page/aat/300247581|http://vocab.getty.edu/page/aat/300015637,https://www.wikidata.org/wiki/Q3031|https://www.wikidata.org/wiki/Q134307
60.30,True,True,True,436838,,European Paintings,1960,Painting,The Fortune-Teller,,,,,,16204,Artist, ,Georges de La Tour,"French, Vic-sur-Seille 1593–1652 Lunéville", ,"La Tour, Georges de",French,1593      ,1652      ,,http://vocab.getty.edu/page/ulan/500012114,https://www.wikidata.org/wiki/Q203371,probably 1630s,1630,1639,Oil on canvas,40 1/8 x 48 5/8 in. (101.9 x 123.5 cm),"Rogers Fund, 1960",,,,,,,,,,,,Paintings,,http://www.metmuseum.org/art/collection/search/436838,https://www.wikidata.org/wiki/Q379906,,"Metropolitan Museum of Art, New York, NY",Men|Women,http://vocab.getty.edu/page/aat/300025928|http://vocab.getty.edu/page/aat/300025943,https://www.wikidata.org/wiki/Q8441|https://www.wikidata.org/wiki/Q467
1978.517,True,False,True,436839,,European Paintings,1978,Painting,The Penitent Magdalen,,,,,,16204,Artist, ,Georges de La Tour,"French, Vic-sur-Seille 1593–1652 Lunéville", ,"La Tour, Georges de",French,1593      ,1652      ,,http://vocab.getty.edu/page/ulan/500012114,https://www.wikidata.org/wiki/Q203371,ca. 1640,1635,1645,Oil on canvas,52 1/2 x 40 1/4 in. (133.4 x 102.2 cm),"Gift of Mr. and Mrs. Charles Wrightsman, 1978",,,,,,,,,,,,Paintings,,http://www.metmuseum.org/art/collection/search/436839,https://www.wikidata.org/wiki/Q3210251,,"Metropolitan Museum of Art, New York, NY",Mary Magdalene|Candles|Mirrors|Skulls,http://vocab.getty.edu/page/ia/901000161|http://vocab.getty.edu/page/aat/300037654|http://vocab.getty.edu/page/aat/300037682|http://vocab.getty.edu/page/aat/300191856,https://www.wikidata.org/wiki/Q63070|https://www.wikidata.org/wiki/Q12888135|https://www.wikidata.org/wiki/Q35197|https://www.wikidata.org/wiki/Q13147
53.225.5,True,True,True,436840,,European Paintings,1953,Painting,"Self-Portrait with Two Pupils, Marie Gabrielle Capet (1761–1818) and Marie Marguerite Carreaux de Rosemond (died 1788)",,,,,,16455,Artist, ,Adélaïde Labille-Guiard,"French, Paris 1749–1803 Paris", ,"Labille-Guiard, Adélaïde",French,1749      ,1803      ,Female,http://vocab.getty.edu/page/ulan/500005516,https://www.wikidata.org/wiki/Q235647,1785,1785,1785,Oil on canvas,"83 x 59 1/2 in. (210.8 x 151.1 cm)
","Gift of Julia A. Berwind, 1953",,,,,,,,,,,,Paintings,,http://www.metmuseum.org/art/collection/search/436840,https://www.wikidata.org/wiki/Q19904842,,"Metropolitan Museum of Art, New York, NY",Painting|Self-portraits|Women|Artists,http://vocab.getty.edu/page/aat/300054216|http://vocab.getty.edu/page/aat/300124534|http://vocab.getty.edu/page/aat/300025943|http://vocab.getty.edu/page/aat/300025103,https://www.wikidata.org/wiki/Q11629|https://www.wikidata.org/wiki/Q192110|https://www.wikidata.org/wiki/Q467|https://www.wikidata.org/wiki/Q483501
50.135.5,True,True,True,436851,,European Paintings,1950,Painting,"Elizabeth Farren (born about 1759, died 1829), Later Countess of Derby",,,,,,16622,Artist, ,Sir Thomas Lawrence,"British, Bristol 1769–1830 London", ,"Lawrence, Thomas, Sir",British,1769      ,1830      ,,http://vocab.getty.edu/page/ulan/500022619,https://www.wikidata.org/wiki/Q312096,1790,1790,1790,Oil on canvas,"94 in. × 57 1/2 in. (238.8 × 146.1 cm)
","Bequest of Edward S. Harkness, 1940",,,,,,,,,,,,Paintings,,http://www.metmuseum.org/art/collection/search/436851,https://www.wikidata.org/wiki/Q6106751,,"Metropolitan Museum of Art, New York, NY",Portraits|Women,http://vocab.getty.edu/page/aat/300015637|http://vocab.getty.edu/page/aat/300025943,https://www.wikidata.org/wiki/Q134307|https://www.wikidata.org/wiki/Q467
49.7.10,True,True,True,436892,,European Paintings,1949,Painting,Madonna and Child,,,,,,16207,Artist, ,Filippino Lippi,"Italian, Prato ca. 1457–1504 Florence", ,"Lippi, Filippino",Italian,1457      ,1504      ,,http://vocab.getty.edu/page/ulan/500018029,https://www.wikidata.org/wiki/Q296265,ca. 1483–84,1483,1484,"Tempera, oil, and gold on wood",32 x 23 1/2 in. (81.3 x 59.7 cm),"The Jules Bache Collection, 1949",,,,,,,,,,,,Paintings,,http://www.metmuseum.org/art/collection/search/436892,https://www.wikidata.org/wiki/Q19911420,,"Metropolitan Museum of Art, New York, NY",Madonna and Child,http://vocab.getty.edu/page/ia/901000052,https://www.wikidata.org/wiki/Q9309699
89.15.19,True,True,True,436896,,European Paintings,1889,Painting,Portrait of a Woman with a Man at a Casement,,,,,,10793,Artist, ,Fra Filippo Lippi,"Italian, Florence ca. 1406–1469 Spoleto", ,"Lippi, Fra Filippo",Italian,1406      ,1469      ,,http://vocab.getty.edu/page/ulan/500019158,https://www.wikidata.org/wiki/Q205148,ca. 1440,1435,1445,Tempera on wood,25 1/4 x 16 1/2 in. (64.1 x 41.9 cm),"Marquand Collection, Gift of Henry G. Marquand, 1889",,,,,,,,,,,,Paintings,,http://www.metmuseum.org/art/collection/search/436896,https://www.wikidata.org/wiki/Q3937681,,"Metropolitan Museum of Art, New York, NY",Men|Portraits|Profiles|Women,http://vocab.getty.edu/page/aat/300025928|http://vocab.getty.edu/page/aat/300015637|http://vocab.getty.edu/page/aat/300123319|http://vocab.getty.edu/page/aat/300025943,https://www.wikidata.org/wiki/Q8441|https://www.wikidata.org/wiki/Q134307|https://www.wikidata.org/wiki/Q4382010|https://www.wikidata.org/wiki/Q467
1986.138,True,True,True,436918,,European Paintings,1986,Painting,Venus and Cupid,,,,,,16487,Artist, ,Lorenzo Lotto,"Italian, Venice ca. 1480–1556 Loreto", ,"Lotto, Lorenzo",Italian,1475      ,1556      ,,http://vocab.getty.edu/page/ulan/500015631,https://www.wikidata.org/wiki/Q310973,1520s,1520,1529,Oil on canvas,36 3/8 x 43 7/8 in. (92.4 x 111.4 cm),"Purchase, Mrs. Charles Wrightsman Gift, in honor of Marietta Tree, 1986",,,,,,,,,,,,Paintings,,http://www.metmuseum.org/art/collection/search/436918,https://www.wikidata.org/wiki/Q4009580,,"Metropolitan Museum of Art, New York, NY",Female Nudes|Cupid|Venus,http://vocab.getty.edu/page/aat/300189568|http://vocab.getty.edu/page/aat/300380105|http://vocab.getty.edu/page/ia/901001064,https://www.wikidata.org/wiki/Q40446|https://www.wikidata.org/wiki/Q5011|https://www.wikidata.org/wiki/Q47652
49.58.2,True,True,True,436944,,European Paintings,1949,Painting,The Spanish Singer,,,,,,16209,Artist, ,Edouard Manet,"French, Paris 1832–1883 Paris", ,"Manet, Edouard",French,1832      ,1883      ,,http://vocab.getty.edu/page/ulan/500010363,https://www.wikidata.org/wiki/Q40599,1860,1860,1860,Oil on canvas,58 x 45 in. (147.3 x 114.3 cm),"Gift of William Church Osborn, 1949",,,,,,,,,,,,Paintings,,http://www.metmuseum.org/art/collection/search/436944,https://www.wikidata.org/wiki/Q2024709,,"Metropolitan Museum of Art, New York, NY",Men|Portraits|Guitars|Musicians|Singers|Music,http://vocab.getty.edu/page/aat/300025928|http://vocab.getty.edu/page/aat/300015637|http://vocab.getty.edu/page/aat/300042025|http://vocab.getty.edu/page/aat/300025666|http://vocab.getty.edu/page/aat/300025684|http://vocab.getty.edu/page/aat/300435214,https://www.wikidata.org/wiki/Q8441|https://www.wikidata.org/wiki/Q134307|https://www.wikidata.org/wiki/Q6607|https://www.wikidata.org/wiki/Q639669|https://www.wikidata.org/wiki/Q177220|https://www.wikidata.org/wiki/Q638
29.100.115,True,True,True,436947,,European Paintings,1929,Painting,Boating,,,,,,16209,Artist, ,Edouard Manet,"French, Paris 1832–1883 Paris", ,"Manet, Edouard",French,1832      ,1883      ,,http://vocab.getty.edu/page/ulan/500010363,https://www.wikidata.org/wiki/Q40599,1874,1874,1874,Oil on canvas,38 1/4 x 51 1/4 in. (97.2 x 130.2 cm),"H. O. Havemeyer Collection, Bequest of Mrs. H. O. Havemeyer, 1929",,,,,,,,,,,,Paintings,,http://www.metmuseum.org/art/collection/search/436947,https://www.wikidata.org/wiki/Q15290965,,"Metropolitan Museum of Art, New York, NY",Men|Women|Boats,http://vocab.getty.edu/page/aat/300025928|http://vocab.getty.edu/page/aat/300025943|http://vocab.getty.edu/page/aat/300178749,https://www.wikidata.org/wiki/Q8441|https://www.wikidata.org/wiki/Q467|https://www.wikidata.org/wiki/Q35872
89.21.3,True,True,True,436964,,European Paintings,1889,Painting,Young Lady in 1866,,,,,,16209,Artist, ,Edouard Manet,"French, Paris 1832–1883 Paris", ,"Manet, Edouard",French,1832      ,1883      ,,http://vocab.getty.edu/page/ulan/500010363,https://www.wikidata.org/wiki/Q40599,1866,1866,1866,Oil on canvas,"72 7/8 x 50 5/8 in. (185.1 x 128.6 cm)
","Gift of Erwin Davis, 1889",,,,,,,,,,,,Paintings,,http://www.metmuseum.org/art/collection/search/436964,https://www.wikidata.org/wiki/Q942523,,"Metropolitan Museum of Art, New York, NY",Portraits|Women|Parrots,http://vocab.getty.edu/page/aat/300015637|http://vocab.getty.edu/page/aat/300025943|http://vocab.getty.edu/page/aat/300250076,https://www.wikidata.org/wiki/Q134307|https://www.wikidata.org/wiki/Q467|https://www.wikidata.org/wiki/Q15548309
32.130.2,True,True,True,436966,,European Paintings,1932,Painting,The Adoration of the Shepherds,,,,,,16209,Artist, ,Andrea Mantegna,"Italian, Isola di Carturo 1430/31–1506 Mantua", ,"Mantegna, Andrea",Italian,1430      ,1506      ,,http://vocab.getty.edu/page/ulan/500004218,https://www.wikidata.org/wiki/Q5681,shortly after 1450,1450,1459,"Tempera on canvas, transferred from wood",Overall 15 3/4 x 21 7/8 in. (40 x 55.6 cm); painted surface 14 7/8 x 21 in. (37.8 x 53.3 cm),"Purchase, Anonymous Gift, 1932",,,,,,,,,,,,Paintings,,http://www.metmuseum.org/art/collection/search/436966,https://www.wikidata.org/wiki/Q3605556,,"Metropolitan Museum of Art, New York, NY",Holy Family|Jesus|Adoration of the Shepherds,http://vocab.getty.edu/page/ia/901001175|http://vocab.getty.edu/page/ia/901000087|http://vocab.getty.edu/page/ia/901000229,https://www.wikidata.org/wiki/Q618057|https://www.wikidata.org/wiki/Q302|https://www.wikidata.org/wiki/Q1029715
1982.60.39,True,True,True,437053,539,European Paintings,1982,Painting,The Afternoon Meal (La Merienda),,,,,,16554,Artist, ,Luis Meléndez,"Spanish, Naples 1716–1780 Madrid", ,"Meléndez, Luis",Spanish,1716      ,1780      ,,http://vocab.getty.edu/page/ulan/500012595,https://www.wikidata.org/wiki/Q707478,ca. 1772,1772,1772,Oil on canvas,41 1/2 x 60 1/2 in. (105.4 x 153.7 cm),"The Jack and Belle Linsky Collection, 1982",,,,,,,,,,,,Paintings,,http://www.metmuseum.org/art/collection/search/437053,https://www.wikidata.org/wiki/Q19911689,,"Metropolitan Museum of Art, New York, NY",Bread|Grapes|Peaches|Still Life|Food,http://vocab.getty.edu/page/aat/300262820|http://vocab.getty.edu/page/aat/300379338|http://vocab.getty.edu/page/aat/300266272|http://vocab.getty.edu/page/aat/300015638|http://vocab.getty.edu/page/aat/300254496,https://www.wikidata.org/wiki/Q7802|https://www.wikidata.org/wiki/Q10978|https://www.wikidata.org/wiki/Q13202263|https://www.wikidata.org/wiki/Q170571|https://www.wikidata.org/wiki/Q2095
14.40.626–27,True,True,True,437056,,European Paintings,1914,Painting,"Tommaso di Folco Portinari (1428–1501); Maria Portinari (Maria Maddalena Baroncelli, born 1456)",,,,,,16211,Artist, ,Hans Memling,"Netherlandish, Seligenstadt, active by 1465–died 1494 Bruges", ,"Memling, Hans",Netherlandish,1465      ,1494      ,,http://vocab.getty.edu/page/ulan/500005611,https://www.wikidata.org/wiki/Q106851,ca. 1470,1465,1475,Oil on wood,"(.626, Tommaso) overall 17 3/8 x 13 1/4 in. (44.1 x 33.7 cm), painted surface 16 5/8 x 12 1/2 in. (42.2 x 31.8 cm); (.627, Maria) overall 17 3/8 x 13 3/8 in. (44.1 x 34 cm); painted surface 16 5/8 x 12 5/8 in. (42.2 x 32.1 cm)","Bequest of Benjamin Altman, 1913",,,,,,,,,,,,Paintings,,http://www.metmuseum.org/art/collection/search/437056,https://www.wikidata.org/wiki/Q22443796,,"Metropolitan Museum of Art, New York, NY",Couples|Men|Portraits|Women,http://vocab.getty.edu/page/aat/300379217|http://vocab.getty.edu/page/aat/300025928|http://vocab.getty.edu/page/aat/300015637|http://vocab.getty.edu/page/aat/300025943,https://www.wikidata.org/wiki/Q219160|https://www.wikidata.org/wiki/Q8441|https://www.wikidata.org/wiki/Q134307|https://www.wikidata.org/wiki/Q467
60.71.12,True,True,True,437097,802,European Paintings,1960,Painting,Haystacks: Autumn,,,,,,16490,Artist, ,Jean-François Millet,"French, Gruchy 1814–1875 Barbizon", ,"Millet, Jean-François",French,1814      ,1875      ,,http://vocab.getty.edu/page/ulan/500012529,https://www.wikidata.org/wiki/Q148458,ca. 1874,1869,1875,Oil on canvas,33 1/2 x 43 3/8 in. (85.1 x 110.2 cm),"Bequest of Lillian S. Timken, 1959",,,,,,,,,,,,Paintings,,http://www.metmuseum.org/art/collection/search/437097,https://www.wikidata.org/wiki/Q19911604,,"Metropolitan Museum of Art, New York, NY",Sheep|Landscapes|Haystacks|Autumn,http://vocab.getty.edu/page/aat/300250284|http://vocab.getty.edu/page/aat/300132294|http://vocab.getty.edu/page/aat/300435325|http://vocab.getty.edu/page/aat/300133093,https://www.wikidata.org/wiki/Q7368|https://www.wikidata.org/wiki/Q191163|https://www.wikidata.org/wiki/Q62577|https://www.wikidata.org/wiki/Q1314
29.100.113,True,True,False,437127,819,European Paintings,1929,Painting,Bridge over a Pond of Water Lilies,,,,,,16213,Artist, ,Claude Monet,"French, Paris 1840–1926 Giverny", ,"Monet, Claude",French,1840      ,1926      ,,http://vocab.getty.edu/page/ulan/500019484,https://www.wikidata.org/wiki/Q296,1899,1899,1899,Oil on canvas,36 1/2 x 29 in. (92.7 x 73.7 cm),"H. O. Havemeyer Collection, Bequest of Mrs. H. O. Havemeyer, 1929",,,,,,,,,,,,Paintings,,http://www.metmuseum.org/art/collection/search/437127,https://www.wikidata.org/wiki/Q19905213,,"Metropolitan Museum of Art, New York, NY",Bridges|Ponds|Water Lilies,http://vocab.getty.edu/page/aat/300386855|http://vocab.getty.edu/page/aat/300008688| ,https://www.wikidata.org/wiki/Q12280|https://www.wikidata.org/wiki/Q3253281|https://www.wikidata.org/wiki/Q3347071
64.210,True,True,False,437131,818,European Paintings,1964,Painting,"The Bodmer Oak, Fontainebleau Forest",,,,,,16213,Artist, ,Claude Monet,"French, Paris 1840–1926 Giverny", ,"Monet, Claude",French,1840      ,1926      ,,http://vocab.getty.edu/page/ulan/500019484,https://www.wikidata.org/wiki/Q296,1865,1865,1865,Oil on canvas,37 7/8 x 50 7/8 in. (96.2 x 129.2 cm),"Gift of Sam Salz and Bequest of Julia W. Emmons, by exchange, 1964",,,,,,,,,,,,Paintings,,http://www.metmuseum.org/art/collection/search/437131,https://www.wikidata.org/wiki/Q19905237,,"Metropolitan Museum of Art, New York, NY",Forests|Oaks,http://vocab.getty.edu/page/aat/300387598| ,https://www.wikidata.org/wiki/Q4421|https://www.wikidata.org/wiki/Q3245263
67.241,True,True,False,437133,818,European Paintings,1967,Painting,Garden at Sainte-Adresse,,,,,,16213,Artist, ,Claude Monet,"French, Paris 1840–1926 Giverny", ,"Monet, Claude",French,1840      ,1926      ,,http://vocab.getty.edu/page/ulan/500019484,https://www.wikidata.org/wiki/Q296,1867,1867,1867,Oil on canvas,38 5/8 x 51 1/8 in. (98.1 x 129.9 cm),"Purchase, special contributions and funds given or bequeathed by friends of the Museum, 1967",,,,,,,,,,,,Paintings,,http://www.metmuseum.org/art/collection/search/437133,https://www.wikidata.org/wiki/Q432253,,"Metropolitan Museum of Art, New York, NY",Gardens|Men|Women|Seas|Boats,http://vocab.getty.edu/page/aat/300008090|http://vocab.getty.edu/page/aat/300025928|http://vocab.getty.edu/page/aat/300025943|http://vocab.getty.edu/page/aat/300008694|http://vocab.getty.edu/page/aat/300178749,https://www.wikidata.org/wiki/Q1107656|https://www.wikidata.org/wiki/Q8441|https://www.wikidata.org/wiki/Q467|https://www.wikidata.org/wiki/Q165|https://www.wikidata.org/wiki/Q35872
21.134.1,True,True,True,437153,800,European Paintings,1921,Painting,Oedipus and the Sphinx,,,,,,16213,Artist, ,Gustave Moreau,"French, Paris 1826–1898 Paris", ,"Moreau, Gustave",French,1826      ,1898      ,,http://vocab.getty.edu/page/ulan/500115776,https://www.wikidata.org/wiki/Q203828,1864,1864,1864,Oil on canvas,"81 1/4 × 41 1/4 in. (206.4 × 104.8 cm)
","Bequest of William H. Herriman, 1920",,,,,,,,,,,,Paintings,,http://www.metmuseum.org/art/collection/search/437153,https://www.wikidata.org/wiki/Q293990,,"Metropolitan Museum of Art, New York, NY",Oedipus|Sphinx|Men,http://vocab.getty.edu/page/ia/901000098|http://vocab.getty.edu/page/aat/300375739|http://vocab.getty.edu/page/aat/300025928,https://www.wikidata.org/wiki/Q130890|https://www.wikidata.org/wiki/Q151480|https://www.wikidata.org/wiki/Q8441
1992.103.2,True,True,False,437160,824,European Paintings,1992,Painting,Young Woman Seated on a Sofa,,,,,,16214,Artist, ,Berthe Morisot,"French, Bourges 1841–1895 Paris", ,"Morisot, Berthe",French,1841      ,1895      ,Female,http://vocab.getty.edu/page/ulan/500029669,https://www.wikidata.org/wiki/Q105320,ca. 1879,1874,1884,Oil on canvas,31 3/4 × 39 1/4 in. (80.6 × 99.7 cm),"Partial and Promised Gift of Mr. and Mrs. Douglas Dillon, 1992",,,,,,,,,,,,Paintings,,http://www.metmuseum.org/art/collection/search/437160,https://www.wikidata.org/wiki/Q19906245,,"Metropolitan Museum of Art, New York, NY",Portraits|Women|Flowers,http://vocab.getty.edu/page/aat/300015637|http://vocab.getty.edu/page/aat/300025943|http://vocab.getty.edu/page/aat/300132399,https://www.wikidata.org/wiki/Q134307|https://www.wikidata.org/wiki/Q467|https://www.wikidata.org/wiki/Q506
43.13,True,False,True,437175,,European Paintings,1943,Painting,Virgin and Child,,,,,,16215,Artist, ,Bartolomé Estebán Murillo,"Spanish, Seville 1617–1682 Seville", ,"Murillo, Bartolomé Estebán",Spanish,1617      ,1682      ,,http://vocab.getty.edu/page/ulan/500007425,https://www.wikidata.org/wiki/Q192062,1670s,1670,1679,Oil on canvas,65 1/4 x 43 in. (165.7 x 109.2 cm),"Rogers Fund, 1943",,,,,,,,,,,,Paintings,,http://www.metmuseum.org/art/collection/search/437175,https://www.wikidata.org/wiki/Q19911474,,"Metropolitan Museum of Art, New York, NY",Madonna and Child,http://vocab.getty.edu/page/ia/901000052,https://www.wikidata.org/wiki/Q9309699
36.14a–c,True,True,True,437261,,European Paintings,1936,"Painting, triptych",The Penitence of Saint Jerome,,,,,,10814,Artist, ,Joachim Patinir,"Netherlandish, Dinant or Bouvignes, active by 1515–died 1524 Antwerp", ,"Patinir, Joachim",Netherlandish,1515      ,1524      ,,http://vocab.getty.edu/page/ulan/500019854,https://www.wikidata.org/wiki/Q442491,ca. 1512–15,1512,1515,Oil on wood,"Shaped top: central panel, overall, with engaged frame, 46 1/4 x 32 in. (117.5 x 81.3 cm); each wing, overall, with engaged frame, 47 1/2 x 14 in. (120.7 x 35.6 cm)","Fletcher Fund, 1936",,,,,,,,,,,,Paintings,,http://www.metmuseum.org/art/collection/search/437261,https://www.wikidata.org/wiki/Q19911827,,"Metropolitan Museum of Art, New York, NY",Landscapes|Saint Jerome|Saint John the Baptist|Jesus|Baptism of Christ,http://vocab.getty.edu/page/aat/300132294|http://vocab.getty.edu/page/ulan/500060933|http://vocab.getty.edu/page/ia/901001056|http://vocab.getty.edu/page/ia/901000087|http://vocab.getty.edu/page/ia/901001066,https://www.wikidata.org/wiki/Q191163|https://www.wikidata.org/wiki/Q44248|https://www.wikidata.org/wiki/Q40662|https://www.wikidata.org/wiki/Q302|https://www.wikidata.org/wiki/Q217048
75.7.2,True,False,True,437283,,European Paintings,1875,Painting,A Hunting Scene,,,,,,16224,Artist, ,Piero di Cosimo (Piero di Lorenzo di Piero d'Antonio),"Italian, Florence 1462–1522 Florence", ,Piero di Cosimo (Piero di Lorenzo di Piero d'Antonio),Italian,1462      ,1522      ,,http://vocab.getty.edu/page/ulan/500007508,https://www.wikidata.org/wiki/Q280851,ca. 1494–1500,1494,1500,Tempera and oil transferred to Masonite,27 3/4 x 66 3/4 in. (70.5 x 169.5 cm),"Gift of Robert Gordon, 1875",,,,,,,,,,,,Paintings,,http://www.metmuseum.org/art/collection/search/437283,https://www.wikidata.org/wiki/Q3649298,,"Metropolitan Museum of Art, New York, NY",Men|Hunting|Satyrs|Dogs|Forests|Bears|Centaurs|Deer|Lions,http://vocab.getty.edu/page/aat/300025928|http://vocab.getty.edu/page/aat/300239666|http://vocab.getty.edu/page/aat/300379732|http://vocab.getty.edu/page/aat/300265714|http://vocab.getty.edu/page/aat/300387598|http://vocab.getty.edu/page/aat/300266516|http://vocab.getty.edu/page/aat/300379740|http://vocab.getty.edu/page/aat/300250308|http://vocab.getty.edu/page/aat/300310388,https://www.wikidata.org/wiki/Q8441|https://www.wikidata.org/wiki/Q36963|https://www.wikidata.org/wiki/Q163709|https://www.wikidata.org/wiki/Q144|https://www.wikidata.org/wiki/Q4421|https://www.wikidata.org/wiki/Q30090244|https://www.wikidata.org/wiki/Q83203|https://www.wikidata.org/wiki/Q685795|https://www.wikidata.org/wiki/Q140
51.30.2,True,False,True,437299,820,European Paintings,1951,Painting,"Jalais Hill, Pontoise",,,,,,16225,Artist, ,Camille Pissarro,"French, Charlotte Amalie, Saint Thomas 1830–1903 Paris", ,"Pissarro, Camille",French,1830      ,1903      ,,http://vocab.getty.edu/page/ulan/500001924,https://www.wikidata.org/wiki/Q134741,1867,1867,1867,Oil on canvas,34 1/4 x 45 1/4 in. (87 x 114.9 cm),"Bequest of William Church Osborn, 1951",,,,,,,,,,,,Paintings,,http://www.metmuseum.org/art/collection/search/437299,https://www.wikidata.org/wiki/Q19905368,,"Metropolitan Museum of Art, New York, NY",Farms|Landscapes,http://vocab.getty.edu/page/aat/300000206|http://vocab.getty.edu/page/aat/300132294,https://www.wikidata.org/wiki/Q131596|https://www.wikidata.org/wiki/Q191163
24.45.1,True,True,True,437326,,European Paintings,1924,Painting,Blind Orion Searching for the Rising Sun,,,,,,16227,Artist, ,Nicolas Poussin,"French, Les Andelys 1594–1665 Rome", ,"Poussin, Nicolas",French,1594      ,1665      ,,http://vocab.getty.edu/page/ulan/500005036,https://www.wikidata.org/wiki/Q41554,1658,1658,1658,Oil on canvas,46 7/8 x 72 in. (119.1 x 182.9 cm),"Fletcher Fund, 1924",,,,,,,,,,,,Paintings,,http://www.metmuseum.org/art/collection/search/437326,https://www.wikidata.org/wiki/Q19911450,,"Metropolitan Museum of Art, New York, NY",Orion|Diana|Landscapes, |http://vocab.getty.edu/page/ia/901000118|http://vocab.getty.edu/page/aat/300132294,https://www.wikidata.org/wiki/Q201261|https://www.wikidata.org/wiki/Q132543|https://www.wikidata.org/wiki/Q191163
46.160,True,True,True,437329,,European Paintings,1946,Painting,The Abduction of the Sabine Women,,,,,,16227,Artist, ,Nicolas Poussin,"French, Les Andelys 1594–1665 Rome", ,"Poussin, Nicolas",French,1594      ,1665      ,,http://vocab.getty.edu/page/ulan/500005036,https://www.wikidata.org/wiki/Q41554,probably 1633–34,1633,1634,Oil on canvas,60 7/8 x 82 5/8 in. (154.6 x 209.9 cm),"Harris Brisbane Dick Fund, 1946",,,,,,,,,,,,Paintings,,http://www.metmuseum.org/art/collection/search/437329,https://www.wikidata.org/wiki/Q19911410,,"Metropolitan Museum of Art, New York, NY",Suffering|Children|Men|Women|Horses,http://vocab.getty.edu/page/aat/300055184|http://vocab.getty.edu/page/aat/300025945|http://vocab.getty.edu/page/aat/300025928|http://vocab.getty.edu/page/aat/300025943|http://vocab.getty.edu/page/aat/300250148,https://www.wikidata.org/wiki/Q5780945|https://www.wikidata.org/wiki/Q7569|https://www.wikidata.org/wiki/Q8441|https://www.wikidata.org/wiki/Q467|https://www.wikidata.org/wiki/Q726
06.177,True,True,True,437344,800,European Paintings,1906,Painting,The Shepherd's Song,,,,,,16228,Artist, ,Pierre Puvis de Chavannes,"French, Lyons 1824–1898 Paris", ,"Puvis de Chavannes, Pierre",French,1824      ,1898      ,,http://vocab.getty.edu/page/ulan/500008870,https://www.wikidata.org/wiki/Q216873,1891,1891,1891,Oil on canvas,41 1/8 x 43 1/4 in. (104.5 x 109.9 cm),"Rogers Fund, 1906",,,,,,,,,,,,Paintings,,http://www.metmuseum.org/art/collection/search/437344,https://www.wikidata.org/wiki/Q19905165,,"Metropolitan Museum of Art, New York, NY",Men|Sheep|Shepherds|Women,http://vocab.getty.edu/page/aat/300025928|http://vocab.getty.edu/page/aat/300250284|http://vocab.getty.edu/page/aat/300025617|http://vocab.getty.edu/page/aat/300025943,https://www.wikidata.org/wiki/Q8441|https://www.wikidata.org/wiki/Q7368|https://www.wikidata.org/wiki/Q81710|https://www.wikidata.org/wiki/Q467
16.30ab,True,True,True,437372,,European Paintings,1916,"Painting, altarpiece",Madonna and Child Enthroned with Saints,,,,,,16229,Artist, ,Raphael (Raffaello Sanzio or Santi),"Italian, Urbino 1483–1520 Rome", ,Raphael (Raffaello Sanzio or Santi),Italian,1483      ,1520      ,,http://vocab.getty.edu/page/ulan/500023578,https://www.wikidata.org/wiki/Q5597,ca. 1504,1499,1509,Oil and gold on wood,"Main panel, overall 67 7/8 x 67 7/8 in. (172.4 x 172.4 cm), painted surface 66 3/4 x 66 1/2 in. (169.5 x 168.9 cm); lunette, overall 29 1/2 x 70 7/8 in. (74.9 x 180 cm), painted surface 25 1/2 x 67 1/2 in. (64.8 x 171.5 cm)","Gift of J. Pierpont Morgan, 1916",,,,,,,,,,,,Paintings,,http://www.metmuseum.org/art/collection/search/437372,https://www.wikidata.org/wiki/Q27033728,,"Metropolitan Museum of Art, New York, NY",Madonna and Child|Saint Catherine|Saint John the Baptist|Saint Paul|Saint Peter|Angels,http://vocab.getty.edu/page/ia/901000052| |http://vocab.getty.edu/page/ia/901001056|http://vocab.getty.edu/page/ia/901001058|http://vocab.getty.edu/page/ia/901000056|http://vocab.getty.edu/page/aat/300379004,https://www.wikidata.org/wiki/Q9309699| |https://www.wikidata.org/wiki/Q40662|https://www.wikidata.org/wiki/Q9200|https://www.wikidata.org/wiki/Q33923|https://www.wikidata.org/wiki/Q235113
61.198,True,True,True,437394,,European Paintings,1961,Painting,Aristotle with a Bust of Homer,,,,,,16229,Artist, ,Rembrandt (Rembrandt van Rijn),"Dutch, Leiden 1606–1669 Amsterdam", ,Rembrandt (Rembrandt van Rijn),Dutch,1606      ,1669      ,,http://vocab.getty.edu/page/ulan/500011051,https://www.wikidata.org/wiki/Q5598,1653,1653,1653,Oil on canvas,56 1/2 x 53 3/4 in. (143.5 x 136.5 cm),"Purchase, special contributions and funds given or bequeathed by friends of the Museum, 1961",,,,,,,,,,,,Paintings,,http://www.metmuseum.org/art/collection/search/437394,https://www.wikidata.org/wiki/Q2404992,,"Metropolitan Museum of Art, New York, NY",Men|Portraits,http://vocab.getty.edu/page/aat/300025928|http://vocab.getty.edu/page/aat/300015637,https://www.wikidata.org/wiki/Q8441|https://www.wikidata.org/wiki/Q134307
14.40.618,True,True,True,437397,964,European Paintings,1914,Painting,Self-Portrait,,,,,,16229,Artist, ,Rembrandt (Rembrandt van Rijn),"Dutch, Leiden 1606–1669 Amsterdam", ,Rembrandt (Rembrandt van Rijn),Dutch,1606      ,1669      ,,http://vocab.getty.edu/page/ulan/500011051,https://www.wikidata.org/wiki/Q5598,1660,1660,1660,Oil on canvas,31 5/8 x 26 1/2 in. (80.3 x 67.3 cm),"Bequest of Benjamin Altman, 1913",,,,,,,,,,,,Paintings,,http://www.metmuseum.org/art/collection/search/437397,https://www.wikidata.org/wiki/Q7311573,,"Metropolitan Museum of Art, New York, NY",Men|Self-portraits,http://vocab.getty.edu/page/aat/300025928|http://vocab.getty.edu/page/aat/300124534,https://www.wikidata.org/wiki/Q8441|https://www.wikidata.org/wiki/Q192110
59.32,True,True,True,437423,,European Paintings,1959,Painting,The Immaculate Conception,,,,,,16230,Artist, ,Guido Reni,"Italian, Bologna 1575–1642 Bologna", ,"Reni, Guido",Italian,1575      ,1642      ,,http://vocab.getty.edu/page/ulan/500030334,https://www.wikidata.org/wiki/Q109061,1627,1627,1627,Oil on canvas,105 1/2 x 73 in. (268 x 185.4 cm),"Victor Wilbour Memorial Fund, 1959",,,,,,,,,,,,Paintings,,http://www.metmuseum.org/art/collection/search/437423,https://www.wikidata.org/wiki/Q19911694,,"Metropolitan Museum of Art, New York, NY",Angels|Virgin Mary,http://vocab.getty.edu/page/aat/300379004|http://vocab.getty.edu/page/ia/901000032,https://www.wikidata.org/wiki/Q235113|https://www.wikidata.org/wiki/Q345
29.100.125,True,True,True,437430,824,European Paintings,1929,Painting,By the Seashore,,,,,,16230,Artist, ,Auguste Renoir,"French, Limoges 1841–1919 Cagnes-sur-Mer", ,"Renoir, Auguste",French,1841      ,1919      ,,http://vocab.getty.edu/page/ulan/500115467,https://www.wikidata.org/wiki/Q39931,1883,1883,1883,Oil on canvas,36 1/4 x 28 1/2 in. (92.1 x 72.4 cm),"H. O. Havemeyer Collection, Bequest of Mrs. H. O. Havemeyer, 1929",,,,,,,,,,,,Paintings,,http://www.metmuseum.org/art/collection/search/437430,https://www.wikidata.org/wiki/Q472037,,"Metropolitan Museum of Art, New York, NY",Portraits|Women,http://vocab.getty.edu/page/aat/300015637|http://vocab.getty.edu/page/aat/300025943,https://www.wikidata.org/wiki/Q134307|https://www.wikidata.org/wiki/Q467
20.155.3,True,True,True,437447,,European Paintings,1920,Painting,Captain George K. H. Coussmaker (1759–1801),,,,,,16508,Artist, ,Sir Joshua Reynolds,"British, Plympton 1723–1792 London", ,"Reynolds, Joshua, Sir",British,1723      ,1792      ,,http://vocab.getty.edu/page/ulan/500004539,https://www.wikidata.org/wiki/Q194402,1782,1782,1782,Oil on canvas,93 3/4 x 57 1/4 in. (238.1 x 145.4 cm),"Bequest of William K. Vanderbilt, 1920",,,,,,,,,,,,Paintings,,http://www.metmuseum.org/art/collection/search/437447,https://www.wikidata.org/wiki/Q5036652,,"Metropolitan Museum of Art, New York, NY",Men|Portraits|Horses,http://vocab.getty.edu/page/aat/300025928|http://vocab.getty.edu/page/aat/300015637|http://vocab.getty.edu/page/aat/300250148,https://www.wikidata.org/wiki/Q8441|https://www.wikidata.org/wiki/Q134307|https://www.wikidata.org/wiki/Q726
34.73,True,True,True,437455,,European Paintings,1934,Painting,The Holy Family with Saints Anne and Catherine of Alexandria,,,,,,16201,Artist, ,Jusepe de Ribera (called Lo Spagnoletto),"Spanish, Játiva 1591–1652 Naples", ,"Ribera, Jusepe de (called Lo Spagnoletto)",Spanish,1591      ,1652      ,,http://vocab.getty.edu/page/ulan/500008521,https://www.wikidata.org/wiki/Q297838,1648,1648,1648,Oil on canvas,82 1/2 x 60 3/4 in. (209.6 x 154.3 cm),"Samuel D. Lee Fund, 1934",,,,,,,,,,,,Paintings,,http://www.metmuseum.org/art/collection/search/437455,https://www.wikidata.org/wiki/Q19911538,,"Metropolitan Museum of Art, New York, NY",Holy Family|Saint Anne|Saint Catherine|Saint Joseph|Jesus|Virgin Mary,http://vocab.getty.edu/page/ia/901001175|http://vocab.getty.edu/page/ia/901001010| |http://vocab.getty.edu/page/ia/901000953|http://vocab.getty.edu/page/ia/901000087|http://vocab.getty.edu/page/ia/901000032,https://www.wikidata.org/wiki/Q618057|https://www.wikidata.org/wiki/Q164294| |https://www.wikidata.org/wiki/Q128267|https://www.wikidata.org/wiki/Q302|https://www.wikidata.org/wiki/Q345
32.100.43,True,True,True,437487,,European Paintings,1932,Painting,"Francesco d'Este (born about 1429, died after July 20, 1486)",,,,,,16232,Artist, ,Rogier van der Weyden,"Netherlandish, Tournai ca. 1399–1464 Brussels", ,Rogier van der Weyden,Netherlandish,1399      ,1464      ,,http://vocab.getty.edu/page/ulan/500008384,https://www.wikidata.org/wiki/Q68631,ca. 1460,1455,1465,Oil on wood,"Overall 12 1/2 x 8 3/4 in. (31.8 x 22.2 cm): painted surface, each side 11 3/4 x 8 in. (29.8 x 20.3 cm)","The Friedsam Collection, Bequest of Michael Friedsam, 1931",,,,,,,,,,,,Paintings,,http://www.metmuseum.org/art/collection/search/437487,https://www.wikidata.org/wiki/Q3399428,,"Metropolitan Museum of Art, New York, NY",Rings|Men|Portraits|Hammers,http://vocab.getty.edu/page/aat/300046012|http://vocab.getty.edu/page/aat/300025928|http://vocab.getty.edu/page/aat/300015637|http://vocab.getty.edu/page/aat/300024823,https://www.wikidata.org/wiki/Q46847|https://www.wikidata.org/wiki/Q8441|https://www.wikidata.org/wiki/Q134307|https://www.wikidata.org/wiki/Q25294
17.190.7,True,False,True,437490,,European Paintings,1917,Painting,The Annunciation,,,,,,16211,Artist, ,Hans Memling,"Netherlandish, Seligenstadt, active by 1465–died 1494 Bruges", ,"Memling, Hans",Netherlandish,1465      ,1494      ,,http://vocab.getty.edu/page/ulan/500005611,https://www.wikidata.org/wiki/Q106851,ca. 1465–70,1465,1470,Oil on wood,73 1/4 x 45 1/4 in. (186.1 x 114.9 cm),"Gift of J. Pierpont Morgan, 1917",,,,,,,,,,,,Paintings,,http://www.metmuseum.org/art/collection/search/437490,https://www.wikidata.org/wiki/Q19911422,,"Metropolitan Museum of Art, New York, NY",Men|Annunciation|Virgin Mary|Bedrooms|Archangel Gabriel|Beds,http://vocab.getty.edu/page/aat/300025928|http://vocab.getty.edu/page/aat/300412102|http://vocab.getty.edu/page/ia/901000032|http://vocab.getty.edu/page/aat/300004364|http://vocab.getty.edu/page/ia/901000493|http://vocab.getty.edu/page/aat/300038697,https://www.wikidata.org/wiki/Q8441|https://www.wikidata.org/wiki/Q154326|https://www.wikidata.org/wiki/Q345|https://www.wikidata.org/wiki/Q193837|https://www.wikidata.org/wiki/Q81989|https://www.wikidata.org/wiki/Q42177
1981.238,True,True,True,437532,,European Paintings,1981,Painting,"Rubens, Helena Fourment (1614–1673), and Their Son Frans (1633–1678)",,,,,,16235,Artist, ,Peter Paul Rubens,"Flemish, Siegen 1577–1640 Antwerp", ,"Rubens, Peter Paul",Flemish,1577      ,1640      ,,http://vocab.getty.edu/page/ulan/500002921,https://www.wikidata.org/wiki/Q5599,ca. 1635,1630,1640,Oil on wood,80 1/4 x 62 1/4 in. (203.8 x 158.1 cm),"Gift of Mr. and Mrs. Charles Wrightsman, in honor of Sir John Pope-Hennessy, 1981",,,,,,,,,,,,Paintings,,http://www.metmuseum.org/art/collection/search/437532,https://www.wikidata.org/wiki/Q19547185,,"Metropolitan Museum of Art, New York, NY",Boys|Men|Portraits|Self-portraits|Women|Parrots|Family|Couples,http://vocab.getty.edu/page/aat/300247598|http://vocab.getty.edu/page/aat/300025928|http://vocab.getty.edu/page/aat/300015637|http://vocab.getty.edu/page/aat/300124534|http://vocab.getty.edu/page/aat/300025943|http://vocab.getty.edu/page/aat/300250076|http://vocab.getty.edu/page/aat/300435378|http://vocab.getty.edu/page/aat/300379217,https://www.wikidata.org/wiki/Q3010|https://www.wikidata.org/wiki/Q8441|https://www.wikidata.org/wiki/Q134307|https://www.wikidata.org/wiki/Q192110|https://www.wikidata.org/wiki/Q467|https://www.wikidata.org/wiki/Q15548309|https://www.wikidata.org/wiki/Q8436|https://www.wikidata.org/wiki/Q219160
14.40.623,True,True,True,437549,965,European Paintings,1914,Painting,Wheat Fields,,,,,,16235,Artist, ,Jacob van Ruisdael,"Dutch, Haarlem 1628/29–1682 Amsterdam", ,"Ruisdael, Jacob van",Dutch,1628      ,1682      ,,http://vocab.getty.edu/page/ulan/500027077,https://www.wikidata.org/wiki/Q213612,ca. 1670,1665,1675,Oil on canvas,39 3/8 x 51 1/4 in. (100 x 130.2 cm),"Bequest of Benjamin Altman, 1913",,,,,,,,,,,,Paintings,,http://www.metmuseum.org/art/collection/search/437549,https://www.wikidata.org/wiki/Q19905217,,"Metropolitan Museum of Art, New York, NY",Roads|Landscapes,http://vocab.getty.edu/page/aat/300008217|http://vocab.getty.edu/page/aat/300132294,https://www.wikidata.org/wiki/Q34442|https://www.wikidata.org/wiki/Q191163
22.75,True,True,True,437609,,European Paintings,1922,Painting,The Holy Family with the Young Saint John the Baptist,,,,,,16238,Artist, ,Andrea del Sarto (Andrea d'Agnolo),"Italian, Florence 1486–1530 Florence", ,"Sarto, Andrea del (Andrea d'Agnolo)",Italian,1486      ,1530      ,,http://vocab.getty.edu/page/ulan/500025314,https://www.wikidata.org/wiki/Q5571,ca. 1528,1523,1533,Oil on wood,53 1/2 x 39 5/8 in. (135.9 x 100.6 cm),"Maria DeWitt Jesup Fund, 1922",,,,,,,,,,,,Paintings,,http://www.metmuseum.org/art/collection/search/437609,https://www.wikidata.org/wiki/Q3944459,,"Metropolitan Museum of Art, New York, NY",Holy Family|Saint John the Baptist|Saint Joseph|Jesus|Virgin Mary,http://vocab.getty.edu/page/ia/901001175|http://vocab.getty.edu/page/ia/901001056|http://vocab.getty.edu/page/ia/901000953|http://vocab.getty.edu/page/ia/901000087|http://vocab.getty.edu/page/ia/901000032,https://www.wikidata.org/wiki/Q618057|https://www.wikidata.org/wiki/Q40662|https://www.wikidata.org/wiki/Q128267|https://www.wikidata.org/wiki/Q302|https://www.wikidata.org/wiki/Q345
61.101.17,True,True,True,437654,825,European Paintings,1961,Painting,Circus Sideshow (Parade de cirque),,,,,,16240,Artist, ,Georges Seurat,"French, Paris 1859–1891 Paris", ,"Seurat, Georges",French,1859      ,1891      ,,http://vocab.getty.edu/page/ulan/500008873,https://www.wikidata.org/wiki/Q34013,1887–88,1887,1888,Oil on canvas,39 1/4 x 59 in. (99.7 x 149.9 cm),"Bequest of Stephen C. Clark, 1960",,,,,,,,,,,,Paintings,,http://www.metmuseum.org/art/collection/search/437654,https://www.wikidata.org/wiki/Q3823444,,"Metropolitan Museum of Art, New York, NY",Circus|Musicians|Musical Instruments|Men|Women,http://vocab.getty.edu/page/aat/300069235|http://vocab.getty.edu/page/aat/300025666|http://vocab.getty.edu/page/aat/300041620|http://vocab.getty.edu/page/aat/300025928|http://vocab.getty.edu/page/aat/300025943,https://www.wikidata.org/wiki/Q47928|https://www.wikidata.org/wiki/Q639669|https://www.wikidata.org/wiki/Q34379|https://www.wikidata.org/wiki/Q8441|https://www.wikidata.org/wiki/Q467
51.112.6,True,True,True,437658,825,European Paintings,1951,Painting,"Study for ""A Sunday on La Grande Jatte""",,,,,,16240,Artist, ,Georges Seurat,"French, Paris 1859–1891 Paris", ,"Seurat, Georges",French,1859      ,1891      ,,http://vocab.getty.edu/page/ulan/500008873,https://www.wikidata.org/wiki/Q34013,1884,1884,1884,Oil on canvas,27 3/4 x 41 in. (70.5 x 104.1 cm),"Bequest of Sam A. Lewisohn, 1951",,,,,,,,,,,,Paintings,,http://www.metmuseum.org/art/collection/search/437658,https://www.wikidata.org/wiki/Q3976307,,"Metropolitan Museum of Art, New York, NY",Leisure|Children|Men|Women|Dogs|Monkeys|Rivers,http://vocab.getty.edu/page/aat/300138173|http://vocab.getty.edu/page/aat/300025945|http://vocab.getty.edu/page/aat/300025928|http://vocab.getty.edu/page/aat/300025943|http://vocab.getty.edu/page/aat/300265714|http://vocab.getty.edu/page/aat/300250028|http://vocab.getty.edu/page/aat/300008707,https://www.wikidata.org/wiki/Q180910|https://www.wikidata.org/wiki/Q7569|https://www.wikidata.org/wiki/Q8441|https://www.wikidata.org/wiki/Q467|https://www.wikidata.org/wiki/Q144|https://www.wikidata.org/wiki/Q1367|https://www.wikidata.org/wiki/Q4022
41.100.23,True,True,True,437675,952,European Paintings,1941,Painting,Saint Andrew,,,,,,16210,Artist, ,Simone Martini,"Italian, Siena, active by 1315–died 1344 Avignon", ,"Martini, Simone",Italian,1315      ,1344      ,,http://vocab.getty.edu/page/ulan/500399029,https://www.wikidata.org/wiki/Q221043,ca. 1326,1321,1331,"Tempera on wood, gold ground",22 1/2 x 14 7/8 in. (57.2 x 37.8 cm),"Gift of George Blumenthal, 1941",,,,,,,,,,,,Paintings,,http://www.metmuseum.org/art/collection/search/437675,https://www.wikidata.org/wiki/Q19911491,,"Metropolitan Museum of Art, New York, NY",Men|Saints,http://vocab.getty.edu/page/aat/300025928|http://vocab.getty.edu/page/aat/300150555,https://www.wikidata.org/wiki/Q8441|https://www.wikidata.org/wiki/Q43115
58.89,True,True,True,437749,,European Paintings,1958,Painting,Merry Company on a Terrace,,,,,,16246,Artist, ,Jan Steen,"Dutch, Leiden 1626–1679 Leiden", ,"Steen, Jan",Dutch,1626      ,1679      ,,http://vocab.getty.edu/page/ulan/500115664,https://www.wikidata.org/wiki/Q205863,ca. 1670,1665,1675,Oil on canvas,55 1/2 x 51 3/4 in. (141 x 131.4 cm),"Fletcher Fund, 1958",,,,,,,,,,,,Paintings,,http://www.metmuseum.org/art/collection/search/437749,https://www.wikidata.org/wiki/Q19905429,,"Metropolitan Museum of Art, New York, NY",Food|Children|Men|Women|Dogs|Dining|Musicians|Toys,http://vocab.getty.edu/page/aat/300254496|http://vocab.getty.edu/page/aat/300025945|http://vocab.getty.edu/page/aat/300025928|http://vocab.getty.edu/page/aat/300025943|http://vocab.getty.edu/page/aat/300265714|http://vocab.getty.edu/page/aat/300379052|http://vocab.getty.edu/page/aat/300025666|http://vocab.getty.edu/page/aat/300211037,https://www.wikidata.org/wiki/Q2095|https://www.wikidata.org/wiki/Q7569|https://www.wikidata.org/wiki/Q8441|https://www.wikidata.org/wiki/Q467|https://www.wikidata.org/wiki/Q144|https://www.wikidata.org/wiki/Q661199|https://www.wikidata.org/wiki/Q639669|https://www.wikidata.org/wiki/Q11422
1984.459.1,True,True,True,437769,964,European Paintings,1984,Painting,Clothing the Naked,,,,,,16250,Artist, ,Michiel Sweerts,"Flemish, Brussels 1618–1664 Goa", ,"Sweerts, Michiel",Flemish,1618      ,1664      ,,http://vocab.getty.edu/page/ulan/500026983,https://www.wikidata.org/wiki/Q1342328,ca. 1661,1656,1666,Oil on canvas,32 1/4 x 45 in. (81.9 x 114.3 cm),"Gift of Mr. and Mrs. Charles Wrightsman, 1984",,,,,,,,,,,,Paintings,,http://www.metmuseum.org/art/collection/search/437769,https://www.wikidata.org/wiki/Q20167131,,"Metropolitan Museum of Art, New York, NY",Men,http://vocab.getty.edu/page/aat/300025928,https://www.wikidata.org/wiki/Q8441
1977.1.3,True,True,True,437790,,European Paintings,1977,"Painting, sketch",Allegory of the Planets and Continents,,,,,,16253,Artist, ,Giovanni Battista Tiepolo,"Italian, Venice 1696–1770 Madrid", ,"Tiepolo, Giovanni Battista",Italian,1696      ,1770      ,,http://vocab.getty.edu/page/ulan/500018523,https://www.wikidata.org/wiki/Q186202,1752,1752,1752,Oil on canvas,73 x 54 7/8 in. (185.4 x 139.4 cm),"Gift of Mr. and Mrs. Charles Wrightsman, 1977",,,,,,,,,,,,Paintings,,http://www.metmuseum.org/art/collection/search/437790,https://www.wikidata.org/wiki/Q19911765,,"Metropolitan Museum of Art, New York, NY",Men|Male Nudes|Women|Female Nudes|Elephants|Horses,http://vocab.getty.edu/page/aat/300025928|http://vocab.getty.edu/page/aat/300189568|http://vocab.getty.edu/page/aat/300025943|http://vocab.getty.edu/page/aat/300189568|http://vocab.getty.edu/page/aat/300250160|http://vocab.getty.edu/page/aat/300250148,https://www.wikidata.org/wiki/Q8441|https://www.wikidata.org/wiki/Q40446|https://www.wikidata.org/wiki/Q467|https://www.wikidata.org/wiki/Q40446|https://www.wikidata.org/wiki/Q7378|https://www.wikidata.org/wiki/Q726
49.7.16,True,True,True,437826,,European Paintings,1949,Painting,Venus and Adonis,,,,,,16255,Artist, ,Titian (Tiziano Vecellio),"Italian, Pieve di Cadore ca. 1485/90?–1576 Venice", ,Titian (Tiziano Vecellio),Italian,1485      ,1576      ,,http://vocab.getty.edu/page/ulan/500031075,https://www.wikidata.org/wiki/Q47551,1550s,1550,1559,Oil on canvas,42 x 52 1/2 in. (106.7 x 133.4 cm),"The Jules Bache Collection, 1949",,,,,,,,,,,,Paintings,,http://www.metmuseum.org/art/collection/search/437826,https://www.wikidata.org/wiki/Q4009570,,"Metropolitan Museum of Art, New York, NY",Cupid|Adonis|Venus|Dogs,http://vocab.getty.edu/page/aat/300380105|http://vocab.getty.edu/page/ia/901000521|http://vocab.getty.edu/page/ia/901001064|http://vocab.getty.edu/page/aat/300265714,https://www.wikidata.org/wiki/Q5011|https://www.wikidata.org/wiki/Q163920|https://www.wikidata.org/wiki/Q47652|https://www.wikidata.org/wiki/Q144
67.187.108,True,True,True,437835,817,European Paintings,1967,Painting,"The Englishman (William Tom Warrener, 1861–1934) at the Moulin Rouge",,,,,,16256,Artist, ,Henri de Toulouse-Lautrec,"French, Albi 1864–1901 Saint-André-du-Bois", ,"Toulouse-Lautrec, Henri de",French,1864      ,1901      ,,http://vocab.getty.edu/page/ulan/500029114,https://www.wikidata.org/wiki/Q82445,1892,1892,1892,Oil on cardboard,33 3/4 x 26 in. (85.7 x 66 cm),"Bequest of Miss Adelaide Milton de Groot (1876-1967), 1967",,,,,,,,,,,,Paintings,,http://www.metmuseum.org/art/collection/search/437835,https://www.wikidata.org/wiki/Q19905264,,"Metropolitan Museum of Art, New York, NY",Men|Women,http://vocab.getty.edu/page/aat/300025928|http://vocab.getty.edu/page/aat/300025943,https://www.wikidata.org/wiki/Q8441|https://www.wikidata.org/wiki/Q467
96.29,True,True,True,437854,808,European Paintings,1896,Painting,Whalers,,,,,,16257,Artist, ,Joseph Mallord William Turner,"British, London 1775–1851 London", ,"Turner, Joseph Mallord William",British,1775      ,1851      ,,http://vocab.getty.edu/page/ulan/500026846,https://www.wikidata.org/wiki/Q159758,ca. 1845,1840,1850,Oil on canvas,36 1/8 x 48 1/4 in. (91.8 x 122.6 cm),"Catharine Lorillard Wolfe Collection, Wolfe Fund, 1896",,,,,,,,,,,,Paintings,,http://www.metmuseum.org/art/collection/search/437854,https://www.wikidata.org/wiki/Q19904831,,"Metropolitan Museum of Art, New York, NY",Whales|Seascapes|Boats,http://vocab.getty.edu/page/aat/300250157|http://vocab.getty.edu/page/aat/300117546|http://vocab.getty.edu/page/aat/300178749,https://www.wikidata.org/wiki/Q1865281|https://www.wikidata.org/wiki/Q158607|https://www.wikidata.org/wiki/Q35872
1971.86,True,True,True,437869,955,European Paintings,1971,Painting,Juan de Pareja (ca. 1608–1670),,,,,,16261,Artist, ,Velázquez (Diego Rodríguez de Silva y Velázquez),"Spanish, Seville 1599–1660 Madrid", ,Velázquez (Diego Rodríguez de Silva y Velázquez),Spanish,1599      ,1660      ,,http://vocab.getty.edu/page/ulan/500016881,https://www.wikidata.org/wiki/Q297,1650,1650,1650,Oil on canvas,32 x 27 1/2 in. (81.3 x 69.9 cm),"Purchase, Fletcher and Rogers Funds, and Bequest of Miss Adelaide Milton de Groot (1876-1967), by exchange, supplemented by gifts from friends of the Museum, 1971",,,,,,,,,,,,Paintings,,http://www.metmuseum.org/art/collection/search/437869,https://www.wikidata.org/wiki/Q4717953,,"Metropolitan Museum of Art, New York, NY",Men|Portraits,http://vocab.getty.edu/page/aat/300025928|http://vocab.getty.edu/page/aat/300015637,https://www.wikidata.org/wiki/Q8441|https://www.wikidata.org/wiki/Q134307
1979.396.1,True,True,True,437879,964,European Paintings,1979,Painting,Study of a Young Woman,,,,,,10841,Artist, ,Johannes Vermeer,"Dutch, Delft 1632–1675 Delft", ,"Vermeer, Johannes",Dutch,1632      ,1675      ,,http://vocab.getty.edu/page/ulan/500032927,https://www.wikidata.org/wiki/Q41264,ca. 1665–67,1665,1667,Oil on canvas,17 1/2 x 15 3/4 in. (44.5 x 40 cm),"Gift of Mr. and Mrs. Charles Wrightsman, in memory of Theodore Rousseau Jr., 1979",,,,,,,,,,,,Paintings,,http://www.metmuseum.org/art/collection/search/437879,https://www.wikidata.org/wiki/Q958088,,"Metropolitan Museum of Art, New York, NY",Portraits|Women,http://vocab.getty.edu/page/aat/300015637|http://vocab.getty.edu/page/aat/300025943,https://www.wikidata.org/wiki/Q134307|https://www.wikidata.org/wiki/Q467
89.15.21,True,True,True,437881,964,European Paintings,1889,Painting,Young Woman with a Water Pitcher,,,,,,10841,Artist, ,Johannes Vermeer,"Dutch, Delft 1632–1675 Delft", ,"Vermeer, Johannes",Dutch,1632      ,1675      ,,http://vocab.getty.edu/page/ulan/500032927,https://www.wikidata.org/wiki/Q41264,ca. 1662,1657,1667,Oil on canvas,18 x 16 in. (45.7 x 40.6 cm),"Marquand Collection, Gift of Henry G. Marquand, 1889",,,,,,,,,,,,Paintings,,http://www.metmuseum.org/art/collection/search/437881,https://www.wikidata.org/wiki/Q386453,,"Metropolitan Museum of Art, New York, NY",Interiors|Women|Maps|Pitchers,http://vocab.getty.edu/page/aat/300391239|http://vocab.getty.edu/page/aat/300025943|http://vocab.getty.edu/page/aat/300028094|http://vocab.getty.edu/page/aat/300194765,https://www.wikidata.org/wiki/Q2998430|https://www.wikidata.org/wiki/Q467|https://www.wikidata.org/wiki/Q4006|https://www.wikidata.org/wiki/Q132397
10.189,True,True,True,437891,,European Paintings,1910,Painting,Mars and Venus United by Love,,,,,,16263,Artist, ,Paolo Veronese (Paolo Caliari),"Italian, Verona 1528–1588 Venice", ,"Veronese, Paolo (Paolo Caliari)",Italian,1528      ,1588      ,,http://vocab.getty.edu/page/ulan/500021218,https://www.wikidata.org/wiki/Q9440,1570s,1570,1579,Oil on canvas,81 x 63 3/8 in. (205.7 x 161 cm),"John Stewart Kennedy Fund, 1910",,,,,,,,,,,,Paintings,,http://www.metmuseum.org/art/collection/search/437891,https://www.wikidata.org/wiki/Q9372005,,"Metropolitan Museum of Art, New York, NY",Cupid|Mars|Venus|Horses,http://vocab.getty.edu/page/aat/300380105|http://vocab.getty.edu/page/ia/901001031|http://vocab.getty.edu/page/ia/901001064|http://vocab.getty.edu/page/aat/300250148,https://www.wikidata.org/wiki/Q5011|https://www.wikidata.org/wiki/Q112|https://www.wikidata.org/wiki/Q47652|https://www.wikidata.org/wiki/Q726
54.182,True,True,True,437900,,European Paintings,1954,Painting,"Comtesse de la Châtre (Marie Charlotte Louise Perrette Aglaé Bontemps, 1762–1848)",,,,,,16264,Artist, ,Elisabeth Louise Vigée Le Brun,"French, Paris 1755–1842 Paris", ,"Vigée Le Brun, Elisabeth Louise",French,1755      ,1842      ,Female,http://vocab.getty.edu/page/ulan/500010070,https://www.wikidata.org/wiki/Q213163,1789,1789,1789,Oil on canvas,45 x 34 1/2 in. (114.3 x 87.6 cm),"Gift of Jessie Woolworth Donahue, 1954",,,,,,,,,,,,Paintings,,http://www.metmuseum.org/art/collection/search/437900,https://www.wikidata.org/wiki/Q19912372,,"Metropolitan Museum of Art, New York, NY",Portraits|Women,http://vocab.getty.edu/page/aat/300015637|http://vocab.getty.edu/page/aat/300025943,https://www.wikidata.org/wiki/Q134307|https://www.wikidata.org/wiki/Q467
34.138,True,True,True,437926,,European Paintings,1934,Painting,Mezzetin,,,,,,16269,Artist, ,Antoine Watteau,"French, Valenciennes 1684–1721 Nogent-sur-Marne", ,"Watteau, Antoine",French,1684      ,1721      ,,http://vocab.getty.edu/page/ulan/500032644,https://www.wikidata.org/wiki/Q183221,ca. 1718–20,1718,1720,Oil on canvas,21 3/4 x 17 in. (55.2 x 43.2 cm),"Munsey Fund, 1934",,,,,,,,,,,,Paintings,,http://www.metmuseum.org/art/collection/search/437926,https://www.wikidata.org/wiki/Q17635065,,"Metropolitan Museum of Art, New York, NY",Men|Guitars|Actors|Music,http://vocab.getty.edu/page/aat/300025928|http://vocab.getty.edu/page/aat/300042025|http://vocab.getty.edu/page/aat/300025658|http://vocab.getty.edu/page/aat/300435214,https://www.wikidata.org/wiki/Q8441|https://www.wikidata.org/wiki/Q6607|https://www.wikidata.org/wiki/Q33999|https://www.wikidata.org/wiki/Q638
27.137,True,True,True,437971,,European Paintings,1927,Painting,The Young Virgin,,,,,,16279,Artist, ,Francisco de Zurbarán,"Spanish, Fuente de Cantos 1598–1664 Madrid", ,"Zurbarán, Francisco de",Spanish,1598      ,1664      ,,http://vocab.getty.edu/page/ulan/500001984,https://www.wikidata.org/wiki/Q209615,ca. 1632–33,1632,1633,Oil on canvas,46 x 37 in. (116.8 x 94 cm),"Fletcher Fund, 1927",,,,,,,,,,,,Paintings,,http://www.metmuseum.org/art/collection/search/437971,https://www.wikidata.org/wiki/Q6163639,,"Metropolitan Museum of Art, New York, NY",Lilies|Sewing|Virgin Mary,http://vocab.getty.edu/page/aat/300375591|http://vocab.getty.edu/page/aat/300053658|http://vocab.getty.edu/page/ia/901000032,https://www.wikidata.org/wiki/Q40458125|https://www.wikidata.org/wiki/Q652122|https://www.wikidata.org/wiki/Q345
2019.141.10,True,False,True,438112,,European Paintings,2019,Painting,Queen Henrietta Maria,,,,,,16185,Artist, ,Anthony van Dyck,"Flemish, Antwerp 1599–1641 London", ,"Dyck, Anthony van",Flemish,1599      ,1641      ,,http://vocab.getty.edu/page/ulan/500115190,https://www.wikidata.org/wiki/Q150679,1636,1636,1636,Oil on canvas,41 5/8 × 33 1/4 in. (105.7 × 84.5 cm),"Bequest of Mrs. Charles Wrightsman in honor of Annette de la Renta, 2019",,,,,,,,,,,,Paintings,,http://www.metmuseum.org/art/collection/search/438112,https://www.wikidata.org/wiki/Q78639467,,"Metropolitan Museum of Art, New York, NY",Queens|Portraits|Women|Crowns,http://vocab.getty.edu/page/aat/300025483|http://vocab.getty.edu/page/aat/300015637|http://vocab.getty.edu/page/aat/300025943|http://vocab.getty.edu/page/aat/300046020,https://www.wikidata.org/wiki/Q16511993|https://www.wikidata.org/wiki/Q134307|https://www.wikidata.org/wiki/Q467|https://www.wikidata.org/wiki/Q170984
2000.51,True,True,True,438417,807,European Paintings,2000,Painting,Two Men Contemplating the Moon,,,,,,16190,Artist, ,Caspar David Friedrich,"German, Greifswald 1774–1840 Dresden", ,"Friedrich, Caspar David",German,1774      ,1840      ,,http://vocab.getty.edu/page/ulan/500116242,https://www.wikidata.org/wiki/Q104884,ca. 1825–30,1825,1830,Oil on canvas,13 3/4 x 17 1/4 in. (34.9 x 43.8 cm),"Wrightsman Fund, 2000",,,,,,,,,,,,Paintings,,http://www.metmuseum.org/art/collection/search/438417,https://www.wikidata.org/wiki/Q17281208,,"Metropolitan Museum of Art, New York, NY",Contemplation|Men|Moon,http://vocab.getty.edu/page/aat/300264547|http://vocab.getty.edu/page/aat/300025928|http://vocab.getty.edu/page/aat/300386951,https://www.wikidata.org/wiki/Q1123855|https://www.wikidata.org/wiki/Q8441|https://www.wikidata.org/wiki/Q405
2002.436,True,True,True,438605,,European Paintings,2002,Painting,The Crucifixion,,,,,,16207,Artist, ,Pietro Lorenzetti,"Italian, active Siena 1320–44", ,"Lorenzetti, Pietro",Italian,1320      ,1344      ,,http://vocab.getty.edu/page/ulan/500030946,https://www.wikidata.org/wiki/Q309635,1340s,1340,1344,Tempera and gold leaf on wood,Overall 16 1/2 x 12 1/2 in. (41.9 x 31.8 cm); painted surface 14 1/8 x 10 1/8 in. (35.9 x 25.7 cm),"Purchase, Lila Acheson Wallace Gift and Gwynne Andrews Fund, 2002",,,,,,,,,,,,Paintings,,http://www.metmuseum.org/art/collection/search/438605,https://www.wikidata.org/wiki/Q19911922,,"Metropolitan Museum of Art, New York, NY",Men|Women|Horses|Crucifixion|Christ|Virgin Mary,http://vocab.getty.edu/page/aat/300025928|http://vocab.getty.edu/page/aat/300025943|http://vocab.getty.edu/page/aat/300250148|http://vocab.getty.edu/page/aat/300404300|http://vocab.getty.edu/page/ia/901000087|http://vocab.getty.edu/page/ia/901000032,https://www.wikidata.org/wiki/Q8441|https://www.wikidata.org/wiki/Q467|https://www.wikidata.org/wiki/Q726|https://www.wikidata.org/wiki/Q3235597|https://www.wikidata.org/wiki/Q642420|https://www.wikidata.org/wiki/Q345
2004.442,True,True,True,438754,,European Paintings,2004,Painting,Madonna and Child,,,,,,16184,Artist, ,Duccio di Buoninsegna,"Italian, active by 1278–died 1318 Siena", ,Duccio di Buoninsegna,Italian,1278      ,1318      ,,http://vocab.getty.edu/page/ulan/500029165,https://www.wikidata.org/wiki/Q15792,ca. 1290–1300,1290,1300,Tempera and gold on wood,"Overall, with engaged frame, 11 x 8 1/4 in. (27.9 x 21 cm); painted surface 9 3/8 x 6 1/2 in. (23.8 x 16.5 cm)","Purchase, Rogers Fund, Walter and Leonore Annenberg and The Annenberg Foundation Gift, Lila Acheson Wallace Gift, Annette de la Renta Gift, Harris Brisbane Dick, Fletcher, Louis V. Bell, and Dodge Funds, Joseph Pulitzer Bequest, several members of The Chairman's Council Gifts, Elaine L. Rosenberg and Stephenson Family Foundation Gifts, 2003 Benefit Fund, and other gifts and funds from various donors, 2004",,,,,,,,,,,,Paintings,,http://www.metmuseum.org/art/collection/search/438754,https://www.wikidata.org/wiki/Q6728394,,"Metropolitan Museum of Art, New York, NY",Madonna and Child,http://vocab.getty.edu/page/ia/901000052,https://www.wikidata.org/wiki/Q9309699
03.30,True,True,True,438814,801,European Paintings,1903,Painting,The Abduction of Rebecca,,,,,,16182,Artist, ,Eugène Delacroix,"French, Charenton-Saint-Maurice 1798–1863 Paris", ,"Delacroix, Eugène",French,1798      ,1863      ,,http://vocab.getty.edu/page/ulan/500115509,https://www.wikidata.org/wiki/Q33477,1846,1846,1846,Oil on canvas,39 1/2 x 32 1/4 in. (100.3 x 81.9 cm),"Catharine Lorillard Wolfe Collection, Wolfe Fund, 1903",,,,,,,,,,,,Paintings,,http://www.metmuseum.org/art/collection/search/438814,https://www.wikidata.org/wiki/Q19911594,,"Metropolitan Museum of Art, New York, NY",Horses|Battles|Men|Women,http://vocab.getty.edu/page/aat/300250148|http://vocab.getty.edu/page/aat/300185692|http://vocab.getty.edu/page/aat/300025928|http://vocab.getty.edu/page/aat/300025943,https://www.wikidata.org/wiki/Q726|https://www.wikidata.org/wiki/Q178561|https://www.wikidata.org/wiki/Q8441|https://www.wikidata.org/wiki/Q467
07.122,True,True,True,438815,824,European Paintings,1907,Painting,"Madame Georges Charpentier (Marguérite-Louise Lemonnier, 1848–1904) and Her Children, Georgette-Berthe (1872–1945) and Paul-Émile-Charles (1875–1895)",,,,,,16230,Artist, ,Auguste Renoir,"French, Limoges 1841–1919 Cagnes-sur-Mer", ,"Renoir, Auguste",French,1841      ,1919      ,,http://vocab.getty.edu/page/ulan/500115467,https://www.wikidata.org/wiki/Q39931,1878,1878,1878,Oil on canvas,60 1/2 x 74 7/8 in. (153.7 x 190.2 cm),"Catharine Lorillard Wolfe Collection, Wolfe Fund, 1907",,,,,,,,,,,,Paintings,,http://www.metmuseum.org/art/collection/search/438815,https://www.wikidata.org/wiki/Q686105,,"Metropolitan Museum of Art, New York, NY",Boys|Girls|Interiors|Portraits|Women|Dogs,http://vocab.getty.edu/page/aat/300247598|http://vocab.getty.edu/page/aat/300247581|http://vocab.getty.edu/page/aat/300391239|http://vocab.getty.edu/page/aat/300015637|http://vocab.getty.edu/page/aat/300025943|http://vocab.getty.edu/page/aat/300265714,https://www.wikidata.org/wiki/Q3010|https://www.wikidata.org/wiki/Q3031|https://www.wikidata.org/wiki/Q2998430|https://www.wikidata.org/wiki/Q134307|https://www.wikidata.org/wiki/Q467|https://www.wikidata.org/wiki/Q144
11.4,True,True,True,438816,802,European Paintings,1911,Painting,The Forest in Winter at Sunset,,,,,,16234,Artist, ,Théodore Rousseau,"French, Paris 1812–1867 Barbizon", ,"Rousseau, Théodore",French,1812      ,1867      ,,http://vocab.getty.edu/page/ulan/500019946,https://www.wikidata.org/wiki/Q310025,ca. 1846–67,1846,1867,Oil on canvas,64 x 102 3/8 in. (162.6 x 260 cm),"Gift of P. A. B. Widener, 1911",,,,,,,,,,,,Paintings,,http://www.metmuseum.org/art/collection/search/438816,https://www.wikidata.org/wiki/Q19912312,,"Metropolitan Museum of Art, New York, NY",Forests|Winter|Evening,http://vocab.getty.edu/page/aat/300387598|http://vocab.getty.edu/page/aat/300133101|http://vocab.getty.edu/page/aat/300343633,https://www.wikidata.org/wiki/Q4421|https://www.wikidata.org/wiki/Q1311|https://www.wikidata.org/wiki/Q7725
1987.47.1,True,True,True,438817,815,European Paintings,1987,Painting,The Dance Class,,,,,,16182,Artist, ,Edgar Degas,"French, Paris 1834–1917 Paris", ,"Degas, Edgar",French,1834      ,1917      ,,http://vocab.getty.edu/page/ulan/500115194,https://www.wikidata.org/wiki/Q46373,1874,1874,1874,Oil on canvas,32 7/8 x 30 3/8 in. (83.5 x 77.2 cm),"Bequest of Mrs. Harry Payne Bingham, 1986",,,,,,,,,,,,Paintings,,http://www.metmuseum.org/art/collection/search/438817,https://www.wikidata.org/wiki/Q18758802,,"Metropolitan Museum of Art, New York, NY",Girls|Men|Women|Students|Dancers|Ballet,http://vocab.getty.edu/page/aat/300247581|http://vocab.getty.edu/page/aat/300025928|http://vocab.getty.edu/page/aat/300025943|http://vocab.getty.edu/page/aat/300025909|http://vocab.getty.edu/page/aat/300025653|http://vocab.getty.edu/page/aat/300054145,https://www.wikidata.org/wiki/Q3031|https://www.wikidata.org/wiki/Q8441|https://www.wikidata.org/wiki/Q467|https://www.wikidata.org/wiki/Q48282|https://www.wikidata.org/wiki/Q5716684|https://www.wikidata.org/wiki/Q41425
29.100.23,True,False,True,438818,801,European Paintings,1929,Painting,Joseph-Antoine Moltedo (born 1775),,,,,,16200,Artist, ,Jean Auguste Dominique Ingres,"French, Montauban 1780–1867 Paris", ,"Ingres, Jean Auguste Dominique",French,1780      ,1867      ,,http://vocab.getty.edu/page/ulan/500028037,https://www.wikidata.org/wiki/Q23380,ca. 1810,1805,1815,Oil on canvas,29 5/8 x 22 7/8 in. (75.2 x 58.1 cm),"H. O. Havemeyer Collection, Bequest of Mrs. H. O. Havemeyer, 1929",,,,,,,,,,,,Paintings,,http://www.metmuseum.org/art/collection/search/438818,https://www.wikidata.org/wiki/Q12142540,,"Metropolitan Museum of Art, New York, NY",Men|Portraits,http://vocab.getty.edu/page/aat/300025928|http://vocab.getty.edu/page/aat/300015637,https://www.wikidata.org/wiki/Q8441|https://www.wikidata.org/wiki/Q134307
40.175,True,True,True,438820,812,European Paintings,1940,Painting,Young Ladies of the Village,,,,,,16179,Artist, ,Gustave Courbet,"French, Ornans 1819–1877 La Tour-de-Peilz", ,"Courbet, Gustave",French,1819      ,1877      ,,http://vocab.getty.edu/page/ulan/500010927,https://www.wikidata.org/wiki/Q34618,1851–52,1851,1852,Oil on canvas,76 3/4 x 102 3/4 in. (194.9 x 261 cm),"Gift of Harry Payne Bingham, 1940",,,,,,,,,,,,Paintings,,http://www.metmuseum.org/art/collection/search/438820,https://www.wikidata.org/wiki/Q19911495,,"Metropolitan Museum of Art, New York, NY",Baskets|Landscapes|Parasols|Girls|Women|Cows|Dogs,http://vocab.getty.edu/page/aat/300194498|http://vocab.getty.edu/page/aat/300132294|http://vocab.getty.edu/page/aat/300046218|http://vocab.getty.edu/page/aat/300247581|http://vocab.getty.edu/page/aat/300025943|http://vocab.getty.edu/page/aat/300250120|http://vocab.getty.edu/page/aat/300265714,https://www.wikidata.org/wiki/Q201097|https://www.wikidata.org/wiki/Q191163|https://www.wikidata.org/wiki/Q1762975|https://www.wikidata.org/wiki/Q3031|https://www.wikidata.org/wiki/Q467|https://www.wikidata.org/wiki/Q830|https://www.wikidata.org/wiki/Q144
51.112.2,True,True,True,438821,825,European Paintings,1951,Painting,Ia Orana Maria (Hail Mary),,,,,,16192,Artist, ,Paul Gauguin,"French, Paris 1848–1903 Atuona, Hiva Oa, Marquesas Islands", ,"Gauguin, Paul",French,1848      ,1903      ,,http://vocab.getty.edu/page/ulan/500011421,https://www.wikidata.org/wiki/Q37693,1891,1891,1891,Oil on canvas,44 3/4 x 34 1/2 in. (113.7 x 87.6 cm),"Bequest of Sam A. Lewisohn, 1951",,,,,,,,,,,,Paintings,,http://www.metmuseum.org/art/collection/search/438821,https://www.wikidata.org/wiki/Q1118465,,"Metropolitan Museum of Art, New York, NY",Jesus|Women|Landscapes|Angels|Virgin Mary,http://vocab.getty.edu/page/ia/901000087|http://vocab.getty.edu/page/aat/300025943|http://vocab.getty.edu/page/aat/300132294|http://vocab.getty.edu/page/aat/300379004|http://vocab.getty.edu/page/ia/901000032,https://www.wikidata.org/wiki/Q302|https://www.wikidata.org/wiki/Q467|https://www.wikidata.org/wiki/Q191163|https://www.wikidata.org/wiki/Q235113|https://www.wikidata.org/wiki/Q345
51.112.5,True,False,True,438822,825,European Paintings,1951,Painting,The Repast of the Lion,,,,,,16511,Artist, ,Henri Rousseau (le Douanier),"French, Laval 1844–1910 Paris", ,"Rousseau, Henri (le Douanier)",French,1844      ,1910      ,,http://vocab.getty.edu/page/ulan/500115462,https://www.wikidata.org/wiki/Q156386,ca. 1907,1902,1912,Oil on canvas,44 3/4 x 63 in. (113.7 x 160 cm),"Bequest of Sam A. Lewisohn, 1951",,,,,,,,,,,,Paintings,,http://www.metmuseum.org/art/collection/search/438822,https://www.wikidata.org/wiki/Q19912313,,"Metropolitan Museum of Art, New York, NY",Forests|Lions,http://vocab.getty.edu/page/aat/300387598|http://vocab.getty.edu/page/aat/300310388,https://www.wikidata.org/wiki/Q4421|https://www.wikidata.org/wiki/Q140
2008.459,True,True,True,439933,,European Paintings,2008,Painting,Lute Player,,,,,,12713,Artist, ,Valentin de Boulogne,"French, Coulommiers-en-Brie 1591–1632 Rome", ,Valentin de Boulogne,French,1591      ,1632      ,,http://vocab.getty.edu/page/ulan/500021073,https://www.wikidata.org/wiki/Q1337275,ca. 1625–26,1625,1626,Oil on canvas,50 1/2 x 39 in. (128.3 x 99.1 cm),"Purchase, Walter and Leonore Annenberg Acquisitions Endowment Fund; Director's Fund; Acquisitions Fund; James and Diane Burke and Mr. and Mrs. Mark Fisch Gifts; Louis V. Bell, Harris Brisbane Dick, Fletcher, and Rogers Funds and Joseph Pulitzer Bequest, 2008
",,,,,,,,,,,,Paintings,,http://www.metmuseum.org/art/collection/search/439933,https://www.wikidata.org/wiki/Q19911949,,"Metropolitan Museum of Art, New York, NY",Men|Lutes|Musicians,http://vocab.getty.edu/page/aat/300025928|http://vocab.getty.edu/page/aat/300042101|http://vocab.getty.edu/page/aat/300025666,https://www.wikidata.org/wiki/Q8441|https://www.wikidata.org/wiki/Q180733|https://www.wikidata.org/wiki/Q639669
2012.99,True,True,False,440393,,European Paintings,2012,Painting,The Baptism of Christ,,,,,,16416,Artist, ,Jacopo Bassano (Jacopo da Ponte),"Italian, Bassano del Grappa ca. 1510–1592 Bassano del Grappa", ,"Bassano, Jacopo (Jacopo da Ponte)",Italian,1510      ,1592      ,,http://vocab.getty.edu/page/ulan/500003126,https://www.wikidata.org/wiki/Q346502,ca. 1590,1585,1595,Oil on canvas,75 1/2 x 63 1/8 in. (191.8 x 160.3 cm),"Gift of Mr. and Mrs. Mark Fisch, 2012",,,,,,,,,,,,Paintings,,http://www.metmuseum.org/art/collection/search/440393,https://www.wikidata.org/wiki/Q19911654,,"Metropolitan Museum of Art, New York, NY",Men|Saint John the Baptist|Baptism of Christ|Angels,http://vocab.getty.edu/page/aat/300025928|http://vocab.getty.edu/page/ia/901001056|http://vocab.getty.edu/page/ia/901001066|http://vocab.getty.edu/page/aat/300379004,https://www.wikidata.org/wiki/Q8441|https://www.wikidata.org/wiki/Q40662|https://www.wikidata.org/wiki/Q217048|https://www.wikidata.org/wiki/Q235113
2008.547.1,True,True,True,440723,804,European Paintings,2008,Painting,Bashi-Bazouk,,,,,,16192,Artist, ,Jean-Léon Gérôme,"French, Vesoul 1824–1904 Paris", ,"Gérôme, Jean-Léon",French,1824      ,1904      ,,http://vocab.getty.edu/page/ulan/500115563,https://www.wikidata.org/wiki/Q212499,1868–69,1868,1869,Oil on canvas,31 3/4 x 26 in. (80.6 x 66 cm),"Gift of Mrs. Charles Wrightsman, 2008",,,,,,,,,,,,Paintings,,http://www.metmuseum.org/art/collection/search/440723,https://www.wikidata.org/wiki/Q19861716,,"Metropolitan Museum of Art, New York, NY",Men|Portraits|Profiles|Orientalist,http://vocab.getty.edu/page/aat/300025928|http://vocab.getty.edu/page/aat/300015637|http://vocab.getty.edu/page/aat/300123319|http://vocab.getty.edu/page/aat/300055784,https://www.wikidata.org/wiki/Q8441|https://www.wikidata.org/wiki/Q134307|https://www.wikidata.org/wiki/Q4382010|https://www.wikidata.org/wiki/Q765606
2013.155,True,False,True,441769,806,European Paintings,2013,Painting,"Virgil's Tomb by Moonlight, with Silius Italicus Declaiming",,,,,,16619,Artist, ,Joseph Wright (Wright of Derby),"British, Derby 1734–1797 Derby", ,"Wright, Joseph (Wright of Derby)",British,1734      ,1797      ,,http://vocab.getty.edu/page/ulan/500029777,https://www.wikidata.org/wiki/Q214062,1779,1779,1779,Oil on canvas,40 x 50 in. (101.6 x 127 cm),"Purchase, Lila Acheson Wallace Gift, Gifts of Mrs. William M. Haupt, Josephine Bay Paul, and Estate of George Quackenbush, in his memory, by exchange, The Morris and Alma Schapiro Fund Gift, and funds from various donors, 2013",,,,,,,,,,,,Paintings,,http://www.metmuseum.org/art/collection/search/441769,https://www.wikidata.org/wiki/Q19912176,,"Metropolitan Museum of Art, New York, NY",Tombs|Men|Moon,http://vocab.getty.edu/page/aat/300005926|http://vocab.getty.edu/page/aat/300025928|http://vocab.getty.edu/page/aat/300386951,https://www.wikidata.org/wiki/Q381885|https://www.wikidata.org/wiki/Q8441|https://www.wikidata.org/wiki/Q405
2008.312,True,True,True,456949,,Islamic Art,2008,Painting,Great Indian Fruit Bat,,,,,,13444,Artist,Painting attributed to,Bhawani Das,Indian,or a follower,Bhawani Das,Indian,          ,          ,,(not assigned),https://www.wikidata.org/wiki/Q32786180,ca. 1777–82,1752,1807,"Pencil, ink, and opaque watercolor on paper","Painting: H. 23 1/2 in. (59.7 cm)
                 W. 32 3/4 in. (83.2 cm)
Mat size: H. 27 1/4 in. (69.2 cm)
                 W. 35 1/2 in. (90.2 cm)","Purchase, Anonymous Gift, Cynthia Hazen Polsky Gift, Virginia G. LeCount Bequest, in memory of The LeCount Family, 2007 Benefit Fund, Louis V. Bell, Harris Brisbane Dick, Fletcher, and Rogers Funds and Joseph Pulitzer Bequest, and Gift of Dr. Mortimer D. Sackler, Theresa Sackler and Family,  2008
",Made in,Calcutta,,,India,,,,,,,Paintings,,http://www.metmuseum.org/art/collection/search/456949,https://www.wikidata.org/wiki/Q29385274,,"Metropolitan Museum of Art, New York, NY",Bats,http://vocab.getty.edu/page/aat/300310335,https://www.wikidata.org/wiki/Q28425
1975.1.16,True,False,True,458956,952,Robert Lehman Collection,1975,Painting,The Adoration of the Magi,,,,,,16165,Artist, ,Bartolo di Fredi,"Italian, active by 1353–died 1410 Siena", ,Bartolo di Fredi,Italian,1353      ,1410      ,,http://vocab.getty.edu/page/ulan/500031914,https://www.wikidata.org/wiki/Q177415,ca. 1390,1387,1393,Tempera and gold on wood,58 1/2 x 35 1/8 in. (148.6 x 89.2 cm),"Robert Lehman Collection, 1975",,,,,,,,,,,,Paintings,,http://www.metmuseum.org/art/collection/search/458956,https://www.wikidata.org/wiki/Q20187967,,"Metropolitan Museum of Art, New York, NY",Men|Horses|Madonna and Child|Adoration of the Magi,http://vocab.getty.edu/page/aat/300025928|http://vocab.getty.edu/page/aat/300250148|http://vocab.getty.edu/page/ia/901000052|http://vocab.getty.edu/page/ia/901000083,https://www.wikidata.org/wiki/Q8441|https://www.wikidata.org/wiki/Q726|https://www.wikidata.org/wiki/Q9309699|https://www.wikidata.org/wiki/Q488841
1975.1.21,True,False,True,458961,952,Robert Lehman Collection,1975,Painting,The Coronation of the Virgin,,,,,,16216,Artist, ,Niccolò di Buonaccorso,"Italian, active Siena by 1372–died 1388 Siena", ,Niccolò di Buonaccorso,Italian,1372      ,1388      ,,http://vocab.getty.edu/page/ulan/500120787,https://www.wikidata.org/wiki/Q3875919,ca. 1380,1377,1383,"Tempera on wood, gold ground","Overall, with engaged frame, 20 x 12 7/8 in. (50.8 x 32.7 cm); painted surface 17 5/8 x 10 1/2 in. (44.8 x 26.7 cm)","Robert Lehman Collection, 1975",,,,,,,,,,,,Paintings,,http://www.metmuseum.org/art/collection/search/458961,https://www.wikidata.org/wiki/Q20183589,,"Metropolitan Museum of Art, New York, NY",Angels|Virgin Mary|Musical Instruments|Saints,http://vocab.getty.edu/page/aat/300379004|http://vocab.getty.edu/page/ia/901000032|http://vocab.getty.edu/page/aat/300041620|http://vocab.getty.edu/page/aat/300150555,https://www.wikidata.org/wiki/Q235113|https://www.wikidata.org/wiki/Q345|https://www.wikidata.org/wiki/Q34379|https://www.wikidata.org/wiki/Q43115
1975.1.27,True,True,True,458967,956,Robert Lehman Collection,1975,Painting,Saint Anthony the Abbot in the Wilderness,,,,,,16218,Artist, ,Osservanza Master,"Italian, Siena, active second quarter 15th century", ,Osservanza Master,Italian,1425      ,1450      ,,http://vocab.getty.edu/page/ulan/500029605,https://www.wikidata.org/wiki/Q260114,ca. 1435,1432,1438,Tempera and gold on wood,Overall: 18 3/4 × 13 5/8 in. (47.6 × 34.6 cm),"Robert Lehman Collection, 1975",,,,,,,,,,,,Paintings,,http://www.metmuseum.org/art/collection/search/458967,https://www.wikidata.org/wiki/Q3948786,,"Metropolitan Museum of Art, New York, NY",Deer|Landscapes|Saints,http://vocab.getty.edu/page/aat/300250308|http://vocab.getty.edu/page/aat/300132294|http://vocab.getty.edu/page/aat/300150555,https://www.wikidata.org/wiki/Q685795|https://www.wikidata.org/wiki/Q191163|https://www.wikidata.org/wiki/Q43115
1975.1.31,True,True,True,458971,956,Robert Lehman Collection,1975,Painting,The Creation of the World and the Expulsion from Paradise,,,,,,16193,Artist, ,Giovanni di Paolo (Giovanni di Paolo di Grazia),"Italian, Siena 1398–1482 Siena", ,Giovanni di Paolo (Giovanni di Paolo di Grazia),Italian,1398      ,1482      ,,http://vocab.getty.edu/page/ulan/500116438,https://www.wikidata.org/wiki/Q946420,1445,1445,1445,Tempera and gold on wood,Overall: 18 1/4 × 20 1/2 in. (46.4 × 52.1 cm),"Robert Lehman Collection, 1975",,,,,,,,,,,,Paintings,,http://www.metmuseum.org/art/collection/search/458971,https://www.wikidata.org/wiki/Q20185213,,"Metropolitan Museum of Art, New York, NY",Angels|Gods|Adam|Eve,http://vocab.getty.edu/page/aat/300379004|http://vocab.getty.edu/page/aat/300343851|http://vocab.getty.edu/page/ia/901000219|http://vocab.getty.edu/page/ia/901000205,https://www.wikidata.org/wiki/Q235113|https://www.wikidata.org/wiki/Q178885|https://www.wikidata.org/wiki/Q70899|https://www.wikidata.org/wiki/Q830183
1975.1.37,True,True,True,458977,956,Robert Lehman Collection,1975,Painting,The Annunciation to Zacharias; (verso) The Angel of the Annunciation,,,,,,16193,Artist, ,Giovanni di Paolo (Giovanni di Paolo di Grazia),"Italian, Siena 1398–1482 Siena", ,Giovanni di Paolo (Giovanni di Paolo di Grazia),Italian,1398      ,1482      ,,http://vocab.getty.edu/page/ulan/500116438,https://www.wikidata.org/wiki/Q946420,ca. 1455–60,1452,1463,Tempera and gold on wood,Overall: 29 7/8 in. × 17 in. (75.9 × 43.2 cm),"Robert Lehman Collection, 1975",,,,,,,,,,,,Paintings,,http://www.metmuseum.org/art/collection/search/458977,https://www.wikidata.org/wiki/Q20185362,,"Metropolitan Museum of Art, New York, NY",Angels|Men|Saint John the Baptist|Annunciation,http://vocab.getty.edu/page/aat/300379004|http://vocab.getty.edu/page/aat/300025928|http://vocab.getty.edu/page/ia/901001056|http://vocab.getty.edu/page/aat/300412102,https://www.wikidata.org/wiki/Q235113|https://www.wikidata.org/wiki/Q8441|https://www.wikidata.org/wiki/Q40662|https://www.wikidata.org/wiki/Q154326
1975.1.38,True,True,True,458978,956,Robert Lehman Collection,1975,Painting,Coronation of the Virgin,,,,,,16193,Artist, ,Giovanni di Paolo (Giovanni di Paolo di Grazia),"Italian, Siena 1398–1482 Siena", ,Giovanni di Paolo (Giovanni di Paolo di Grazia),Italian,1398      ,1482      ,,http://vocab.getty.edu/page/ulan/500116438,https://www.wikidata.org/wiki/Q946420,ca. 1455,1452,1458,"Tempera on wood, gold ground",Overall (shaped top): 70 5/8 × 51 3/4 in. (179.4 × 131.4 cm),"Robert Lehman Collection, 1975",,,,,,,,,,,,Paintings,,http://www.metmuseum.org/art/collection/search/458978,https://www.wikidata.org/wiki/Q20185389,,"Metropolitan Museum of Art, New York, NY",Angels|Christ|Virgin Mary|Ceremony,http://vocab.getty.edu/page/aat/300379004|http://vocab.getty.edu/page/ia/901000087|http://vocab.getty.edu/page/ia/901000032|http://vocab.getty.edu/page/aat/300054754,https://www.wikidata.org/wiki/Q235113|https://www.wikidata.org/wiki/Q642420|https://www.wikidata.org/wiki/Q345|https://www.wikidata.org/wiki/Q2627975
1975.1.54,True,False,True,458994,956,Robert Lehman Collection,1975,Painting,Madonna and Child,,,,,,16167,Artist, ,Benvenuto di Giovanni,"Italian, Siena 1436–after 1518 Siena", ,Benvenuto di Giovanni,Italian,1436      ,1518      ,,http://vocab.getty.edu/page/ulan/500031885,https://www.wikidata.org/wiki/Q818396,ca. 1470,1467,1473,"Tempera on wood, gold ground","Overall: 27 3/4 × 18 1/8 in. (70.5 × 46 cm)
Painted surface: 24 1/4 × 14 3/4 in. (61.6 × 37.5 cm)","Robert Lehman Collection, 1975",,,,,,,,,,,,Paintings,,http://www.metmuseum.org/art/collection/search/458994,https://www.wikidata.org/wiki/Q20185303,,"Metropolitan Museum of Art, New York, NY",Madonna and Child,http://vocab.getty.edu/page/ia/901000052,https://www.wikidata.org/wiki/Q9309699
1975.1.66,True,True,True,459007,952,Robert Lehman Collection,1975,Painting,The Nativity,,,,,,16208,Artist, ,Lorenzo Monaco (Piero di Giovanni),"Italian, Florence (?) ca. 1370–1425 Florence (?)", ,Lorenzo Monaco (Piero di Giovanni),Italian,1370      ,1425      ,,http://vocab.getty.edu/page/ulan/500026261,https://www.wikidata.org/wiki/Q155376,ca. 1406–10,1403,1413,"Tempera on wood, gold ground",8 3/4 x 12 1/4 in. (22.2 x 31.1 cm),"Robert Lehman Collection, 1975",,,,,,,,,,,,Paintings,,http://www.metmuseum.org/art/collection/search/459007,https://www.wikidata.org/wiki/Q20184394,,"Metropolitan Museum of Art, New York, NY",Holy Family|Nativity,http://vocab.getty.edu/page/ia/901001175|http://vocab.getty.edu/page/ia/901000124,https://www.wikidata.org/wiki/Q618057|https://www.wikidata.org/wiki/Q51628
1975.1.74,True,True,True,459016,952,Robert Lehman Collection,1975,Painting,The Annunciation,,,,,,16170,Artist, ,Botticelli (Alessandro di Mariano Filipepi),"Italian, Florence 1444/45–1510 Florence", ,Botticelli (Alessandro di Mariano Filipepi),Italian,1444      ,1510      ,,http://vocab.getty.edu/page/ulan/500015254,https://www.wikidata.org/wiki/Q5669,ca. 1485–92,1480,1495,Tempera and gold on wood,7 1/2 x 12 3/8 in. (19.1 x 31.4 cm),"Robert Lehman Collection, 1975",,,,,,,,,,,,Paintings,,http://www.metmuseum.org/art/collection/search/459016,https://www.wikidata.org/wiki/Q3202069,,"Metropolitan Museum of Art, New York, NY",Virgin Mary|Bedrooms|Archangel Gabriel|Annunciation,http://vocab.getty.edu/page/ia/901000032|http://vocab.getty.edu/page/aat/300004364|http://vocab.getty.edu/page/ia/901000493|http://vocab.getty.edu/page/aat/300412102,https://www.wikidata.org/wiki/Q345|https://www.wikidata.org/wiki/Q193837|https://www.wikidata.org/wiki/Q81989|https://www.wikidata.org/wiki/Q154326
1975.1.85,True,True,True,459027,953,Robert Lehman Collection,1975,Painting,"Portrait of a Woman, Possibly a Nun of San Secondo; (verso) Scene in Grisaille",,,,,,16201,Artist, ,Jacometto (Jacometto Veneziano),"Italian, active Venice by ca. 1472–died before 1498", ,Jacometto (Jacometto Veneziano),Italian,1472      ,1498      ,,http://vocab.getty.edu/page/ulan/500020119,https://www.wikidata.org/wiki/Q6223610,ca. 1485–95,1480,1500,Oil on wood; (verso: oil and gold on wood),"Overall 4 x 2 7/8 in. (10.2 x 7.3 cm); recto and verso, painted surface 3 3/4 x 2 1/2 in. (9.5 x 6.4 cm)","Robert Lehman Collection, 1975",,,,,,,,,,,,Paintings,,http://www.metmuseum.org/art/collection/search/459027,https://www.wikidata.org/wiki/Q20182382,,"Metropolitan Museum of Art, New York, NY",Portraits|Women,http://vocab.getty.edu/page/aat/300015637|http://vocab.getty.edu/page/aat/300025943,https://www.wikidata.org/wiki/Q134307|https://www.wikidata.org/wiki/Q467
1975.1.86,True,False,True,459028,953,Robert Lehman Collection,1975,Painting,Portrait of Alvise Contarini(?); (verso) A Tethered Roebuck,,,,,,16201,Artist, ,Jacometto (Jacometto Veneziano),"Italian, active Venice by ca. 1472–died before 1498", ,Jacometto (Jacometto Veneziano),Italian,1472      ,1498      ,,http://vocab.getty.edu/page/ulan/500020119,https://www.wikidata.org/wiki/Q6223610,ca. 1485–95,1480,1500,Oil on wood; verso: oil and gold on wood,"Overall 4 5/8 x 3 3/8 in. ; recto, painted surface 4 1/8 x 3 1/8 in.; verso, painted surface 4 3/8 x 3 1/8 in.","Robert Lehman Collection, 1975",,,,,,,,,,,,Paintings,,http://www.metmuseum.org/art/collection/search/459028,https://www.wikidata.org/wiki/Q20184426,,"Metropolitan Museum of Art, New York, NY",Men|Portraits|Profiles,http://vocab.getty.edu/page/aat/300025928|http://vocab.getty.edu/page/aat/300015637|http://vocab.getty.edu/page/aat/300123319,https://www.wikidata.org/wiki/Q8441|https://www.wikidata.org/wiki/Q134307|https://www.wikidata.org/wiki/Q4382010
1975.1.95,True,True,True,459037,,Robert Lehman Collection,1975,Painting,"Portrait of a Man, possibly Matteo di Sebastiano di Bernardino Gozzadini",,,,,,13690,Artist,Attributed to the,Maestro delle Storie del Pane,"Italian (Emilian), active late 15th century", ,Maestro delle Storie del Pane, ,1470      ,1500      ,,http://vocab.getty.edu/page/ulan/500371698,,1494(?),1494,1494,Tempera on wood,Overall 20 3/4 x 14 5/8 in. (52.7 x 37.1 cm); painted surface 19 3/8 x 14 in. (49.2 x 35.6 cm),"Robert Lehman Collection, 1975",,,,,,,,,,,,Paintings,,http://www.metmuseum.org/art/collection/search/459037,https://www.wikidata.org/wiki/Q20185431,,"Metropolitan Museum of Art, New York, NY",Men|Portraits|Profiles,http://vocab.getty.edu/page/aat/300025928|http://vocab.getty.edu/page/aat/300015637|http://vocab.getty.edu/page/aat/300123319,https://www.wikidata.org/wiki/Q8441|https://www.wikidata.org/wiki/Q134307|https://www.wikidata.org/wiki/Q4382010
1975.1.96,True,False,True,459038,,Robert Lehman Collection,1975,Painting,"Portrait of a Woman, possibly Ginevra d'Antonio Lupari Gozzadini",,,,,,13690,Artist,Attributed to the,Maestro delle Storie del Pane,"Italian (Emilian), active late 15th century", ,Maestro delle Storie del Pane, ,1470      ,1500      ,,http://vocab.getty.edu/page/ulan/500371698,,1494?,1494,1494,Tempera on wood,Overall 19 3/4 x 14 5/8 in. (50.2 x 37.1 cm); painted surface 19 1/8 x 14 1/8 in. (48.6 x 35.9 cm),"Robert Lehman Collection, 1975",,,,,,,,,,,,Paintings,,http://www.metmuseum.org/art/collection/search/459038,https://www.wikidata.org/wiki/Q20185445,,"Metropolitan Museum of Art, New York, NY",Portraits|Profiles|Women|Horses|Coat of Arms,http://vocab.getty.edu/page/aat/300015637|http://vocab.getty.edu/page/aat/300123319|http://vocab.getty.edu/page/aat/300025943|http://vocab.getty.edu/page/aat/300250148|http://vocab.getty.edu/page/aat/300126352,https://www.wikidata.org/wiki/Q134307|https://www.wikidata.org/wiki/Q4382010|https://www.wikidata.org/wiki/Q467|https://www.wikidata.org/wiki/Q726|https://www.wikidata.org/wiki/Q14659
1975.1.103,True,False,True,459045,952,Robert Lehman Collection,1975,Painting,The Feast of Herod and the Beheading of the Baptist,"Italian, Rimini",,,,,10734,Artist, ,Giovanni Baronzio,"Italian, active in Romagna and the Marches, second quarter 14th century", ,"Baronzio, Giovanni",Italian,1325      ,1349      ,,http://vocab.getty.edu/page/ulan/500006940,https://www.wikidata.org/wiki/Q535607,ca. 1330–35,1325,1335,"Tempera on wood, gold ground, and silver",17 3/8 x 19 5/8 in. (44.1 x 49.8 cm),"Robert Lehman Collection, 1975",,,,,,,,,,,,Paintings,,http://www.metmuseum.org/art/collection/search/459045,https://www.wikidata.org/wiki/Q20183879,,"Metropolitan Museum of Art, New York, NY",Heads|Men|Women|Saint John the Baptist,http://vocab.getty.edu/page/aat/300375054|http://vocab.getty.edu/page/aat/300025928|http://vocab.getty.edu/page/aat/300025943|http://vocab.getty.edu/page/ia/901001056,https://www.wikidata.org/wiki/Q3409626|https://www.wikidata.org/wiki/Q8441|https://www.wikidata.org/wiki/Q467|https://www.wikidata.org/wiki/Q40662
1975.1.104,True,False,True,459046,,Robert Lehman Collection,1975,Painting,Saints Bartholomew and Simon,"Italian, Umbria",,,,,16211,Artist, ,Master of Saint Francis,"Italian, Umbria, active third quarter 13th century", ,Master of Saint Francis,Italian,1250      ,1275      ,,http://vocab.getty.edu/page/ulan/500030602,https://www.wikidata.org/wiki/Q377375,1266–75,1250,1275,Tempera and gold on wood,18 3/4 x 9 in. (47.6 x 22.9 cm),"Robert Lehman Collection, 1975",,,,,,,,,,,,Paintings,,http://www.metmuseum.org/art/collection/search/459046,https://www.wikidata.org/wiki/Q20183911,,"Metropolitan Museum of Art, New York, NY",Men|Saints,http://vocab.getty.edu/page/aat/300025928|http://vocab.getty.edu/page/aat/300150555,https://www.wikidata.org/wiki/Q8441|https://www.wikidata.org/wiki/Q43115
1975.1.110,True,True,True,459052,953,Robert Lehman Collection,1975,Painting,A Goldsmith in his Shop,,,,,,16177,Artist, ,Petrus Christus,"Netherlandish, Baarle-Hertog (Baerle-Duc), active by 1444–died 1475/76 Bruges", ,"Christus, Petrus",Netherlandish,1444      ,1476      ,,http://vocab.getty.edu/page/ulan/500032549,https://www.wikidata.org/wiki/Q312616,1449,1449,1449,Oil on oak panel,Overall 39 3/8 x 33 3/4 in. (100.1 x 85.8 cm); painted surface 38 5/8 x 33 1/2 in. (98 x 85.2 cm),"Robert Lehman Collection, 1975",,,,,,,,,,,,Paintings,,http://www.metmuseum.org/art/collection/search/459052,https://www.wikidata.org/wiki/Q2408910,,"Metropolitan Museum of Art, New York, NY",Interiors|Jewelry|Couples|Men|Women,http://vocab.getty.edu/page/aat/300391239|http://vocab.getty.edu/page/aat/300209286|http://vocab.getty.edu/page/aat/300379217|http://vocab.getty.edu/page/aat/300025928|http://vocab.getty.edu/page/aat/300025943,https://www.wikidata.org/wiki/Q2998430|https://www.wikidata.org/wiki/Q161439|https://www.wikidata.org/wiki/Q219160|https://www.wikidata.org/wiki/Q8441|https://www.wikidata.org/wiki/Q467
1975.1.113,True,True,True,459055,953,Robert Lehman Collection,1975,Painting,The Annunciation,,,,,,16211,Artist, ,Hans Memling,"Netherlandish, Seligenstadt, active by 1465–died 1494 Bruges", ,"Memling, Hans",Netherlandish,1465      ,1494      ,,http://vocab.getty.edu/page/ulan/500005611,https://www.wikidata.org/wiki/Q106851,1480–89,1480,1489,"Oil on panel, transferred to canvas",30 1/8 x 21 1/2 in. (76.5 x 54.6 cm),"Robert Lehman Collection, 1975",,,,,,,,,,,,Paintings,,http://www.metmuseum.org/art/collection/search/459055,https://www.wikidata.org/wiki/Q9392232,,"Metropolitan Museum of Art, New York, NY",Angels|Virgin Mary|Bedrooms|Archangel Gabriel|Annunciation,http://vocab.getty.edu/page/aat/300379004|http://vocab.getty.edu/page/ia/901000032|http://vocab.getty.edu/page/aat/300004364|http://vocab.getty.edu/page/ia/901000493|http://vocab.getty.edu/page/aat/300412102,https://www.wikidata.org/wiki/Q235113|https://www.wikidata.org/wiki/Q345|https://www.wikidata.org/wiki/Q193837|https://www.wikidata.org/wiki/Q81989|https://www.wikidata.org/wiki/Q154326
1975.1.130,True,True,True,459072,953,Robert Lehman Collection,1975,Painting,Margaret of Austria,,,,,,16199,Artist, ,Jean Hey (called Master of Moulins),"Netherlandish, active fourth quarter 15th century", ,"Hey, Jean (called Master of Moulins)",Netherlandish,1475      ,1499      ,,http://vocab.getty.edu/page/ulan/500002035,https://www.wikidata.org/wiki/Q1268739,ca. 1490,1487,1493,Oil on oak panel,12 7/8 x 9 1/8 in. (32.7 x 23 cm),"Robert Lehman Collection, 1975",,,,,,,,,,,,Paintings,,http://www.metmuseum.org/art/collection/search/459072,https://www.wikidata.org/wiki/Q20187138,,"Metropolitan Museum of Art, New York, NY",Girls|Portraits,http://vocab.getty.edu/page/aat/300247581|http://vocab.getty.edu/page/aat/300015637,https://www.wikidata.org/wiki/Q3031|https://www.wikidata.org/wiki/Q134307
1975.1.138,True,True,True,459080,953,Robert Lehman Collection,1975,Painting,Erasmus of Rotterdam,,,,,,16199,Artist, ,Hans Holbein the Younger,"German, Augsburg 1497/98–1543 London",(and Workshop(?)),"Holbein, Hans, the Younger",German,1497      ,1543      ,,http://vocab.getty.edu/page/ulan/500005259,https://www.wikidata.org/wiki/Q48319,ca. 1532,1527,1537,Oil on linden panel,7 1/4 x 5 9/16 in. (18.4 x 14.2 cm); painted surface 6 15/16 x 5 1/2 in. (17.6 x 14 cm),"Robert Lehman Collection, 1975",,,,,,,,,,,,Paintings,,http://www.metmuseum.org/art/collection/search/459080,https://www.wikidata.org/wiki/Q20181435,,"Metropolitan Museum of Art, New York, NY",Men|Portraits,http://vocab.getty.edu/page/aat/300025928|http://vocab.getty.edu/page/aat/300015637,https://www.wikidata.org/wiki/Q8441|https://www.wikidata.org/wiki/Q134307
1975.1.140,True,True,True,459082,964,Robert Lehman Collection,1975,Painting,Portrait of Gerard de Lairesse,,,,,,16229,Artist, ,Rembrandt (Rembrandt van Rijn),"Dutch, Leiden 1606–1669 Amsterdam", ,Rembrandt (Rembrandt van Rijn),Dutch,1606      ,1669      ,,http://vocab.getty.edu/page/ulan/500011051,https://www.wikidata.org/wiki/Q5598,1665–67,1663,1669,Oil on canvas,44 3/8 x 34 1/2 in. (112.7 x 87.6 cm),"Robert Lehman Collection, 1975",,,,,,,,,,,,Paintings,,http://www.metmuseum.org/art/collection/search/459082,https://www.wikidata.org/wiki/Q20183551,,"Metropolitan Museum of Art, New York, NY",Men|Portraits,http://vocab.getty.edu/page/aat/300025928|http://vocab.getty.edu/page/aat/300015637,https://www.wikidata.org/wiki/Q8441|https://www.wikidata.org/wiki/Q134307
1975.1.141,True,False,True,459083,964,Robert Lehman Collection,1975,Painting,Burgomaster Jan van Duren (1613–1687),,,,,,16169,Artist, ,Gerard ter Borch the Younger,"Dutch, Zwolle 1617–1681 Deventer", ,"Borch, Gerard ter, the Younger",Dutch,1617      ,1681      ,,http://vocab.getty.edu/page/ulan/500017511,https://www.wikidata.org/wiki/Q346808,ca. 1666–67,1663,1670,Oil on canvas,32 1/16 x 25 13/16 in. (81.5 x 65.5 cm),"Robert Lehman Collection, 1975",,,,,,,,,,,,Paintings,,http://www.metmuseum.org/art/collection/search/459083,https://www.wikidata.org/wiki/Q20184521,,"Metropolitan Museum of Art, New York, NY",Men|Portraits,http://vocab.getty.edu/page/aat/300025928|http://vocab.getty.edu/page/aat/300015637,https://www.wikidata.org/wiki/Q8441|https://www.wikidata.org/wiki/Q134307
1975.1.142,True,False,True,459084,964,Robert Lehman Collection,1975,Painting,Margaretha van Haexbergen (1614–1676),,,,,,16169,Artist, ,Gerard ter Borch the Younger,"Dutch, Zwolle 1617–1681 Deventer", ,"Borch, Gerard ter, the Younger",Dutch,1617      ,1681      ,,http://vocab.getty.edu/page/ulan/500017511,https://www.wikidata.org/wiki/Q346808,ca. 1666–67,1663,1670,Oil on canvas,32 x 26 in. (81.3 x 65.1 cm),"Robert Lehman Collection, 1975",,,,,,,,,,,,Paintings,,http://www.metmuseum.org/art/collection/search/459084,https://www.wikidata.org/wiki/Q20184548,,"Metropolitan Museum of Art, New York, NY",Portraits|Women|Chairs,http://vocab.getty.edu/page/aat/300015637|http://vocab.getty.edu/page/aat/300025943|http://vocab.getty.edu/page/aat/300037772,https://www.wikidata.org/wiki/Q134307|https://www.wikidata.org/wiki/Q467|https://www.wikidata.org/wiki/Q15026
1975.1.144,True,True,True,459086,964,Robert Lehman Collection,1975,Painting,Leisure Time in an Elegant Setting,,,,,,16199,Artist, ,Pieter de Hooch,"Dutch, Rotterdam 1629–1684 Amsterdam", ,"Hooch, Pieter de",Dutch,1629      ,1684      ,,http://vocab.getty.edu/page/ulan/500020229,https://www.wikidata.org/wiki/Q314889,ca. 1663–65,1660,1668,Oil on canvas,Extended canvas 22 15/16 x 27 5/16 in. (58.3 x 69.4 cm); original visible painted surface 21 5/8 x 26 in. (55 x 66 cm),"Robert Lehman Collection, 1975",,,,,,,,,,,,Paintings,,http://www.metmuseum.org/art/collection/search/459086,https://www.wikidata.org/wiki/Q19938871,,"Metropolitan Museum of Art, New York, NY",Interiors|Girls|Men|Women|Smoking|Dogs,http://vocab.getty.edu/page/aat/300391239|http://vocab.getty.edu/page/aat/300247581|http://vocab.getty.edu/page/aat/300025928|http://vocab.getty.edu/page/aat/300025943|http://vocab.getty.edu/page/aat/300380156|http://vocab.getty.edu/page/aat/300265714,https://www.wikidata.org/wiki/Q2998430|https://www.wikidata.org/wiki/Q3031|https://www.wikidata.org/wiki/Q8441|https://www.wikidata.org/wiki/Q467|https://www.wikidata.org/wiki/Q662860|https://www.wikidata.org/wiki/Q144
1975.1.145,True,True,True,459087,958,Robert Lehman Collection,1975,Painting,Christ Carrying the Cross,,,,,,16195,Artist, ,El Greco (Domenikos Theotokopoulos),"Greek, Iráklion (Candia) 1541–1614 Toledo", ,"Greco, El (Domenikos Theotokopoulos)",Greek,1540      ,1614      ,,http://vocab.getty.edu/page/ulan/500010916,https://www.wikidata.org/wiki/Q301,ca. 1577–87,1574,1590,Oil on canvas,41 5/16 x 31 1/8 in. (105 x 79 cm),"Robert Lehman Collection, 1975",,,,,,,,,,,,Paintings,,http://www.metmuseum.org/art/collection/search/459087,https://www.wikidata.org/wiki/Q8464346,,"Metropolitan Museum of Art, New York, NY",Bearing the Cross|Christ,http://vocab.getty.edu/page/ia/901001193|http://vocab.getty.edu/page/ia/901000087,https://www.wikidata.org/wiki/Q3399226|https://www.wikidata.org/wiki/Q642420
1975.1.146,True,True,True,459088,958,Robert Lehman Collection,1975,Painting,Saint Jerome as Scholar,,,,,,16195,Artist, ,El Greco (Domenikos Theotokopoulos),"Greek, Iráklion (Candia) 1541–1614 Toledo", ,"Greco, El (Domenikos Theotokopoulos)",Greek,1540      ,1614      ,,http://vocab.getty.edu/page/ulan/500010916,https://www.wikidata.org/wiki/Q301,ca. 1610,1600,1614,Oil on canvas,42 1/2 x 35 1/16 in. (108 x 89 cm),"Robert Lehman Collection, 1975",,,,,,,,,,,,Paintings,,http://www.metmuseum.org/art/collection/search/459088,https://www.wikidata.org/wiki/Q19856861,,"Metropolitan Museum of Art, New York, NY",Men|Saint Jerome,http://vocab.getty.edu/page/aat/300025928|http://vocab.getty.edu/page/ulan/500060933,https://www.wikidata.org/wiki/Q8441|https://www.wikidata.org/wiki/Q44248
1975.1.148,True,True,True,459090,958,Robert Lehman Collection,1975,Painting,"Condesa de Altamira and Her Daughter, María Agustina",,,,,,16195,Artist, ,Goya (Francisco de Goya y Lucientes),"Spanish, Fuendetodos 1746–1828 Bordeaux", ,Goya (Francisco de Goya y Lucientes),Spanish,1746      ,1828      ,,http://vocab.getty.edu/page/ulan/500118936,https://www.wikidata.org/wiki/Q5432,1787–88,1787,1788,Oil on canvas,76 3/4 x 45 1/4 in. (195 x 115 cm),"Robert Lehman Collection, 1975",,,,,,,,,,,,Paintings,,http://www.metmuseum.org/art/collection/search/459090,https://www.wikidata.org/wiki/Q20184572,,"Metropolitan Museum of Art, New York, NY",Infants|Portraits|Women,http://vocab.getty.edu/page/aat/300189561|http://vocab.getty.edu/page/aat/300015637|http://vocab.getty.edu/page/aat/300025943,https://www.wikidata.org/wiki/Q998|https://www.wikidata.org/wiki/Q134307|https://www.wikidata.org/wiki/Q467
1975.1.160,True,False,True,459092,,Robert Lehman Collection,1975,Painting,Trees and Houses Near the Jas de Bouffan,,,,,,16176,Artist, ,Paul Cézanne,"French, Aix-en-Provence 1839–1906 Aix-en-Provence", ,"Cézanne, Paul",French,1839      ,1906      ,,http://vocab.getty.edu/page/ulan/500004793,https://www.wikidata.org/wiki/Q35548,1885–86,1885,1886,Oil on canvas,26 3/4 x 36 1/4 in. (67.9 x 92.1 cm),"Robert Lehman Collection, 1975",,,,,,,,,,,,Paintings,,http://www.metmuseum.org/art/collection/search/459092,https://www.wikidata.org/wiki/Q20183245,,"Metropolitan Museum of Art, New York, NY",Houses|Landscapes|Trees,http://vocab.getty.edu/page/aat/300005433|http://vocab.getty.edu/page/aat/300132294|http://vocab.getty.edu/page/aat/300132410,https://www.wikidata.org/wiki/Q3947|https://www.wikidata.org/wiki/Q191163|https://www.wikidata.org/wiki/Q10884
1975.1.162,True,True,True,459093,957,Robert Lehman Collection,1975,Painting,Diana and Actaeon (Diana Surprised in Her Bath),,,,,,16178,Artist, ,Camille Corot,"French, Paris 1796–1875 Paris", ,"Corot, Camille",French,1796      ,1875      ,,http://vocab.getty.edu/page/ulan/500115390,https://www.wikidata.org/wiki/Q148475,1836,1836,1836,Oil on canvas,61 5/8 x 44 3/8 in. (156.5 x 112.7 cm),"Robert Lehman Collection, 1975",,,,,,,,,,,,Paintings,,http://www.metmuseum.org/art/collection/search/459093,https://www.wikidata.org/wiki/Q20184292,,"Metropolitan Museum of Art, New York, NY",Actaeon|Nymphs|Diana|Forests|Bathing,http://vocab.getty.edu/page/ia/901002182|http://vocab.getty.edu/page/aat/300379159|http://vocab.getty.edu/page/ia/901000118|http://vocab.getty.edu/page/aat/300387598|http://vocab.getty.edu/page/aat/300343854,https://www.wikidata.org/wiki/Q208531|https://www.wikidata.org/wiki/Q373916|https://www.wikidata.org/wiki/Q132543|https://www.wikidata.org/wiki/Q4421|https://www.wikidata.org/wiki/Q327651
1975.1.186,True,True,True,459106,957,Robert Lehman Collection,1975,Painting,"Joséphine-Éléonore-Marie-Pauline de Galard de Brassac de Béarn (1825–1860), Princesse de Broglie",,,,,,16200,Artist, ,Jean Auguste Dominique Ingres,"French, Montauban 1780–1867 Paris", ,"Ingres, Jean Auguste Dominique",French,1780      ,1867      ,,http://vocab.getty.edu/page/ulan/500028037,https://www.wikidata.org/wiki/Q23380,1851–53,1851,1853,Oil on canvas,"47 3/4 × 35 3/4 in. (121.3 × 90.8 cm)
Framed: 61 1/4 × 49 1/2 in. (155.6 × 125.7 cm)","Robert Lehman Collection, 1975",,,,,,,,,,,,Paintings,,http://www.metmuseum.org/art/collection/search/459106,https://www.wikidata.org/wiki/Q18222055,,"Metropolitan Museum of Art, New York, NY",Portraits|Women,http://vocab.getty.edu/page/aat/300015637|http://vocab.getty.edu/page/aat/300025943,https://www.wikidata.org/wiki/Q134307|https://www.wikidata.org/wiki/Q467
1975.1.196,True,False,False,459107,957,Robert Lehman Collection,1975,Painting,Houses on the Achterzaan,,,,,,16213,Artist, ,Claude Monet,"French, Paris 1840–1926 Giverny", ,"Monet, Claude",French,1840      ,1926      ,,http://vocab.getty.edu/page/ulan/500019484,https://www.wikidata.org/wiki/Q296,1871,1871,1871,Oil on canvas,17 3/8 × 26 1/2 in. (44.1 × 67.3 cm),"Robert Lehman Collection, 1975",,,,,,,,,,,,Paintings,,http://www.metmuseum.org/art/collection/search/459107,https://www.wikidata.org/wiki/Q20180920,,"Metropolitan Museum of Art, New York, NY",Houses|Rivers|Landscapes|Boats,http://vocab.getty.edu/page/aat/300005433|http://vocab.getty.edu/page/aat/300008707|http://vocab.getty.edu/page/aat/300132294|http://vocab.getty.edu/page/aat/300178749,https://www.wikidata.org/wiki/Q3947|https://www.wikidata.org/wiki/Q4022|https://www.wikidata.org/wiki/Q191163|https://www.wikidata.org/wiki/Q35872
1975.1.199,True,True,True,459110,,Robert Lehman Collection,1975,Painting,Young Girl Bathing,,,,,,16230,Artist, ,Auguste Renoir,"French, Limoges 1841–1919 Cagnes-sur-Mer", ,"Renoir, Auguste",French,1841      ,1919      ,,http://vocab.getty.edu/page/ulan/500115467,https://www.wikidata.org/wiki/Q39931,1892,1892,1892,Oil on canvas,32 x 25 1/2 in. (81.3 x 64.8 cm),"Robert Lehman Collection, 1975",,,,,,,,,,,,Paintings,,http://www.metmuseum.org/art/collection/search/459110,https://www.wikidata.org/wiki/Q20181740,,"Metropolitan Museum of Art, New York, NY",Female Nudes|Bathing,http://vocab.getty.edu/page/aat/300189568|http://vocab.getty.edu/page/aat/300343854,https://www.wikidata.org/wiki/Q40446|https://www.wikidata.org/wiki/Q327651
1975.1.201,True,True,True,459112,,Robert Lehman Collection,1975,Painting,Two Young Girls at the Piano,,,,,,16230,Artist, ,Auguste Renoir,"French, Limoges 1841–1919 Cagnes-sur-Mer", ,"Renoir, Auguste",French,1841      ,1919      ,,http://vocab.getty.edu/page/ulan/500115467,https://www.wikidata.org/wiki/Q39931,1892,1892,1892,Oil on canvas,44 x 34 in. (111.8 x 86.4 cm),"Robert Lehman Collection, 1975",,,,,,,,,,,,Paintings,,http://www.metmuseum.org/art/collection/search/459112,https://www.wikidata.org/wiki/Q20183500,,"Metropolitan Museum of Art, New York, NY",Girls|Pianos,http://vocab.getty.edu/page/aat/300247581|http://vocab.getty.edu/page/aat/300042909,https://www.wikidata.org/wiki/Q3031|https://www.wikidata.org/wiki/Q5994
1975.1.209,True,True,False,459119,,Robert Lehman Collection,1975,Painting,"Evening Calm, Concarneau, Opus 220 (Allegro Maestoso)",,,,,,16241,Artist, ,Paul Signac,"French, Paris 1863–1935 Paris", ,"Signac, Paul",French,1863      ,1935      ,,http://vocab.getty.edu/page/ulan/500008410,https://www.wikidata.org/wiki/Q151573,1891,1891,1891,Oil on canvas,25 1/2 x 32in. (64.8 x 81.3cm); Framed: 40 1/4 x 34 in. (102.2 x 86.4cm),"Robert Lehman Collection, 1975",,,,,,,,,,,,Paintings,,http://www.metmuseum.org/art/collection/search/459119,https://www.wikidata.org/wiki/Q20181684,,"Metropolitan Museum of Art, New York, NY",Seascapes|Boats,http://vocab.getty.edu/page/aat/300117546|http://vocab.getty.edu/page/aat/300178749,https://www.wikidata.org/wiki/Q158607|https://www.wikidata.org/wiki/Q35872
1975.1.231,True,False,True,459123,825,Robert Lehman Collection,1975,Painting,Madame Roulin and Her Baby,,,,,,16194,Artist, ,Vincent van Gogh,"Dutch, Zundert 1853–1890 Auvers-sur-Oise", ,"Gogh, Vincent van",Dutch,1853      ,1890      ,,http://vocab.getty.edu/page/ulan/500115588,https://www.wikidata.org/wiki/Q5582,1888,1888,1888,Oil on canvas,25 x 20 1/8 in.,"Robert Lehman Collection, 1975",,,,,,,,,,,,Paintings,,http://www.metmuseum.org/art/collection/search/459123,https://www.wikidata.org/wiki/Q17024776,,"Metropolitan Museum of Art, New York, NY",Infants|Portraits|Mothers|Women,http://vocab.getty.edu/page/aat/300189561|http://vocab.getty.edu/page/aat/300015637|http://vocab.getty.edu/page/aat/300025932|http://vocab.getty.edu/page/aat/300025943,https://www.wikidata.org/wiki/Q998|https://www.wikidata.org/wiki/Q134307|https://www.wikidata.org/wiki/Q7560|https://www.wikidata.org/wiki/Q467
1975.1.7,True,True,True,459131,952,Robert Lehman Collection,1975,Painting,The Last Supper,,,,,,16258,Artist, ,Ugolino da Siena (Ugolino di Nerio),"Italian, Siena, active by 1317–died ?1339/49", ,Ugolino da Siena (Ugolino di Nerio),Italian,1317      ,1349      ,,http://vocab.getty.edu/page/ulan/500008502,https://www.wikidata.org/wiki/Q1357686,ca. 1325–30,1322,1333,Tempera and gold on wood,"Overall, with engaged (modern) frame, 15 x 22 1/4 in. (38.1 x 56.5 cm); painted surface 13 1/2 x 20 3/4 in. (34.3 x 52.7 cm)","Robert Lehman Collection, 1975",,,,,,,,,,,,Paintings,,http://www.metmuseum.org/art/collection/search/459131,https://www.wikidata.org/wiki/Q20185471,,"Metropolitan Museum of Art, New York, NY",Men|Last Supper|Saints,http://vocab.getty.edu/page/aat/300025928|http://vocab.getty.edu/page/ia/901000357|http://vocab.getty.edu/page/aat/300150555,https://www.wikidata.org/wiki/Q8441|https://www.wikidata.org/wiki/Q51633|https://www.wikidata.org/wiki/Q43115
1975.1.12,True,True,True,459136,952,Robert Lehman Collection,1975,Painting,Madonna and Child,,,,,,16210,Artist, ,Simone Martini,"Italian, Siena, active by 1315–died 1344 Avignon", ,"Martini, Simone",Italian,1315      ,1344      ,,http://vocab.getty.edu/page/ulan/500399029,https://www.wikidata.org/wiki/Q221043,ca. 1326,1323,1329,"Tempera on wood, gold ground",Overall 23 1/8 x 15 1/2 in. (58.7 x 39.4 cm); painted surface 22 1/2 x 15 1/8 in. (57.2 x 38.4 cm),"Robert Lehman Collection, 1975",,,,,,,,,,,,Paintings,,http://www.metmuseum.org/art/collection/search/459136,https://www.wikidata.org/wiki/Q20183716,,"Metropolitan Museum of Art, New York, NY",Madonna and Child,http://vocab.getty.edu/page/ia/901000052,https://www.wikidata.org/wiki/Q9309699
1975.1.156,True,True,False,459139,,Robert Lehman Collection,1975,Painting,Before Dinner,,,,,,16169,Artist, ,Pierre Bonnard,"French, Fontenay-aux-Roses 1867–1947 Le Cannet", ,"Bonnard, Pierre",French,1867      ,1947      ,,http://vocab.getty.edu/page/ulan/500115555,https://www.wikidata.org/wiki/Q26408,1924,1924,1924,Oil on canvas,35 1/2 x 42 in.  (90.2 x 106.7 cm),"Robert Lehman Collection, 1975",,,,,,,,,,,,Paintings,"© 2023 Artists Rights Society (ARS), New York",http://www.metmuseum.org/art/collection/search/459139,https://www.wikidata.org/wiki/Q20183401,,"Metropolitan Museum of Art, New York, NY",Dining Rooms|Women|Dining|Food,http://vocab.getty.edu/page/aat/300004349|http://vocab.getty.edu/page/aat/300025943|http://vocab.getty.edu/page/aat/300379052|http://vocab.getty.edu/page/aat/300254496,https://www.wikidata.org/wiki/Q661199|https://www.wikidata.org/wiki/Q467|https://www.wikidata.org/wiki/Q661199|https://www.wikidata.org/wiki/Q2095
1975.1.159,True,False,False,459142,,Robert Lehman Collection,1975,Painting,House behind Trees,,,,,,16171,Artist, ,Georges Braque,"French, Argenteuil 1882–1963 Paris", ,"Braque, Georges",French,1882      ,1963      ,,http://vocab.getty.edu/page/ulan/500025200,https://www.wikidata.org/wiki/Q153793,1906–7,1906,1907,Oil on canvas,Overall: 14 3/4 x 18 1/8 in. (37.5 x 46 cm),"Robert Lehman Collection, 1975",,,,,,,,,,,,Paintings,"© 2023 Artists Rights Society (ARS), New York",http://www.metmuseum.org/art/collection/search/459142,https://www.wikidata.org/wiki/Q20181967,,"Metropolitan Museum of Art, New York, NY",Houses,http://vocab.getty.edu/page/aat/300005433,https://www.wikidata.org/wiki/Q3947
1975.1.168,True,False,False,459144,,Robert Lehman Collection,1975,Painting,The Palace of Westminster,,,,,,16182,Artist, ,André Derain,"French, Chatou 1880–1954 Garches", ,"Derain, André",French,1880      ,1954      ,,http://vocab.getty.edu/page/ulan/500004535,https://www.wikidata.org/wiki/Q156272,1906–1907,1906,1907,Oil on canvas,31 x 39 in.  (78.7 x 99.1 cm); framed: 40 3/8 x 47.5 x 3 in. (102.5 x 121 x 7.6 cm),"Robert Lehman Collection, 1975",,,,,,,,,,,,Paintings,"© 2023 Artists Rights Society (ARS), New York",http://www.metmuseum.org/art/collection/search/459144,https://www.wikidata.org/wiki/Q20183057,,"Metropolitan Museum of Art, New York, NY",Buildings|Cities|Rivers|Boats|London,http://vocab.getty.edu/page/aat/300004789|http://vocab.getty.edu/page/aat/300008389|http://vocab.getty.edu/page/aat/300008707|http://vocab.getty.edu/page/aat/300178749|http://vocab.getty.edu/page/tgn/7011781,https://www.wikidata.org/wiki/Q41176|https://www.wikidata.org/wiki/Q515|https://www.wikidata.org/wiki/Q4022|https://www.wikidata.org/wiki/Q35872|https://www.wikidata.org/wiki/Q84
1975.1.192,True,False,False,459159,,Robert Lehman Collection,1975,Painting,Sergeant of the Colonial Regiment,,,,,,16210,Artist, ,Albert Marquet,"French, Bordeaux 1875–1947 Paris", ,"Marquet, Albert",French,1875      ,1947      ,,http://vocab.getty.edu/page/ulan/500022386,https://www.wikidata.org/wiki/Q267858,1906–7,1906,1907,Oil on canvas,35 1/2 x 28 in. (90.2 x 71.1 cm),"Robert Lehman Collection, 1975",,,,,,,,,,,,Paintings,"© 2023 Artists Rights Society (ARS), New York",http://www.metmuseum.org/art/collection/search/459159,https://www.wikidata.org/wiki/Q20184222,,"Metropolitan Museum of Art, New York, NY",Men|Portraits,http://vocab.getty.edu/page/aat/300025928|http://vocab.getty.edu/page/aat/300015637,https://www.wikidata.org/wiki/Q8441|https://www.wikidata.org/wiki/Q134307
1975.1.194,True,True,False,459161,,Robert Lehman Collection,1975,Painting,Olive Trees at Collioure,,,,,,16211,Artist, ,Henri Matisse,"French, Le Cateau-Cambrésis 1869–1954 Nice", ,"Matisse, Henri",French,1869      ,1954      ,,http://vocab.getty.edu/page/ulan/500017300,https://www.wikidata.org/wiki/Q5589,Summer 1906 (?),1906,1906,Oil on canvas,"18 1/8 × 21 5/8 in. (46 × 55 cm)
Framed: 27 5/16 × 30 7/8 in. (69.4 × 78.4 cm)","Robert Lehman Collection, 1975",,,,,,,,,,,,Paintings,"© 2023 Succession H. Matisse / Artists Rights Society (ARS), New York",http://www.metmuseum.org/art/collection/search/459161,https://www.wikidata.org/wiki/Q20182015,,"Metropolitan Museum of Art, New York, NY",Landscapes|Olive Trees,http://vocab.getty.edu/page/aat/300132294| ,https://www.wikidata.org/wiki/Q191163|https://www.wikidata.org/wiki/Q35417711
1975.1.225,True,False,False,459174,,Robert Lehman Collection,1975,Painting,"Mme Vuillard Sewing by the Window, rue Truffaut",,,,,,16267,Artist, ,Edouard Vuillard,"French, Cuiseaux 1868–1940 La Baule", ,"Vuillard, Edouard",French,1868      ,1940      ,,http://vocab.getty.edu/page/ulan/500014954,https://www.wikidata.org/wiki/Q239394,ca. 1899,1894,1904,Oil on cardboard laid down on panel.,19 1/2 x 20 3/4 in.  (49.5 x 52.7 cm),"Robert Lehman Collection, 1975",,,,,,,,,,,,Paintings,,http://www.metmuseum.org/art/collection/search/459174,https://www.wikidata.org/wiki/Q20182906,,"Metropolitan Museum of Art, New York, NY",Interiors|Women|Sewing,http://vocab.getty.edu/page/aat/300391239|http://vocab.getty.edu/page/aat/300025943|http://vocab.getty.edu/page/aat/300053658,https://www.wikidata.org/wiki/Q2998430|https://www.wikidata.org/wiki/Q467|https://www.wikidata.org/wiki/Q652122
1975.1.155,True,True,False,459182,,Robert Lehman Collection,1975,Painting,Nude in Front of a Mantel,,,,,,16164,Artist, ,Balthus (Balthasar Klossowski),"French, Paris 1908–2001 Rossinière", ,Balthus (Balthasar Klossowski),French,1908      ,2001      ,,http://vocab.getty.edu/page/ulan/500021167,https://www.wikidata.org/wiki/Q325925,1955,1955,1955,Oil on canvas,"75 in. × 64 1/2 in. (190.5 × 163.8 cm)
Framed: 77 3/4 × 71 in. (197.5 × 180.3 cm)","Robert Lehman Collection, 1975",,,,,,,,,,,,Paintings,"© 2023 Artists Rights Society (ARS), New York",http://www.metmuseum.org/art/collection/search/459182,https://www.wikidata.org/wiki/Q20184249,,"Metropolitan Museum of Art, New York, NY",Female Nudes,http://vocab.getty.edu/page/aat/300189568,https://www.wikidata.org/wiki/Q40446
25.120.288,True,True,True,470600,008,The Cloisters,1925,Painting,The Adoration of the Shepherds,Italian,,,,,16165,Artist, ,Bartolo di Fredi,"Italian, active by 1353–died 1410 Siena", ,Bartolo di Fredi,Italian,1353      ,1410      ,,http://vocab.getty.edu/page/ulan/500031914,https://www.wikidata.org/wiki/Q177415,1374,1374,1374,"Tempera on poplar, gilding","Overall: 69 1/8 x 45 1/8 in. (175.6 x 114.6 cm)
Painted surface: 63 1/4 x 45 1/8 in. (160.7 x 114.6 cm)","The Cloisters Collection, 1925",Made in,Siena,,,Italy,,,,,,,Paintings-Panels,,http://www.metmuseum.org/art/collection/search/470600,https://www.wikidata.org/wiki/Q20200879,,"Metropolitan Museum of Art, New York, NY",Virgin Mary|Cows|Saint Joseph|Jesus|Angels|Adoration of the Shepherds,http://vocab.getty.edu/page/ia/901000032|http://vocab.getty.edu/page/aat/300250120|http://vocab.getty.edu/page/ia/901000953|http://vocab.getty.edu/page/ia/901000087|http://vocab.getty.edu/page/aat/300379004|http://vocab.getty.edu/page/ia/901000229,https://www.wikidata.org/wiki/Q345|https://www.wikidata.org/wiki/Q830|https://www.wikidata.org/wiki/Q128267|https://www.wikidata.org/wiki/Q302|https://www.wikidata.org/wiki/Q235113|https://www.wikidata.org/wiki/Q1029715
61.200.1,True,True,True,471904,014,The Cloisters,1961,Painting,The Crucifixion,Italian,,,,,16211,Artist, ,Master of the Codex of Saint George,"Italian, active Florence, ca. 1315–35", ,Master of the Codex of Saint George,Italian,1310      ,1335      ,,http://vocab.getty.edu/page/ulan/500026195,https://www.wikidata.org/wiki/Q1918541,ca. 1330–35,1330,1335,"Tempera on wood, gold ground","Overall: 18 x 11 3/4 in. (45.7 x 29.8 cm)
Painted surface: 15 5/8 x 10 5/8 in. (39.7 x 27 cm)","The Cloisters Collection, 1961",Made in,Avignon,,,France,,,,,,,Paintings-Panels,,http://www.metmuseum.org/art/collection/search/471904,https://www.wikidata.org/wiki/Q20200877,,"Metropolitan Museum of Art, New York, NY",Christ|Virgin Mary|Skulls|Crucifixion|Soldiers,http://vocab.getty.edu/page/ia/901000087|http://vocab.getty.edu/page/ia/901000032|http://vocab.getty.edu/page/aat/300191856|http://vocab.getty.edu/page/aat/300404300|http://vocab.getty.edu/page/aat/300185678,https://www.wikidata.org/wiki/Q642420|https://www.wikidata.org/wiki/Q345|https://www.wikidata.org/wiki/Q13147|https://www.wikidata.org/wiki/Q3235597|https://www.wikidata.org/wiki/Q4991371
1982.55.7,True,False,False,482605,508,Modern and Contemporary Art,1982,Painting,Self-Portrait II,,,,,,14621,Artist, ,Horace Pippin,"American, West Chester, Pennsylvania 1888–1946 West Chester, Pennsylvania", ,"Pippin, Horace",American,1888      ,1946      ,,http://vocab.getty.edu/page/ulan/500026325,https://www.wikidata.org/wiki/Q325076,1944,1944,1944,"Oil on canvas, adhered to cardboard",8 1/2 × 6 1/2 in. (21.6 × 16.5 cm),"Bequest of Jane Kendall Gingrich, 1982",,,,,,,,,,,,Paintings,,http://www.metmuseum.org/art/collection/search/482605,https://www.wikidata.org/wiki/Q19920908,,"Metropolitan Museum of Art, New York, NY",Men|Self-portraits,http://vocab.getty.edu/page/aat/300025928|http://vocab.getty.edu/page/aat/300124534,https://www.wikidata.org/wiki/Q8441|https://www.wikidata.org/wiki/Q192110
1983.457,True,False,False,482740,,Modern and Contemporary Art,1983,Painting,The Street,,,,,,16197,Artist, ,Philip Guston,"American (born Canada), Montreal 1913–1980 Woodstock, New York", ,"Guston, Philip","American, born Canada",1913      ,1980      ,,http://vocab.getty.edu/page/ulan/500023901,https://www.wikidata.org/wiki/Q701952,1977,1977,1977,Oil on canvas,"69 × 111 in. (175.3 × 281.9 cm)
","Purchase, Lila Acheson Wallace and Mr. and Mrs. Andrew Saul Gifts, Gift of George A. Hearn, by exchange, and Arthur Hoppock Hearn Fund, 1983",,,,,,,,,,,,Paintings,© Estate of Philip Guston,http://www.metmuseum.org/art/collection/search/482740,https://www.wikidata.org/wiki/Q20189411,,"Metropolitan Museum of Art, New York, NY",,,
1984.110,True,False,False,483000,915,Modern and Contemporary Art,1984,Painting,Attorney Street (Handball Court with Autobiographical Poem by Piñero),,,,,,22163814771,Artist|Artist, | ,Miguel Piñero|Martin Wong,"American (born Puerto Rico), Gurabo 1946–1988 New York|American, Portland, Oregon 1946–1999 San Francisco, California", | ,"Piñero, Miguel|Wong, Martin",American|American,1946      |1946      ,1988      |1999      ,|,|http://vocab.getty.edu/page/ulan/500043254,|https://www.wikidata.org/wiki/Q1522057,1982–84,1982,1984,Oil on canvas,"35 1/2 x 48 in. (90.2 x 121.9 cm)
","Edith C. Blum Fund, 1984",,,,,,,,,,,,Paintings,© The Estate of Martin Wong,http://www.metmuseum.org/art/collection/search/483000,https://www.wikidata.org/wiki/Q19917669,,"Metropolitan Museum of Art, New York, NY",Poetry|Hands,http://vocab.getty.edu/page/aat/300055931|http://vocab.getty.edu/page/aat/300310193,https://www.wikidata.org/wiki/Q482|https://www.wikidata.org/wiki/Q33767
1984.435,True,False,False,483560,,Modern and Contemporary Art,1984,Painting,Untitled # 9,,,,,,16210,Artist, ,Agnes Martin,"American (born Canada), Macklin, Saskatchewan 1912–2004 Taos, New Mexico", ,"Martin, Agnes","American, born Canada",1912      ,2004      ,Female,http://vocab.getty.edu/page/ulan/500024489,https://www.wikidata.org/wiki/Q275610,1984,1984,1984,"Acrylic, India ink, and graphite on canvas",72 x 72 in. (182.9 x 182.9 cm),"Gift of American Art Foundation, 1984",,,,,,,,,,,,Paintings,"© 2023 Artists Rights Society (ARS), New York",http://www.metmuseum.org/art/collection/search/483560,https://www.wikidata.org/wiki/Q20198836,,"Metropolitan Museum of Art, New York, NY",,,
1985.63.5,True,True,False,484362,,Modern and Contemporary Art,1985,Painting,"No. 13 (White, Red on Yellow)",,,,,,16234,Artist, ,Mark Rothko,"American (born Russia, now Latvia), Dvinsk 1903–1970 New York", ,"Rothko, Mark","American, born Russia",1903      ,1970      ,,http://vocab.getty.edu/page/ulan/500014869,https://www.wikidata.org/wiki/Q160149,1958,1958,1958,Oil and acrylic with powdered pigments on canvas,95-1/4 × 81-3/8 x 1-3/8 in. (241.9 × 206.7 x 3.5 cm),"Gift of The Mark Rothko Foundation Inc., 1985",,,,,,,,,,,,Paintings,"© 2023 Artists Rights Society (ARS), New York",http://www.metmuseum.org/art/collection/search/484362,https://www.wikidata.org/wiki/Q19922089,,"Metropolitan Museum of Art, New York, NY",,,
1986.354,True,False,False,484522,,Modern and Contemporary Art,1986,Painting,Untitled,,,,,,16204,Artist, ,Lee Krasner,"American, Brooklyn, New York 1908–1984 New York", ,"Krasner, Lee",American,1908      ,1984      ,Female,http://vocab.getty.edu/page/ulan/500010144,https://www.wikidata.org/wiki/Q237959,1948,1948,1948,Oil on canvas,30 x 25 in. (76.2 x 63.5 cm),"Gift of Mrs. Donald T. Braider, 1986",,,,,,,,,,,,Paintings,"© 2023 Artists Rights Society (ARS), New York",http://www.metmuseum.org/art/collection/search/484522,https://www.wikidata.org/wiki/Q19922705,,"Metropolitan Museum of Art, New York, NY",Abstraction,http://vocab.getty.edu/page/aat/300056508,https://www.wikidata.org/wiki/Q162150
1986.356,True,False,False,484524,,Modern and Contemporary Art,1986,Painting,Woman with Arms Crossed,,,,,,14524,Artist, ,Tamara de Lempicka,"American (born Poland) Warsaw 1898–1980 Cuernavaca, Mexico", ,"Lempicka, Tamara De","American, born Poland",1898      ,1980      ,Female,http://vocab.getty.edu/page/ulan/500013547,https://www.wikidata.org/wiki/Q229351,1939,1939,1939,Oil on canvas,20 x 16 in. (50.8 x 40.6 cm),"Gift of Kizette de Lempicka-Foxhall, 1986",,,,,,,,,,,,Paintings,"© 2023 Artists Rights Society (ARS), New York",http://www.metmuseum.org/art/collection/search/484524,https://www.wikidata.org/wiki/Q19917516,,"Metropolitan Museum of Art, New York, NY",Portraits|Women,http://vocab.getty.edu/page/aat/300015637|http://vocab.getty.edu/page/aat/300025943,https://www.wikidata.org/wiki/Q134307|https://www.wikidata.org/wiki/Q467
1989.279,True,False,False,485302,,Modern and Contemporary Art,1989,Painting,"Large Interior, Los Angeles",,,,,,16629,Artist, ,David Hockney,"British, born Bradford, 1937", ,"Hockney, David",British,1937      ,9999      ,,http://vocab.getty.edu/page/ulan/500017273,https://www.wikidata.org/wiki/Q159907,1988,1988,1988,"Oil, ink on cut-and-pasted paper, on canvas",72 1/4 in. × 10 ft. 1/4 in. (183.5 × 305.4 cm),"Purchase, Natasha Gelman Gift, in honor of William S. Lieberman, 1989",,,,,,,,,,,,Paintings,,http://www.metmuseum.org/art/collection/search/485302,https://www.wikidata.org/wiki/Q19914356,,"Metropolitan Museum of Art, New York, NY",Interiors|Abstraction,http://vocab.getty.edu/page/aat/300391239|http://vocab.getty.edu/page/aat/300056508,https://www.wikidata.org/wiki/Q2998430|https://www.wikidata.org/wiki/Q162150
1989.349,True,False,False,485308,,Modern and Contemporary Art,1989,Painting,Sunflower,,,,,,16442,Artist, ,Joan Mitchell,"American, Chicago, Illinois 1925–1992 Paris", ,"Mitchell, Joan",American,1925      ,1992      ,Female,http://vocab.getty.edu/page/ulan/500000901,https://www.wikidata.org/wiki/Q469934,1969,1969,1969,Oil on canvas,102 1/4 in. × 70 3/4 in. (259.7 × 179.7 cm),"Gift of Pierre Matisse, 1989",,,,,,,,,,,,Paintings,,http://www.metmuseum.org/art/collection/search/485308,https://www.wikidata.org/wiki/Q19922136,,"Metropolitan Museum of Art, New York, NY",Sunflowers,http://vocab.getty.edu/page/aat/300404749,https://www.wikidata.org/wiki/Q171497
1990.237a-c,True,True,False,485416,,Modern and Contemporary Art,1990,Painting,Street Story Quilt,,,,,,16231,Artist, ,Faith Ringgold,"American, born New York, 1930", ,"Ringgold, Faith",American,1930      ,9999      ,Female,http://vocab.getty.edu/page/ulan/500063866,https://www.wikidata.org/wiki/Q5431220,1985,1985,1985,"Cotton canvas, acrylic paint, ink marker, dyed and printed cotton, and sequins, sewn to a cotton flannel backing",Overall: 90 in. × 12 ft. (228.6 × 365.8 cm),"Arthur Hoppock Hearn Fund and funds from various donors, 1990",,,,,,,,,,,,Textiles|Paintings,© 1985 Faith Ringgold,http://www.metmuseum.org/art/collection/search/485416,https://www.wikidata.org/wiki/Q19917476,,"Metropolitan Museum of Art, New York, NY",Women|Cars|Men|Buildings,http://vocab.getty.edu/page/aat/300025943|http://vocab.getty.edu/page/aat/300178739|http://vocab.getty.edu/page/aat/300025928|http://vocab.getty.edu/page/aat/300004789,https://www.wikidata.org/wiki/Q467|https://www.wikidata.org/wiki/Q1420|https://www.wikidata.org/wiki/Q8441|https://www.wikidata.org/wiki/Q41176
1991.47,True,False,False,485901,,Modern and Contemporary Art,1991,Painting,Untitled,,,,,,14528,Artist, ,Norman Wilfred Lewis,"American, New York 1909–1979 New York", ,"Lewis, Norman Wilfred",American,1909      ,1979      ,,http://vocab.getty.edu/page/ulan/500060084,https://www.wikidata.org/wiki/Q7052490,1978,1978,1978,Oil on canvas,50 × 72 in. (127 × 182.9 cm),"Purchase, George A. Hearn Fund, by exchange, and The Eugene and Estelle Ferkauf Foundation Gift, 1991",,,,,,,,,,,,Paintings,© Estate of Norman Wilfred Lewis,http://www.metmuseum.org/art/collection/search/485901,https://www.wikidata.org/wiki/Q19921326,,"Metropolitan Museum of Art, New York, NY",Abstraction,http://vocab.getty.edu/page/aat/300056508,https://www.wikidata.org/wiki/Q162150
1992.146,True,True,False,485934,,Modern and Contemporary Art,1992,Painting,"The Businessman Max Roesberg, Dresden",,,,,,16183,Artist, ,Otto Dix,"German, Untenhaus 1891–1969 Singen", ,"Dix, Otto",German,1891      ,1969      ,,http://vocab.getty.edu/page/ulan/500028047,https://www.wikidata.org/wiki/Q153104,1922,1922,1922,Oil on canvas,37 1/8 × 25 1/8 in. (94.3 × 63.8 cm),"Purchase, Lila Acheson Wallace Gift, 1992",,,,,,,,,,,,Paintings,"© 2023 Artists Rights Society (ARS), New York",http://www.metmuseum.org/art/collection/search/485934,https://www.wikidata.org/wiki/Q19918404,,"Metropolitan Museum of Art, New York, NY",Phones|Clocks|Men|Portraits,http://vocab.getty.edu/page/aat/300249768|http://vocab.getty.edu/page/aat/300041575|http://vocab.getty.edu/page/aat/300025928|http://vocab.getty.edu/page/aat/300015637,https://www.wikidata.org/wiki/Q11035|https://www.wikidata.org/wiki/Q376|https://www.wikidata.org/wiki/Q8441|https://www.wikidata.org/wiki/Q134307
1992.24.8,True,True,False,486014,732,Modern and Contemporary Art,1992,Painting,Americana,,,,,,16240,Artist, ,Charles Sheeler,"American, Philadelphia, Pennsylvania 1883–1965 Dobbs Ferry, New York", ,"Sheeler, Charles",American,1883      ,1965      ,,http://vocab.getty.edu/page/ulan/500115325,https://www.wikidata.org/wiki/Q624868,1931,1931,1931,Oil on canvas,48 × 36 in. (121.9 × 91.4 cm),"Edith and Milton Lowenthal Collection, Bequest of Edith Abrahamson Lowenthal, 1991",,,,,,,,,,,,Paintings,,http://www.metmuseum.org/art/collection/search/486014,https://www.wikidata.org/wiki/Q19917481,,"Metropolitan Museum of Art, New York, NY",Tables|Interiors|Games,http://vocab.getty.edu/page/aat/300039548|http://vocab.getty.edu/page/aat/300391239|http://vocab.getty.edu/page/aat/300069657,https://www.wikidata.org/wiki/Q14748|https://www.wikidata.org/wiki/Q2998430|https://www.wikidata.org/wiki/Q11410
1993.497.2,True,False,False,486308,,Modern and Contemporary Art,1993,Painting,Drifting,,,,,,14607,Artist, ,Miguel Padura,"American (born Cuba), Havana, 1957", ,"Padura, Miguel",Cuban,1957      ,9999      ,,http://vocab.getty.edu/page/ulan/500524160,https://www.wikidata.org/wiki/Q22137225,1993,1993,1993,Oil on canvas,72 1/8 × 60 in. (183.2 × 152.4 cm),"Gift of Martin and Elenore Ross, 1993",,,,,,,,,,,,Paintings,© Miguel Padura,http://www.metmuseum.org/art/collection/search/486308,https://www.wikidata.org/wiki/Q19920689,,"Metropolitan Museum of Art, New York, NY",Boys|Boats,http://vocab.getty.edu/page/aat/300247598|http://vocab.getty.edu/page/aat/300178749,https://www.wikidata.org/wiki/Q3010|https://www.wikidata.org/wiki/Q35872
1993.71,True,True,False,486316,,Modern and Contemporary Art,1993,Painting,"Naked Man, Back View",,,,,,16628,Artist, ,Lucian Freud,"British (born Germany), Berlin 1922–2011 London", ,"Freud, Lucian","British, born Germany",1922      ,2011      ,,http://vocab.getty.edu/page/ulan/500116243,https://www.wikidata.org/wiki/Q154594,1991–92,1991,1992,Oil on canvas,72 × 54 in. (182.9 × 137.2 cm),"Purchase, Lila Acheson Wallace Gift, 1993",,,,,,,,,,,,Paintings,© Lucian Freud,http://www.metmuseum.org/art/collection/search/486316,https://www.wikidata.org/wiki/Q20190701,,"Metropolitan Museum of Art, New York, NY",Male Nudes,http://vocab.getty.edu/page/aat/300189568,https://www.wikidata.org/wiki/Q40446
"1997.4a, b",True,True,False,486996,,Modern and Contemporary Art,1997,Painting,Böhmen liegt am Meer (Bohemia Lies by the Sea),,,,,,16203,Artist, ,Anselm Kiefer,"German, born Donaueschingen, 1945", ,"Kiefer, Anselm",German,1945      ,9999      ,,http://vocab.getty.edu/page/ulan/500047395,https://www.wikidata.org/wiki/Q170344,1996,1996,1996,"Oil, emulsion, shellac, charcoal, and powdered paint on burlap","75 1/4 in. × 18 ft. 5 in. (191.1 × 561.3 cm)
Other (left panel component a): 75 1/4 in. × 9 ft. 2 1/2 in. (226.1 × 280.7 cm)
Other (right panel component b): 75 1/4 in. × 9 ft. 2 1/2 in. (226.1 × 280.7 cm)","Purchase, Lila Acheson Wallace Gift and Joseph H. Hazen Foundation Purchase Fund, 1997",,,,,,,,,,,,Paintings,© Anselm Kiefer,http://www.metmuseum.org/art/collection/search/486996,https://www.wikidata.org/wiki/Q20189766,,"Metropolitan Museum of Art, New York, NY",Poppies|Roads,http://vocab.getty.edu/page/aat/300375678|http://vocab.getty.edu/page/aat/300008217,https://www.wikidata.org/wiki/Q967457|https://www.wikidata.org/wiki/Q34442
1998.329,True,True,False,487065,920,Modern and Contemporary Art,1998,Painting,White Flag,,,,,,16201,Artist, ,Jasper Johns,"American, born Augusta, Georgia, 1930", ,"Johns, Jasper",American ,1930      ,9999      ,,http://vocab.getty.edu/page/ulan/500022247,https://www.wikidata.org/wiki/Q155057,1955,1955,1955,"Encaustic, oil, newsprint, and charcoal on canvas",78 5/16 in. × 10 ft. 3/4 in. (198.9 × 306.7 cm),"Purchase, Lila Acheson Wallace, Reba and Dave Williams, Stephen and Nan Swid, Roy R. and Marie S. Neuberger Foundation Inc., Louis and Bessie Adler Foundation Inc., Paula Cussi, Maria-Gaetana Matisse, The Barnett Newman Foundation, Jane and Robert Carroll, Eliot and Wilson Nolen, Mr. and Mrs. Derald H. Ruttenberg, Ruth and Seymour Klein Foundation Inc., Andrew N. Schiff, The Cowles Charitable Trust, The Merrill G. and Emita E. Hastings Foundation, John J. Roche, Molly and Walter Bareiss, Linda and Morton Janklow, Aaron I. Fleischman, and Linford L. Lougheed Gifts, and gifts from friends of the Museum; Kathryn E. Hurd, Denise and Andrew Saul, George A. Hearn, Arthur Hoppock Hearn, Joseph H. Hazen Foundation Purchase, and Cynthia Hazen Polsky and Leon B. Polsky Funds; Mayer Fund; Florene M. Schoenborn Bequest; Gifts of Professor and Mrs. Zevi Scharfstein and Himan Brown, and other gifts, bequests, and funds from various donors, by exchange, 1998",,,,,,,,,,,,Paintings,"Art ©Jasper Johns/Licensed by VAGA, New York, NY",http://www.metmuseum.org/art/collection/search/487065,https://www.wikidata.org/wiki/Q7994688,,"Metropolitan Museum of Art, New York, NY",Flags,http://vocab.getty.edu/page/aat/300195678,https://www.wikidata.org/wiki/Q14660
31.62,True,True,False,487695,902,Modern and Contemporary Art,1931,Painting,Tables for Ladies,,,,,,16199,Artist, ,Edward Hopper,"American, Nyack, New York 1882–1967 New York", ,"Hopper, Edward",American,1882      ,1967      ,,http://vocab.getty.edu/page/ulan/500031212,https://www.wikidata.org/wiki/Q203401,1930,1930,1930,Oil on canvas,48 1/4 × 60 3/8 in. (122.6 x 153.4 cm),"George A. Hearn Fund, 1931",,,,,,,,,,,,Paintings,,http://www.metmuseum.org/art/collection/search/487695,https://www.wikidata.org/wiki/Q20189430,,"Metropolitan Museum of Art, New York, NY",Restaurants|Interiors|Men|Women|Dining,http://vocab.getty.edu/page/aat/300005182|http://vocab.getty.edu/page/aat/300391239|http://vocab.getty.edu/page/aat/300025928|http://vocab.getty.edu/page/aat/300025943|http://vocab.getty.edu/page/aat/300379052,https://www.wikidata.org/wiki/Q11707|https://www.wikidata.org/wiki/Q2998430|https://www.wikidata.org/wiki/Q8441|https://www.wikidata.org/wiki/Q467|https://www.wikidata.org/wiki/Q661199
47.106,True,True,False,488221,900,Modern and Contemporary Art,1947,Painting,Gertrude Stein,,,,,,16224,Artist, ,Pablo Picasso,"Spanish, Malaga 1881–1973 Mougins, France", ,"Picasso, Pablo",Spanish,1881      ,1973      ,,http://vocab.getty.edu/page/ulan/500009666,https://www.wikidata.org/wiki/Q5593,1905–6,1905,1906,Oil on canvas,39 3/8 × 32 in. (100 × 81.3 cm),"Bequest of Gertrude Stein, 1946
",,,,,,,,,,,,Paintings,"© 2023 Estate of Pablo Picasso / Artists Rights Society (ARS), New York",http://www.metmuseum.org/art/collection/search/488221,https://www.wikidata.org/wiki/Q860930,,"Metropolitan Museum of Art, New York, NY",Portraits|Women,http://vocab.getty.edu/page/aat/300015637|http://vocab.getty.edu/page/aat/300025943,https://www.wikidata.org/wiki/Q134307|https://www.wikidata.org/wiki/Q467
49.59.1,True,True,False,488315,902,Modern and Contemporary Art,1949,Painting,I Saw the Figure 5 in Gold,,,,,,16182,Artist, ,Charles Demuth,"American, Lancaster, Pennsylvania 1883–1935 Lancaster, Pennsylvania", ,"Demuth, Charles",American,1883      ,1935      ,,http://vocab.getty.edu/page/ulan/500004441,https://www.wikidata.org/wiki/Q380494,1928,1928,1928,"Oil, graphite, ink, and gold leaf on paperboard (Upson board)",35 1/2 × 30 in. (90.2 × 76.2 cm),"Alfred Stieglitz Collection, 1949",,,,,,,,,,,,Paintings,,http://www.metmuseum.org/art/collection/search/488315,https://www.wikidata.org/wiki/Q6622215,,"Metropolitan Museum of Art, New York, NY",Portraits,http://vocab.getty.edu/page/aat/300015637,https://www.wikidata.org/wiki/Q134307
49.70.42,True,True,False,488486,910,Modern and Contemporary Art,1949,Painting,Portrait of a German Officer,,,,,,16197,Artist, ,Marsden Hartley,"American, Lewiston, Maine 1877–1943 Ellsworth, Maine", ,"Hartley, Marsden",American,1877      ,1943      ,,http://vocab.getty.edu/page/ulan/500012910,https://www.wikidata.org/wiki/Q553259,1914,1914,1914,Oil on canvas,68 1/4 × 41 3/8 in. (173.4 × 105.1 cm),"Alfred Stieglitz Collection, 1949",,,,,,,,,,,,Paintings,,http://www.metmuseum.org/art/collection/search/488486,https://www.wikidata.org/wiki/Q19917690,,"Metropolitan Museum of Art, New York, NY",World War I|Portraits,http://vocab.getty.edu/page/ia/901000143|http://vocab.getty.edu/page/aat/300015637,https://www.wikidata.org/wiki/Q361|https://www.wikidata.org/wiki/Q134307
49.70.51,True,True,False,488496,910,Modern and Contemporary Art,1949,Painting,The Café Terrace,,,,,,16231,Artist, ,Diego Rivera,"Mexican, Guanajuato 1886–1957 Mexico City", ,"Rivera, Diego",Mexican,1886      ,1957      ,,http://vocab.getty.edu/page/ulan/500025126,https://www.wikidata.org/wiki/Q171128,1915,1915,1915,Oil on canvas,23 7/8 × 19 1/2 in. (60.6 × 49.5 cm),"Alfred Stieglitz Collection, 1949",,,,,,,,,,,,Paintings,"© 2023 Artists Rights Society (ARS), New York",http://www.metmuseum.org/art/collection/search/488496,https://www.wikidata.org/wiki/Q19922336,,"Metropolitan Museum of Art, New York, NY",,,
52.203,True,True,False,488694,903,Modern and Contemporary Art,1952,Painting,"Cow's Skull: Red, White, and Blue",,,,,,16217,Artist, ,Georgia O'Keeffe,"American, Sun Prairie, Wisconsin 1887–1986 Santa Fe, New Mexico", ,"O'Keeffe, Georgia",American,1887      ,1986      ,Female,http://vocab.getty.edu/page/ulan/500018666,https://www.wikidata.org/wiki/Q46408,1931,1931,1931,Oil on canvas,39 7/8 × 35 7/8 in. (101.3 × 91.1 cm),"Alfred Stieglitz Collection, 1952",,,,,,,,,,,,Paintings,,http://www.metmuseum.org/art/collection/search/488694,https://www.wikidata.org/wiki/Q5179376,,"Metropolitan Museum of Art, New York, NY",Cows|Skulls,http://vocab.getty.edu/page/aat/300250120|http://vocab.getty.edu/page/aat/300191856,https://www.wikidata.org/wiki/Q830|https://www.wikidata.org/wiki/Q13147
53.24.1,True,False,False,488732,902,Modern and Contemporary Art,1953,Painting,The Cathedrals of Art,,,,,,14713,Artist, ,Florine Stettheimer,"American, Rochester, New York 1871–1944 New York, New York", ,"Stettheimer, Florine",American,1871      ,1944      ,Female,http://vocab.getty.edu/page/ulan/500011029,https://www.wikidata.org/wiki/Q5461886,1942,1942,1942,Oil on canvas,60 1/4 × 50 1/4 in. (153 × 127.6 cm),"Gift of Ettie Stettheimer, 1953",,,,,,,,,,,,Paintings,,http://www.metmuseum.org/art/collection/search/488732,https://www.wikidata.org/wiki/Q19920667,,"Metropolitan Museum of Art, New York, NY",Men|Women|Museums|Interiors,http://vocab.getty.edu/page/aat/300025928|http://vocab.getty.edu/page/aat/300025943|http://vocab.getty.edu/page/aat/300312302|http://vocab.getty.edu/page/aat/300391239,https://www.wikidata.org/wiki/Q8441|https://www.wikidata.org/wiki/Q467|https://www.wikidata.org/wiki/Q33506|https://www.wikidata.org/wiki/Q2998430
53.45.5,True,False,False,488750,,Modern and Contemporary Art,1953,Painting,What of It?,,,,,,16392,Artist, ,Katherine Sophie Dreier,"American, New York 1877–1952 Milford, Connecticut", ,"Dreier, Katherine Sophie",American,1877      ,1952      ,Female,http://vocab.getty.edu/page/ulan/500018324,https://www.wikidata.org/wiki/Q464044,1939,1939,1939,Oil on canvas,16 × 20 in. (40.6 × 50.8 cm),"Bequest of the artist, 1952",,,,,,,,,,,,Paintings,,http://www.metmuseum.org/art/collection/search/488750,https://www.wikidata.org/wiki/Q20197508,,"Metropolitan Museum of Art, New York, NY",,,
56.205.1,True,True,False,488915,,Modern and Contemporary Art,1956,Painting,Water of the Flowery Mill,,,,,,16195,Artist, ,Arshile Gorky,"American (born Armenia), Khorkom 1904–1948 Sherman, Connecticut", ,"Gorky, Arshile","American, born Armenia",1904      ,1948      ,,http://vocab.getty.edu/page/ulan/500021392,https://www.wikidata.org/wiki/Q165648,1944,1944,1944,Oil on canvas,42 1/4 × 48 3/4 in. (107.3 × 123.8 cm),"George A. Hearn Fund, 1956",,,,,,,,,,,,Paintings,"© 2023 Artists Rights Society (ARS), New York",http://www.metmuseum.org/art/collection/search/488915,https://www.wikidata.org/wiki/Q19918987,,"Metropolitan Museum of Art, New York, NY",Abstraction|Landscapes,http://vocab.getty.edu/page/aat/300056508|http://vocab.getty.edu/page/aat/300132294,https://www.wikidata.org/wiki/Q162150|https://www.wikidata.org/wiki/Q191163
56.205.2,True,False,False,488916,,Modern and Contemporary Art,1956,Painting,Easter Monday,,,,,,16181,Artist, ,Willem de Kooning,"American (born The Netherlands), Rotterdam 1904–1997 East Hampton, New York", ,"De Kooning, Willem","American, born The Netherlands",1904      ,1997      ,,http://vocab.getty.edu/page/ulan/500000974,https://www.wikidata.org/wiki/Q132305,1955–56,1955,1956,Oil and newspaper transfer on canvas,"96 3/4 in. × 74 1/4 in. × 1 in. (245.7 × 188.6 × 2.5 cm) 
","Rogers Fund, 1956",,,,,,,,,,,,Paintings,"© 2023 Artists Rights Society (ARS), New York",http://www.metmuseum.org/art/collection/search/488916,https://www.wikidata.org/wiki/Q19918187,,"Metropolitan Museum of Art, New York, NY",Abstraction,http://vocab.getty.edu/page/aat/300056508,https://www.wikidata.org/wiki/Q162150
57.92,True,True,False,488978,919,Modern and Contemporary Art,1957,Painting,Autumn Rhythm (Number 30),,,,,,16226,Artist, ,Jackson Pollock,"American, Cody, Wyoming 1912–1956 East Hampton, New York", ,"Pollock, Jackson",American,1912      ,1956      ,,http://vocab.getty.edu/page/ulan/500015134,https://www.wikidata.org/wiki/Q37571,1950,1950,1950,Enamel on canvas,8 ft. 9 in. × 17 ft. 3 in. (266.7 × 525.8 cm),"George A. Hearn Fund, 1957",,,,,,,,,,,,Paintings,"© 2023 Artists Rights Society (ARS), New York",http://www.metmuseum.org/art/collection/search/488978,https://www.wikidata.org/wiki/Q2873092,,"Metropolitan Museum of Art, New York, NY",Abstraction,http://vocab.getty.edu/page/aat/300056508,https://www.wikidata.org/wiki/Q162150
63.73,True,False,False,489307,921,Modern and Contemporary Art,1963,Painting,Blue Green Red,,,,,,16202,Artist, ,Ellsworth Kelly,"American, Newburgh, New York 1923–2015 Spencertown, New York", ,"Kelly, Ellsworth",American ,1923      ,2015      ,,http://vocab.getty.edu/page/ulan/500004975,https://www.wikidata.org/wiki/Q544899,1963,1963,1963,Oil on canvas,91 × 82 in. (231.1 × 208.3 cm),"Arthur Hoppock Hearn Fund, 1963",,,,,,,,,,,,Paintings,© Ellsworth Kelly Foundation,http://www.metmuseum.org/art/collection/search/489307,https://www.wikidata.org/wiki/Q20189992,,"Metropolitan Museum of Art, New York, NY",Abstraction,http://vocab.getty.edu/page/aat/300056508,https://www.wikidata.org/wiki/Q162150
64.123.4,True,False,False,489321,,Modern and Contemporary Art,1964,Painting,Third Avenue El,,,,,,14712,Artist, ,Hedda Sterne,"American, Bucharest 1910–2011 New York, New York", ,"Sterne, Hedda",American,1910      ,2011      ,Female,http://vocab.getty.edu/page/ulan/500007206,https://www.wikidata.org/wiki/Q436874,1952–53,1952,1953,Oil and spray enamel on canvas,40 3/8 x 31 7/8 in. (102.6 x 81 cm),"Gift of Mr. and Mrs. Daniel H. Silberberg, 1964",,,,,,,,,,,,Paintings,© Estate of Hedda Sterne,http://www.metmuseum.org/art/collection/search/489321,https://www.wikidata.org/wiki/Q19917566,,"Metropolitan Museum of Art, New York, NY",,,
65.247,True,True,False,489403,,Modern and Contemporary Art,1965,Painting,Elegy to the Spanish Republic No. 70,,,,,,16214,Artist, ,Robert Motherwell,"American, Aberdeen, Washington 1915–1991 Provincetown, Massachusetts", ,"Motherwell, Robert",American,1915      ,1991      ,,http://vocab.getty.edu/page/ulan/500016415,https://www.wikidata.org/wiki/Q165275,1961,1961,1961,Oil on canvas,69 x 114 in. (175.3 x 289.6 cm),"Anonymous Gift, 1965",,,,,,,,,,,,Paintings,"© 2023 Artists Rights Society (ARS), New York",http://www.metmuseum.org/art/collection/search/489403,https://www.wikidata.org/wiki/Q19917777,,"Metropolitan Museum of Art, New York, NY",Abstraction,http://vocab.getty.edu/page/aat/300056508,https://www.wikidata.org/wiki/Q162150
65.273,True,False,False,489409,,Modern and Contemporary Art,1965,Painting,Mona Lisa,,,,,,16268,Artist, ,Andy Warhol,"American, Pittsburgh, Pennsylvania 1928–1987 New York", ,"Warhol, Andy",American,1928      ,1987      ,,http://vocab.getty.edu/page/ulan/500006031,https://www.wikidata.org/wiki/Q5603,1963,1963,1963,Acrylic and silkscreen on canvas,44 × 29 in. (111.8 × 73.7 cm),"Gift of Henry Geldzahler, 1965",,,,,,,,,,,,Paintings,,http://www.metmuseum.org/art/collection/search/489409,https://www.wikidata.org/wiki/Q20199553,,"Metropolitan Museum of Art, New York, NY",Portraits|Women,http://vocab.getty.edu/page/aat/300015637|http://vocab.getty.edu/page/aat/300025943,https://www.wikidata.org/wiki/Q134307|https://www.wikidata.org/wiki/Q467
67.112,True,False,False,489513,910,Modern and Contemporary Art,1967,Painting,Athletic Contest,,,,,,16269,Artist, ,Max Weber,"American (born Russia), Bialystok 1881–1961 Great Neck, New York", ,"Weber, Max","American, born Russia",1881      ,1961      ,,http://vocab.getty.edu/page/ulan/500029261,https://www.wikidata.org/wiki/Q535334,1915,1915,1915,Oil on canvas,40 in. × 55 1/8 in. (101.6 × 140 cm),"George A. Hearn Fund, 1967",,,,,,,,,,,,Paintings,© Estate of Max Weber,http://www.metmuseum.org/art/collection/search/489513,https://www.wikidata.org/wiki/Q20198157,,"Metropolitan Museum of Art, New York, NY",,,
67.187.53a-c,True,True,False,489625,,Modern and Contemporary Art,1967,Painting,The Beginning,,,,,,16166,Artist, ,Max Beckmann,"German, Leipzig 1884–1950 New York", ,"Beckmann, Max",German,1884      ,1950      ,,http://vocab.getty.edu/page/ulan/500024106,https://www.wikidata.org/wiki/Q164683,1946–49,1946,1949,Oil on canvas,"Overall: 69 in. × 125 1/2 in. (175.3 × 318.8 cm)
left (a): 65 in. × 33 1/2 in. (165.1 × 85.1 cm)
center (b): 69 × 59 in. (175.3 × 149.9 cm)
right (c): 65 in. × 33 1/2 in. (165.1 × 85.1 cm)","Bequest of Miss Adelaide Milton de Groot (1876–1967), 1967",,,,,,,,,,,,Paintings,"© 2023 Artists Rights Society (ARS), New York",http://www.metmuseum.org/art/collection/search/489625,https://www.wikidata.org/wiki/Q20191901,,"Metropolitan Museum of Art, New York, NY",Men|Women|Cats|Horses|Students|Teachers,http://vocab.getty.edu/page/aat/300025928|http://vocab.getty.edu/page/aat/300025943|http://vocab.getty.edu/page/aat/300265960|http://vocab.getty.edu/page/aat/300250148|http://vocab.getty.edu/page/aat/300025909|http://vocab.getty.edu/page/aat/300025529,https://www.wikidata.org/wiki/Q8441|https://www.wikidata.org/wiki/Q467|https://www.wikidata.org/wiki/Q146|https://www.wikidata.org/wiki/Q726|https://www.wikidata.org/wiki/Q48282|https://www.wikidata.org/wiki/Q37226
67.61,True,False,False,489674,,Modern and Contemporary Art,1967,Painting,Grape Wine,,,,,,16276,Artist, ,Andrew Wyeth,"American, Chadds Ford, Pennsylvania 1917–2009 Chadds Ford, Pennsylvania", ,"Wyeth, Andrew",American,1917      ,2009      ,,http://vocab.getty.edu/page/ulan/500001266,https://www.wikidata.org/wiki/Q316325,1966,1966,1966,Tempera on Masonite,25 7/8 × 29 1/8 in. (65.7 × 74 cm),"Gift of Amanda K. Berls, 1967",,,,,,,,,,,,Paintings,"© 2023 Artists Rights Society (ARS), New York",http://www.metmuseum.org/art/collection/search/489674,https://www.wikidata.org/wiki/Q19914555,,"Metropolitan Museum of Art, New York, NY",Men|Portraits,http://vocab.getty.edu/page/aat/300025928|http://vocab.getty.edu/page/aat/300015637,https://www.wikidata.org/wiki/Q8441|https://www.wikidata.org/wiki/Q134307
1999.363.15,True,True,False,489972,,Modern and Contemporary Art,1999,Painting,The Jewish Angel,,,,,,16177,Artist, ,Giorgio de Chirico,"Italian (born Greece), Vólos 1888–1978 Rome", ,"Chirico, Giorgio de","Italian, born Greece",1888      ,1978      ,,http://vocab.getty.edu/page/ulan/500032635,https://www.wikidata.org/wiki/Q156622,1916,1916,1916,Oil on canvas,26 7/8 × 17 3/4 in. (68.3 × 45.1 cm),"Jacques and Natasha Gelman Collection, 1998",,,,,,,,,,,,Paintings,"© 2023 Artists Rights Society (ARS), New York",http://www.metmuseum.org/art/collection/search/489972,https://www.wikidata.org/wiki/Q83541340,,"Metropolitan Museum of Art, New York, NY",Still Life,http://vocab.getty.edu/page/aat/300015638,https://www.wikidata.org/wiki/Q170571
1999.363.2,True,False,False,489977,,Modern and Contemporary Art,1999,Painting,Thérèse Dreaming,,,,,,16164,Artist, ,Balthus (Balthasar Klossowski),"French, Paris 1908–2001 Rossinière", ,Balthus (Balthasar Klossowski),French,1908      ,2001      ,,http://vocab.getty.edu/page/ulan/500021167,https://www.wikidata.org/wiki/Q325925,1938,1938,1938,Oil on canvas,59 × 51 in. (149.9 × 129.5 cm),"Jacques and Natasha Gelman Collection, 1998",,,,,,,,,,,,Paintings,"© 2023 Artists Rights Society (ARS), New York",http://www.metmuseum.org/art/collection/search/489977,https://www.wikidata.org/wiki/Q19917606,,"Metropolitan Museum of Art, New York, NY",Women|Cats|Sleeping,http://vocab.getty.edu/page/aat/300025943|http://vocab.getty.edu/page/aat/300265960|http://vocab.getty.edu/page/aat/300375130,https://www.wikidata.org/wiki/Q467|https://www.wikidata.org/wiki/Q146|https://www.wikidata.org/wiki/Q35831
1999.363.41,True,True,False,489994,,Modern and Contemporary Art,1999,Painting,Young Sailor II,,,,,,16211,Artist, ,Henri Matisse,"French, Le Cateau-Cambrésis 1869–1954 Nice", ,"Matisse, Henri",French,1869      ,1954      ,,http://vocab.getty.edu/page/ulan/500017300,https://www.wikidata.org/wiki/Q5589,1906,1906,1906,Oil on canvas,39 7/8 × 32 11/16 in. (101.3 × 83 cm),"Jacques and Natasha Gelman Collection, 1998",,,,,,,,,,,,Paintings,"© 2023 Succession H. Matisse / Artists Rights Society (ARS), New York",http://www.metmuseum.org/art/collection/search/489994,https://www.wikidata.org/wiki/Q16987384,,"Metropolitan Museum of Art, New York, NY",Men|Portraits|Sailors,http://vocab.getty.edu/page/aat/300025928|http://vocab.getty.edu/page/aat/300015637|http://vocab.getty.edu/page/aat/300386642,https://www.wikidata.org/wiki/Q8441|https://www.wikidata.org/wiki/Q134307|https://www.wikidata.org/wiki/Q45199
1999.363.50,True,True,False,490004,,Modern and Contemporary Art,1999,Painting,Potato,,,,,,16212,Artist, ,Joan Miró,"Spanish, Barcelona 1893–1983 Palma de Mallorca", ,"Miró, Joan",Spanish,1893      ,1983      ,,http://vocab.getty.edu/page/ulan/500014094,https://www.wikidata.org/wiki/Q152384,1928,1928,1928,Oil on canvas,39 3/4 × 32 1/8 in. (101 × 81.6 cm),"Jacques and Natasha Gelman Collection, 1998",,,,,,,,,,,,Paintings,"© 2023 Artists Rights Society (ARS), New York",http://www.metmuseum.org/art/collection/search/490004,https://www.wikidata.org/wiki/Q20189406,,"Metropolitan Museum of Art, New York, NY",Women,http://vocab.getty.edu/page/aat/300025943,https://www.wikidata.org/wiki/Q467
1999.363.16,True,True,False,490036,,Modern and Contemporary Art,1999,Painting,The Accommodations of Desire,,,,,,16180,Artist, ,Salvador Dalí,"Spanish, Figueres 1904–1989 Figueres", ,"Dalí, Salvador",Spanish,1904      ,1989      ,,http://vocab.getty.edu/page/ulan/500009365,https://www.wikidata.org/wiki/Q5577,1929,1929,1929,Oil and cut-and-pasted printed paper on wood,8 3/4 × 13 3/4 in. (22.2 × 34.9 cm),"Jacques and Natasha Gelman Collection, 1998",,,,,,,,,,,,Paintings|Paper-Graphics,"© 2023 Artists Rights Society (ARS), New York",http://www.metmuseum.org/art/collection/search/490036,https://www.wikidata.org/wiki/Q19922659,,"Metropolitan Museum of Art, New York, NY",Men|Insects|Lions,http://vocab.getty.edu/page/aat/300025928|http://vocab.getty.edu/page/aat/300310470|http://vocab.getty.edu/page/aat/300310388,https://www.wikidata.org/wiki/Q8441|https://www.wikidata.org/wiki/Q1390|https://www.wikidata.org/wiki/Q140
2010.427.3,True,True,False,490064,,Modern and Contemporary Art,2010,Painting,Delirious Hem,,,,,,14409,Artist, ,Ellen Gallagher,"American, born Providence, Rhode Island, 1965", ,"Gallagher, Ellen",American,1965      ,9999      ,Female,http://vocab.getty.edu/page/ulan/500126100,https://www.wikidata.org/wiki/Q4132681,1995,1995,1995,"Graphite and colored pencil on papers, mounted on canvas",84 x 72 1/4 in. (213.4 x 183.5 cm),"Gift of Norman Dubrow, 2010",,,,,,,,,,,,Paintings,© Ellen Gallagher,http://www.metmuseum.org/art/collection/search/490064,https://www.wikidata.org/wiki/Q20190265,,"Metropolitan Museum of Art, New York, NY",,,
2006.32.17,True,False,False,490184,,Modern and Contemporary Art,2006,Painting,Take Off,,,,,,16190,Artist, ,Helen Frankenthaler,"American, New York 1928–2011 Darien, Connecticut", ,"Frankenthaler, Helen",American,1928      ,2011      ,Female,http://vocab.getty.edu/page/ulan/500115813,https://www.wikidata.org/wiki/Q235281,1956,1956,1956,Oil and enamel on canvas,54 3/4 × 25 in. (139.1 × 63.5 cm),"The Muriel Kallis Steinberg Newman Collection, Gift of Muriel Kallis Newman, 2006",,,,,,,,,,,,Paintings,"© 2023 Artists Rights Society (ARS), New York",http://www.metmuseum.org/art/collection/search/490184,https://www.wikidata.org/wiki/Q20192109,,"Metropolitan Museum of Art, New York, NY",Abstraction,http://vocab.getty.edu/page/aat/300056508,https://www.wikidata.org/wiki/Q162150
2006.32.60,True,False,False,490225,,Modern and Contemporary Art,2006,Painting,1947-H No. 1 (PH-265),,,,,,14714,Artist, ,Clyfford Still,"American, Grandin, North Dakota 1904–1980 Baltimore, Maryland", ,"Still, Clyfford",American,1904      ,1980      ,,http://vocab.getty.edu/page/ulan/500020155,https://www.wikidata.org/wiki/Q700336,1947,1947,1947,Oil on canvas,92 × 58 in. (233.7 × 147.3 cm),"The Muriel Kallis Steinberg Newman Collection, Gift of Muriel Kallis Newman, 2006",,,,,,,,,,,,Paintings,"© 2023 Artists Rights Society (ARS), New York",http://www.metmuseum.org/art/collection/search/490225,https://www.wikidata.org/wiki/Q20189958,,"Metropolitan Museum of Art, New York, NY",,,
2002.456.1,True,True,False,492697,901,Modern and Contemporary Art,2002,Painting,Self-Portrait,,,,,,16338,Artist, ,Leonora Carrington,"Mexican (born England), Clayton Green, Lancashire 1917–2011 Mexico City", ,"Carrington, Leonora","Mexican, born England",1917      ,2011      ,Female,http://vocab.getty.edu/page/ulan/500018196,https://www.wikidata.org/wiki/Q233207,ca. 1937–38,1937,1937,Oil on canvas,25 9/16 × 32 in. (65 × 81.3 cm),"The Pierre and Maria-Gaetana Matisse Collection, 2002",,,,,,,,,,,,Paintings,"© 2023 Artists Rights Society (ARS), New York",http://www.metmuseum.org/art/collection/search/492697,https://www.wikidata.org/wiki/Q19917972,,"Metropolitan Museum of Art, New York, NY",Self-portraits|Women|Horses,http://vocab.getty.edu/page/aat/300124534|http://vocab.getty.edu/page/aat/300025943|http://vocab.getty.edu/page/aat/300250148,https://www.wikidata.org/wiki/Q192110|https://www.wikidata.org/wiki/Q467|https://www.wikidata.org/wiki/Q726
2003.270,True,True,False,493210,901,Modern and Contemporary Art,2003,Painting,Being With (Être Avec),,,,,,16211,Artist, ,Roberto Matta,"Chilean, Santiago 1911–2002 Civitavecchia, Italy", ,"Matta, Roberto",Chilean,1911      ,2002      ,,http://vocab.getty.edu/page/ulan/500057123,https://www.wikidata.org/wiki/Q450236,1946,1946,1946,Oil on canvas,87 in. × 15 ft. (221 × 457.2 cm),"Purchase, Lila Acheson Wallace Gift, and Gift of The Glickstein Foundation, by exchange, 2003",,,,,,,,,,,,Paintings,"© 2023 Artists Rights Society (ARS), New York",http://www.metmuseum.org/art/collection/search/493210,https://www.wikidata.org/wiki/Q19922146,,"Metropolitan Museum of Art, New York, NY",,,
2005.390a-c,True,True,False,494509,,Modern and Contemporary Art,2005,Painting,Winter Pool,,,,,,16229,Artist, ,Robert Rauschenberg,"American, Port Arthur, Texas 1925–2008 Captiva Island, Florida", ,"Rauschenberg, Robert",American,1925      ,2008      ,,http://vocab.getty.edu/page/ulan/500002941,https://www.wikidata.org/wiki/Q164358,1959,1959,1959,"Combine painting: oil, paper, fabric, wood, metal, sandpaper, tape, printed paper, printed reproductions, handheld bellows, and found painting, on two canvases, with ladder",90 1/2 in. × 59 1/2 in. × 4 in. (229.9 × 151.1 × 10.2 cm),"Gift of Steven and Alexandra Cohen, and Purchase, Lila Acheson Wallace Gift, Bequest of Gioconda King, by exchange, Anonymous Gift and Gift of Sylvia de Cuevas, by exchange, Janet Lee Kadesky Ruttenberg Fund, in memory of William S. Lieberman, Mayer Fund, Norman M. Leff Bequest, and George A. Hearn and Kathryn E. Hurd Funds, 2005",,,,,,,,,,,,Paintings,© Robert Rauschenberg Foundation,http://www.metmuseum.org/art/collection/search/494509,https://www.wikidata.org/wiki/Q19917877,,"Metropolitan Museum of Art, New York, NY",Ladders,http://vocab.getty.edu/page/aat/300022376,https://www.wikidata.org/wiki/Q168639
2007.247.1,True,False,False,494826,,Modern and Contemporary Art,2007,Painting,Head I,,,,,,16628,Artist, ,Francis Bacon,"British (born Ireland), Dublin 1909–1992 Madrid", ,"Bacon, Francis","British, born Ireland",1909      ,1992      ,,http://vocab.getty.edu/page/ulan/500021153,https://www.wikidata.org/wiki/Q154340,1947–48,1947,1948,Oil and tempera on board,39 1/2 × 29 1/2 in. (100.3 × 74.9 cm),"Bequest of Richard S. Zeisler, 2007",,,,,,,,,,,,Paintings,"© 2023 Artists Rights Society (ARS), New York",http://www.metmuseum.org/art/collection/search/494826,https://www.wikidata.org/wiki/Q19921147,,"Metropolitan Museum of Art, New York, NY",Heads,http://vocab.getty.edu/page/aat/300375054,https://www.wikidata.org/wiki/Q3409626
2019.593,True,False,False,500194,908,Modern and Contemporary Art,2019,Painting,Woman in a Chemise in an Armchair,,,,,,16224,Artist, ,Pablo Picasso,"Spanish, Malaga 1881–1973 Mougins, France", ,"Picasso, Pablo",Spanish,1881      ,1973      ,,http://vocab.getty.edu/page/ulan/500009666,https://www.wikidata.org/wiki/Q5593,"Paris, late 1913–early 1914",1913,1914,Oil on canvas,59 × 39 1/8 in. (149.9 × 99.4 cm),"Leonard A. Lauder Cubist Collection, Gift of Leonard A. Lauder, in celebration of the Museum’s 150th Anniversary, 2019",,,,,,,,,,,,Paintings,"© 2023 Estate of Pablo Picasso / Artists Rights Society (ARS), New York",http://www.metmuseum.org/art/collection/search/500194,https://www.wikidata.org/wiki/Q116412424,,"Metropolitan Museum of Art, New York, NY",Female Nudes,http://vocab.getty.edu/page/aat/300189568,https://www.wikidata.org/wiki/Q40446
2013.271,True,True,False,500488,908,Modern and Contemporary Art,2013,Painting,The Village,,,,,,16205,Artist, ,Fernand Léger,"French, Argentan 1881–1955 Gif-sur-Yvette", ,"Léger, Fernand",French,1881      ,1955      ,,http://vocab.getty.edu/page/ulan/500027374,https://www.wikidata.org/wiki/Q157183,1914,1914,1914,Oil on canvas,31 1/2 × 39 1/2 in. (80 × 100.3 cm),"Leonard A. Lauder Cubist Collection, Purchase, Leonard A. Lauder Gift, 2013",,,,,,,,,,,,Paintings,"© 2023 Artists Rights Society (ARS), New York",http://www.metmuseum.org/art/collection/search/500488,https://www.wikidata.org/wiki/Q20190179,,"Metropolitan Museum of Art, New York, NY",Buildings|Villages,http://vocab.getty.edu/page/aat/300004789|http://vocab.getty.edu/page/aat/300008372,https://www.wikidata.org/wiki/Q41176|https://www.wikidata.org/wiki/Q532
2007.442,True,False,True,505722,684,Musical Instruments,2007,Painting,Portrait of Monsieur Aublet,French,,,,,16266,Artist, ,Guillaume Voiriot,"French, Paris 1713–1799 Paris", ,"Voiriot, Guillaume",French,1713      ,1799      ,,http://vocab.getty.edu/page/ulan/500026746,https://www.wikidata.org/wiki/Q1553935,ca. 1782,1780,1785,Oil on canvas,50 3/4 × 38 1/4 in. (128.9 × 97.2 cm),"Gift of The Bradford & Dorothea Endicott Foundation, 2007",,Paris,,,France,,,,,,,Paintings,,http://www.metmuseum.org/art/collection/search/505722,https://www.wikidata.org/wiki/Q29385709,,"Metropolitan Museum of Art, New York, NY",Men|Portraits|Guitars,http://vocab.getty.edu/page/aat/300025928|http://vocab.getty.edu/page/aat/300015637|http://vocab.getty.edu/page/aat/300042025,https://www.wikidata.org/wiki/Q8441|https://www.wikidata.org/wiki/Q134307|https://www.wikidata.org/wiki/Q6607
2014.250,True,False,True,626692,,European Paintings,2014,Painting,Everhard Jabach (1618–1695) and His Family,,,,,,16205,Artist, ,Charles Le Brun,"French, Paris 1619–1690 Paris", ,"Le Brun, Charles",French,1619      ,1690      ,,http://vocab.getty.edu/page/ulan/500016215,https://www.wikidata.org/wiki/Q271676,ca. 1660,1655,1665,Oil on canvas,110 1/4 × 129 1/8 in. (280 × 328 cm),"Purchase, Mrs. Charles Wrightsman Gift, in honor of Keith Christiansen, 2014",,,,,,,,,,,,Paintings,,http://www.metmuseum.org/art/collection/search/626692,https://www.wikidata.org/wiki/Q19911433,,"Metropolitan Museum of Art, New York, NY",Interiors|Boys|Self-portraits|Dogs|Girls|Infants|Men|Women|Family,http://vocab.getty.edu/page/aat/300391239|http://vocab.getty.edu/page/aat/300247598|http://vocab.getty.edu/page/aat/300124534|http://vocab.getty.edu/page/aat/300265714|http://vocab.getty.edu/page/aat/300247581|http://vocab.getty.edu/page/aat/300189561|http://vocab.getty.edu/page/aat/300025928|http://vocab.getty.edu/page/aat/300025943|http://vocab.getty.edu/page/aat/300435378,https://www.wikidata.org/wiki/Q2998430|https://www.wikidata.org/wiki/Q3010|https://www.wikidata.org/wiki/Q192110|https://www.wikidata.org/wiki/Q144|https://www.wikidata.org/wiki/Q3031|https://www.wikidata.org/wiki/Q998|https://www.wikidata.org/wiki/Q8441|https://www.wikidata.org/wiki/Q467|https://www.wikidata.org/wiki/Q8436
2014.269,True,False,True,631985,749,The American Wing,2013,Painting,The Entombment of Christ,Mexican,,,,,17539,Artist, ,Juan Rodríguez Juárez,"Mexican, 1675–1728", ,"Rodríguez Juárez, Juan",Mexican,1675      ,1728      ,,http://vocab.getty.edu/page/ulan/500011397,https://www.wikidata.org/wiki/Q5363977,ca. 1702,1697,1707,Oil and gold on copper,"10 3/16 × 7 3/4 in. (25.9 × 19.7 cm)
Framed: 17 3/4 × 15 3/4 × 1 1/2 in. (45.1 × 40 × 3.8 cm)","Purchase, 2013 Benefit Fund, 2014",,,,,,,,,,,,,,http://www.metmuseum.org/art/collection/search/631985,https://www.wikidata.org/wiki/Q20169416,,"Metropolitan Museum of Art, New York, NY",Entombment|Christ|Virgin Mary,http://vocab.getty.edu/page/ia/901001053|http://vocab.getty.edu/page/ia/901000087|http://vocab.getty.edu/page/ia/901000032,https://www.wikidata.org/wiki/Q51637|https://www.wikidata.org/wiki/Q642420|https://www.wikidata.org/wiki/Q345
2013.1134,True,False,True,634108,800,European Paintings,2013,Painting,The Dream of the Shepherd (Der Traum des Hirten),,,,,,9037,Artist, ,Ferdinand Hodler,"Swiss, Bern 1853–1918 Geneva", ,"Hodler, Ferdinand",Swiss,1853      ,1918      ,,http://vocab.getty.edu/page/ulan/500027184,https://www.wikidata.org/wiki/Q214564,1896,1896,1896,Oil on canvas,98 1/2 × 51 3/8 in. (250.2 × 130.5 cm),"Purchase, European Paintings Funds, Lila Acheson Wallace Gift, Catharine Lorillard Wolfe Collection, Wolfe Fund, Charles and Jessie Price Gift, funds from various donors, and Bequests of Collis P. Huntington and Isaac D. Fletcher, by exchange, 2013 

",,,,,,,,,,,,Paintings,,http://www.metmuseum.org/art/collection/search/634108,https://www.wikidata.org/wiki/Q19904853,,"Metropolitan Museum of Art, New York, NY",Female Nudes|Shepherds,http://vocab.getty.edu/page/aat/300189568|http://vocab.getty.edu/page/aat/300025617,https://www.wikidata.org/wiki/Q40446|https://www.wikidata.org/wiki/Q81710
2014.173,True,False,True,635401,749,The American Wing,2014,Painting,The Virgin of Guadalupe with the Four Apparitions,Mexican,,,,,17569,Artist, ,Nicolás Enríquez,"Mexican, 1704–1790", ,"Enríquez, Nicolás",Mexican,1704      ,1795      ,,,https://www.wikidata.org/wiki/Q18203214,1773,1773,1773,Oil on copper,"22 1/4 × 16 1/2 in. (56.5 × 41.9 cm)
Framed: 25 1/4 × 19 7/8 × 1 3/8 in. (64.1 × 50.5 × 3.5 cm)","Purchase, Louis V. Bell, Harris Brisbane Dick, Fletcher, and Rogers Funds and Joseph Pulitzer Bequest and several members of The Chairman's Council Gifts, 2014",,,,,,,,,,,,,,http://www.metmuseum.org/art/collection/search/635401,https://www.wikidata.org/wiki/Q19923997,,"Metropolitan Museum of Art, New York, NY",Men|Virgin Mary,http://vocab.getty.edu/page/aat/300025928|http://vocab.getty.edu/page/ia/901000032,https://www.wikidata.org/wiki/Q8441|https://www.wikidata.org/wiki/Q345
2016.717.2,True,False,False,655815,,Modern and Contemporary Art,2016,Painting,Karntakurlangu Jukurrpa,,,,,,17840,Artist, ,Dorothy Napangardi,"Australian (Aboriginal), ca. 1950–2013 Yuendumu/Alice Springs", ,"Napangardi, Dorothy",Australian (Aboriginal),1950      ,2013      ,Female,http://vocab.getty.edu/page/ulan/500489351,https://www.wikidata.org/wiki/Q5298564,2002,2002,2002,Acrylic on canvas,66 1/8 × 96 1/16 in. (168 × 244 cm),"Gift of Robert Kaplan and Margaret Levi Collection, 2016",,,,,,,,,,,,Paintings,,http://www.metmuseum.org/art/collection/search/655815,https://www.wikidata.org/wiki/Q96756866,,"Metropolitan Museum of Art, New York, NY",Abstraction,http://vocab.getty.edu/page/aat/300056508,https://www.wikidata.org/wiki/Q162150
2017.251.5,True,False,False,655833,,Modern and Contemporary Art,2017,Painting,Mountain Devil Lizard Dreaming-Sand-Hill Country (after Hailstorm),,,,,,17841,Artist, ,Kathleen Petyarre,"Australian (Aboriginal), ca. 1938–2018 Alice Springs", ,"Petyarre, Kathleen",Australian (Aboriginal),1938      ,2018      ,Female,,,2000,2000,2000,Acrylic on canvas,71 5/8 × 71 5/8 in. (182 × 182 cm),"Gift of Robert Kaplan and Margaret Levi, 2017",,,,,,,,,,,,Paintings,,http://www.metmuseum.org/art/collection/search/655833,,,"Metropolitan Museum of Art, New York, NY",,,
2015.366,True,False,False,669451,915,Modern and Contemporary Art,2015,Painting,Untitled (Studio),,,,,,18099,Artist, ,Kerry James Marshall,"American, born Birmingham, Alabama, 1955", ,"Marshall, Kerry James",American,1955      ,9999      ,,http://vocab.getty.edu/page/ulan/500116210,https://www.wikidata.org/wiki/Q832432,2014,2014,2014,Acrylic on PVC panels,"83 5/16  × 119 1/4 in . (211.6 × 302.9 cm)
","Purchase, The Jacques and Natasha Gelman Foundation Gift, Acquisitions Fund and The Metropolitan Museum of Art Multicultural Audience Development Initiative Gift, 2015
",,,,,,,,,,,,Paintings,© Kerry James Marshall,http://www.metmuseum.org/art/collection/search/669451,https://www.wikidata.org/wiki/Q96399238,,"Metropolitan Museum of Art, New York, NY",Easels|Dogs|Men|Women|Skulls|Painting,http://vocab.getty.edu/page/aat/300079638|http://vocab.getty.edu/page/aat/300265714|http://vocab.getty.edu/page/aat/300025928|http://vocab.getty.edu/page/aat/300025943|http://vocab.getty.edu/page/aat/300191856|http://vocab.getty.edu/page/aat/300054216,https://www.wikidata.org/wiki/Q939611|https://www.wikidata.org/wiki/Q144|https://www.wikidata.org/wiki/Q8441|https://www.wikidata.org/wiki/Q467|https://www.wikidata.org/wiki/Q13147|https://www.wikidata.org/wiki/Q11629
2015.42,True,False,False,676458,900,Modern and Contemporary Art,2015,Painting,Let My People Go,,,,,,16393,Artist, ,Aaron Douglas,"American, Topeka, Kansas 1899–1979 Nashville, Tennessee", ,"Douglas, Aaron",American,1899      ,1979      ,,http://vocab.getty.edu/page/ulan/500110570,https://www.wikidata.org/wiki/Q4661979,ca. 1935–39,1930,1940,Oil on Masonite,48 × 36 in. (121.9 × 91.4 cm),"Purchase, Lila Acheson Wallace Gift, 2015",,,,,,,,,,,,Paintings,"Art © Heirs of Aaron Douglas/Licensed by VAGA, New York, NY",http://www.metmuseum.org/art/collection/search/676458,https://www.wikidata.org/wiki/Q20194322,,"Metropolitan Museum of Art, New York, NY",Spears|Men|Horses,http://vocab.getty.edu/page/aat/300037038|http://vocab.getty.edu/page/aat/300025928|http://vocab.getty.edu/page/aat/300250148,https://www.wikidata.org/wiki/Q44475|https://www.wikidata.org/wiki/Q8441|https://www.wikidata.org/wiki/Q726
2015.118,True,False,False,677910,762,The American Wing,2015,Painting,Untitled (Cracked Watermelon),American,,,,,18254,Artist, ,Charles Ethan Porter,1847–1923, ,"Porter, Charles Ethan",American,1847      ,1923      ,,http://vocab.getty.edu/page/ulan/500122066,https://www.wikidata.org/wiki/Q5077434,ca. 1890,1885,1895,Oil on canvas,19 1/8 × 28 3/16 in. (48.6 × 71.6 cm),"Purchase, Nancy Dunn Revocable Trust Gift, 2015",Made in,Hartford,,,United States,,,,,,,,,http://www.metmuseum.org/art/collection/search/677910,https://www.wikidata.org/wiki/Q19925323,,"Metropolitan Museum of Art, New York, NY",Still Life|Fruit,http://vocab.getty.edu/page/aat/300015638|http://vocab.getty.edu/page/aat/300011868,https://www.wikidata.org/wiki/Q170571|https://www.wikidata.org/wiki/Q1364
2015.146,True,False,True,679844,,European Paintings,2015,Painting,Fish Market,,,,,,7289,Artist, ,Joachim Beuckelaer,"Netherlandish, Antwerp 1533–1575 Antwerp", ,"Beuckelaer, Joachim",Netherlandish,1533      ,1574      ,,http://vocab.getty.edu/page/ulan/500031041,https://www.wikidata.org/wiki/Q533314,1568,1568,1568,Oil on Baltic oak,50 5/8 × 68 7/8 in. (128.6 × 174.9 cm),"Purchase, Lila Acheson Wallace Gift and Bequest of George Blumenthal, by exchange, 2015",,,,,,,,,,,,Paintings,,http://www.metmuseum.org/art/collection/search/679844,https://www.wikidata.org/wiki/Q19913672,,"Metropolitan Museum of Art, New York, NY",Food|Men|Women|Fish|Markets,http://vocab.getty.edu/page/aat/300254496|http://vocab.getty.edu/page/aat/300025928|http://vocab.getty.edu/page/aat/300025943|http://vocab.getty.edu/page/aat/300266085|http://vocab.getty.edu/page/aat/300112347,https://www.wikidata.org/wiki/Q2095|https://www.wikidata.org/wiki/Q8441|https://www.wikidata.org/wiki/Q467|https://www.wikidata.org/wiki/Q152|https://www.wikidata.org/wiki/Q132510
2015.587,True,False,True,694642,770,The American Wing,2015,Painting,"The Trees, Early Afternoon, France",American,,,,,18641,Artist, ,William A. Harper,"American (born Canada), Cayuga 1873–1910 Mexico City", ,"Harper, William A.","American, born Canada",1873      ,1910      ,,,https://www.wikidata.org/wiki/Q29961432,ca. 1905,1900,1910,Oil on canvas,20 × 26 in. (50.8 × 66 cm),"Marguerite and Frank A. Cosgrove Jr. Fund, 2015",,,,,,,,,,,,,,http://www.metmuseum.org/art/collection/search/694642,https://www.wikidata.org/wiki/Q29961418,,"Metropolitan Museum of Art, New York, NY",Landscapes,http://vocab.getty.edu/page/aat/300132294,https://www.wikidata.org/wiki/Q191163
2016.135,True,False,True,698529,760,The American Wing,2016,Painting,"Dance in a Subterranean Roundhouse at Clear Lake, California",American,,,,,18769,Artist, ,Jules Tavernier,"American (born France), Paris 1844–1889 Honolulu, Hawaii", ,"Tavernier, Jules","American, born France",1844      ,1889      ,,http://vocab.getty.edu/page/ulan/500031616,https://www.wikidata.org/wiki/Q3188933,1878,1878,1878,Oil on canvas,48 × 72 1/4 in. (121.9 × 183.5 cm),"Marguerite and Frank A. Cosgrove Jr. Fund, 2016",Made in,San Francisco,,,United States,,,,,,,,,http://www.metmuseum.org/art/collection/search/698529,https://www.wikidata.org/wiki/Q78614308,,"Metropolitan Museum of Art, New York, NY",Dancers|Men|Women|Dancing,http://vocab.getty.edu/page/aat/300025653|http://vocab.getty.edu/page/aat/300025928|http://vocab.getty.edu/page/aat/300025943|http://vocab.getty.edu/page/aat/300389779,https://www.wikidata.org/wiki/Q5716684|https://www.wikidata.org/wiki/Q8441|https://www.wikidata.org/wiki/Q467|https://www.wikidata.org/wiki/Q43393537
2016.116,True,False,True,701989,723,The American Wing,2016,Painting,Emma Van Name,,,,,,16477,Artist, ,Joshua Johnson,"American, ca. 1763–ca. 1824", ,"Johnson, Joshua",American,1758      ,1829      ,,http://vocab.getty.edu/page/ulan/500121295,https://www.wikidata.org/wiki/Q958068,ca. 1805,1805,1805,Oil on canvasPainting,29 × 23 in. (73.7 × 58.4 cm),"Purchase, Nancy Dunn Revocable Trust Gift, 2016",Made in,Baltimore,,,United States,,,,,,,,,http://www.metmuseum.org/art/collection/search/701989,https://www.wikidata.org/wiki/Q28811053,,"Metropolitan Museum of Art, New York, NY",Girls|Portraits|Strawberries|Goblets,http://vocab.getty.edu/page/aat/300247581|http://vocab.getty.edu/page/aat/300015637|http://vocab.getty.edu/page/aat/300375414|http://vocab.getty.edu/page/aat/300043236,https://www.wikidata.org/wiki/Q3031|https://www.wikidata.org/wiki/Q134307|https://www.wikidata.org/wiki/Q745|https://www.wikidata.org/wiki/Q18451251
2016.252,True,False,False,702950,,Modern and Contemporary Art,2016,Painting,Alphabet No. 2,,,,,,18928,Artist, ,Ibrahim El-Salahi,"Sudanese, born 1930", ,"El-Salahi, Ibrahim",Sudanese,1930-09-05,9999      ,,http://vocab.getty.edu/page/ulan/500117567,https://www.wikidata.org/wiki/Q2662098,1962; reworked 1968,1962,1968,Oil on canvas,29 3/8 × 24 3/4 in. (74.6 × 62.9 cm),"Purchase, Lila Acheson Wallace Gift, 2016",,,,,,,,,,,,Paintings,"© 2023 Artists Rights Society (ARS), New York",http://www.metmuseum.org/art/collection/search/702950,,,"Metropolitan Museum of Art, New York, NY",Abstraction,http://vocab.getty.edu/page/aat/300056508,https://www.wikidata.org/wiki/Q162150
2018.649,True,False,False,707486,772,The American Wing,2018,Painting,Gray and Brass,American,,,,,16242,Artist, ,John Sloan,"American, Lock Haven, Pennsylvania 1871–1951 Hanover, New Hampshire", ,"Sloan, John",American,1871      ,1951      ,,http://vocab.getty.edu/page/ulan/500014645,https://www.wikidata.org/wiki/Q861756,1907,1907,1907,Oil on canvas,22 × 27 in. (55.9 × 68.6 cm),"Marguerite and Frank A. Cosgrove Jr. Fund, 2018",Made in,,,,United States,,,,,,,,,http://www.metmuseum.org/art/collection/search/707486,https://www.wikidata.org/wiki/Q116444593,,"Metropolitan Museum of Art, New York, NY",Women|Cars|Men,http://vocab.getty.edu/page/aat/300025943|http://vocab.getty.edu/page/aat/300178739|http://vocab.getty.edu/page/aat/300025928,https://www.wikidata.org/wiki/Q467|https://www.wikidata.org/wiki/Q1420|https://www.wikidata.org/wiki/Q8441
2016.50,True,True,True,708024,753,The American Wing,2016,"Painting, oil study","Study For Liberty Displaying the Arts and Sciences, or The Genius of America Encouraging the Emancipation of the Blacks",American,,,,,19045,Artist, ,Samuel Jennings,"American, 1789–1834", ,"Jennings, Samuel",American,1789      ,1834      ,,http://vocab.getty.edu/page/ulan/500010286,https://www.wikidata.org/wiki/Q22909272,ca. 1791–92,1786,1796,Oil on canvas,10 3/4 × 12 1/2 in. (27.3 × 31.8 cm),"Purchase, Karen Buchwald Wright Gift, 2016",,,,,,,,,,,,,,http://www.metmuseum.org/art/collection/search/708024,https://www.wikidata.org/wiki/Q78613963,,"Metropolitan Museum of Art, New York, NY",Lyres|Men|Women|Slavery|Allegory|Palettes,http://vocab.getty.edu/page/aat/300042114|http://vocab.getty.edu/page/aat/300025928|http://vocab.getty.edu/page/aat/300025943|http://vocab.getty.edu/page/aat/300055309|http://vocab.getty.edu/page/aat/300055866|http://vocab.getty.edu/page/aat/300022625,https://www.wikidata.org/wiki/Q201129|https://www.wikidata.org/wiki/Q8441|https://www.wikidata.org/wiki/Q467|https://www.wikidata.org/wiki/Q8463|https://www.wikidata.org/wiki/Q18535|https://www.wikidata.org/wiki/Q425548
2016.405.2,True,False,False,712182,769,The American Wing,2016,Painting,Moonlight,American,,,,,19126,Artist, ,Edith Mitchill Prellwitz,"American, 1865–1944", ,"Prellwitz, Edith Mitchill",American,1865      ,1944      ,Female,http://vocab.getty.edu/page/ulan/500125500,https://www.wikidata.org/wiki/Q58472820,1898,1898,1898,Oil on panel,18 × 22 1/2 in. (45.7 × 57.2 cm),"Gift of D. Frederick Baker from the Baker/Pisano Collection, 2016",Made in,Cornish,,,United States,,,,,,,,,http://www.metmuseum.org/art/collection/search/712182,https://www.wikidata.org/wiki/Q98225137,,"Metropolitan Museum of Art, New York, NY",,,
2016.553,True,False,True,719486,749,The American Wing,2016,Painting,The Marriage of the Virgin,Mexican,,,,,19272,Artist, ,José Sánchez,"Mexican, active 1686–95", ,"Sánchez, José",Mexican,1686      ,1695      ,,,,ca. 1690,1685,1695,Oil on canvas,50 1/4 × 72 in. (127.6 × 182.9 cm),"Maria DeWitt Jesup Fund, 2016",Made in,Mexico City,,,Mexico,,,,,,,,,http://www.metmuseum.org/art/collection/search/719486,https://www.wikidata.org/wiki/Q78613399,,"Metropolitan Museum of Art, New York, NY",Men|Angels|Virgin Mary,http://vocab.getty.edu/page/aat/300025928|http://vocab.getty.edu/page/aat/300379004|http://vocab.getty.edu/page/ia/901000032,https://www.wikidata.org/wiki/Q8441|https://www.wikidata.org/wiki/Q235113|https://www.wikidata.org/wiki/Q345
"2017.291a, b",True,False,False,724721,,Modern and Contemporary Art,2017,Painting,Duck Walk,,,,,,17762,Artist, ,Mark Bradford,"American, born Los Angeles, California, 1961", ,"Bradford, Mark",American,1961      ,9999      ,,http://vocab.getty.edu/page/ulan/500116642,https://www.wikidata.org/wiki/Q16193971,2016,2016,2016,Mixed media on canvas,"Overall: 9 ft. 5/8 in. × 14 ft. 2 1/4 in. × 2 1/2 in. (275.9 × 432.4 × 6.4 cm)
a - left panel: 9 ft. 5/8 in. × 84 3/4 in. × 2 1/2 in. (275.9 × 215.3 × 6.4 cm)
b - right panel: 9 ft. 1/4 in. × 85 1/2 in. × 2 1/2 in. (275 × 217.2 × 6.4 cm)","Purchase, Anonymous Gift, 2017",,,,,,,,,,,,Paintings,"© Mark Bradford
Courtesy the artist and Hauser & Wirth",http://www.metmuseum.org/art/collection/search/724721,https://www.wikidata.org/wiki/Q96635170,,"Metropolitan Museum of Art, New York, NY",,,
2016.696,True,False,False,725889,,Modern and Contemporary Art,2016,Painting,Gigantomachy II,,,,,,19214,Artist, ,Leon Golub,"American, Chicago, Illinois 1922–2004 New York", ,"Golub, Leon",American,1922      ,2004      ,,http://vocab.getty.edu/page/ulan/500003430,https://www.wikidata.org/wiki/Q475655,1966,1966,1966,Acrylic on linen,9 ft. 11 1/2 in. × 24 ft. 10 1/2 in. (303.5 × 758.2 cm),"Gift of The Nancy Spero and Leon Golub Foundation for the Arts and Stephen, Philip, and Paul Golub, 2016",,,,,,,,,,,,Paintings,"Art © The Nancy Spero and Leon Golub Foundation for the Arts/Licensed by VAGA, New York, NY",http://www.metmuseum.org/art/collection/search/725889,,,"Metropolitan Museum of Art, New York, NY",Human Figures,http://vocab.getty.edu/page/aat/300404114,https://www.wikidata.org/wiki/Q5937779
2017.64a–f,True,False,False,733808,,Modern and Contemporary Art,2017,Painting,"The Liar, the copy of the Liar - 1",,,,,,19457,Artist, ,Francis Alÿs,"Belgian, born Antwerp, 1959", ,"Alÿs, Francis",Belgian,1959      ,9999      ,,http://vocab.getty.edu/page/ulan/500116308,https://www.wikidata.org/wiki/Q84569273,1991–94,1991,1994,"Enamel on metal sheet, oil on paperboard with masking tape and oil and wax on canvas glued to particle board","a - painting 1 (by Emilio Rivera): 29 3/4 × 22 3/8 × 1 in. (75.6 × 56.8 × 2.5 cm)
b - painting 2 (by Enrique Huerta): 39 7/8 × 30 1/4 × 3/4 in. (101.3 × 76.8 × 1.9 cm)
c - painting 3 (by Juan García): 48 5/8 × 36 3/4 × 1 in. (123.5 × 93.3 × 2.5 cm)
d - painting 4 (by Francis Alÿs): 11 1/4 × 7 1/4 × 1/2 in. (28.6 × 18.4 × 1.3 cm)
e - painting 5 (by Francis Alÿs): 9 1/2 × 7 1/8 × 3/4 in. (24.1 × 18.1 × 1.9 cm)
f - painting 6 (Found sign painting): 32 5/8 × 20 3/4 × 1 1/4 in. (82.9 × 52.7 × 3.2 cm)","Purchase, Lila Acheson Wallace Gift, 2017",,,,,,,,,,,,Paintings,© Francis Alys,http://www.metmuseum.org/art/collection/search/733808,,,"Metropolitan Museum of Art, New York, NY",Men,http://vocab.getty.edu/page/aat/300025928,https://www.wikidata.org/wiki/Q8441
2018.667,True,False,False,744549,,Modern and Contemporary Art,2018,Painting,Smashed Strokes Hope,,,,,,14700,Artist, ,Joan Snyder,"American, born Highland Park, New Jersey, 1940", ,"Snyder, Joan",American,1940      ,9999      ,Female,http://vocab.getty.edu/page/ulan/500018221,https://www.wikidata.org/wiki/Q6205466,1971,1971,1971,Oil on canvas,72 in. × 12 ft. (182.9 × 365.8 cm),"Partial and Promised Gift of Stephanie Bernheim, in celebration of the Museum's 150th Anniversary, 2017",,,,,,,,,,,,Paintings,,http://www.metmuseum.org/art/collection/search/744549,,,"Metropolitan Museum of Art, New York, NY",,,
2017.234,True,False,True,747199,749,The American Wing,2017,Painting,The Virgin of Carmen and the Souls of Purgatory with St. Joseph and the Prophet Elijah,Mexican,,,,,19722,Artist, ,Juan Francisco de Aguilera,"active Mexico, first third 18th century", ,"Aguilera, Juan Francisco de",Mexico,          ,          ,,(not assigned),https://www.wikidata.org/wiki/Q18575647,ca. 1720,1715,1725,"Oil and gold on copper; Frame: ebony, tortoise shell, and silver","Image: 13 in. × 9 5/8 in. (33 × 24.5 cm)
Framed: 17 15/16 × 14 15/16 in. (45.5 × 38 cm)","Purchase, Nancy Dunn Revocable Trust Gift, 2017",Made in,,,,Mexico,,,,,,,,,http://www.metmuseum.org/art/collection/search/747199,https://www.wikidata.org/wiki/Q104413095,,"Metropolitan Museum of Art, New York, NY",Virgin Mary|Men|Jesus|Women,http://vocab.getty.edu/page/ia/901000032|http://vocab.getty.edu/page/aat/300025928|http://vocab.getty.edu/page/ia/901000087|http://vocab.getty.edu/page/aat/300025943,https://www.wikidata.org/wiki/Q345|https://www.wikidata.org/wiki/Q8441|https://www.wikidata.org/wiki/Q302|https://www.wikidata.org/wiki/Q467
2017.250,True,False,False,749639,829,European Paintings,2017,Painting,Inferno,,,,,,16434,Artist, ,Franz von Stuck,"German, Tettenweis 1863–1928 Munich", ,"Stuck, Franz von",German,1863      ,1928      ,,http://vocab.getty.edu/page/ulan/500006652,https://www.wikidata.org/wiki/Q45006,1908,1908,1908,Oil on canvas,50 3/4 × 82 1/2 in. (128.9 × 209.6 cm),"Purchase, Bequest of Julia W. Emmons, by exchange; Walter and Leonore Annenberg Acquisitions Endowment Fund; Charles Hack and the Hearn Family Trust and Mugrabi Family Gifts; Louis V. Bell, Harris Brisbane Dick, Fletcher, and Rogers Funds and Joseph Pulitzer Bequest; Pfeiffer Fund; Theodocia and Joseph Arkus and several members of The Chairman's Council Gifts, 2017",,,,,,,,,,,,Paintings,,http://www.metmuseum.org/art/collection/search/749639,,,"Metropolitan Museum of Art, New York, NY",Male Nudes|Female Nudes|Snakes|Demons|Hell,http://vocab.getty.edu/page/aat/300189568|http://vocab.getty.edu/page/aat/300189568|http://vocab.getty.edu/page/aat/300250870|http://vocab.getty.edu/page/aat/300379730|http://vocab.getty.edu/page/aat/300185657,https://www.wikidata.org/wiki/Q40446|https://www.wikidata.org/wiki/Q40446|https://www.wikidata.org/wiki/Q2102|https://www.wikidata.org/wiki/Q177413|https://www.wikidata.org/wiki/Q564
2019.438,True,False,True,752047,765,The American Wing,2019,Painting,A Reconnaissance,American,,,,,16229,Artist, ,Frederic Remington,"American, Canton, New York 1861–1909 Ridgefield, Connecticut", ,"Remington, Frederic",American,1861      ,1909      ,,http://vocab.getty.edu/page/ulan/500024759,https://www.wikidata.org/wiki/Q560787,1902,1902,1902,Oil on canvas,"27 1/4 × 40 in. (69.2 × 101.6 cm)
Framed: 39 × 52 in. (99.1 × 132.1 cm)","Gift of Louis and Gabrielle Bacon, in celebration of the Museum's 150th Anniversary, 2019",,,,,,,,,,,,,,http://www.metmuseum.org/art/collection/search/752047,https://www.wikidata.org/wiki/Q104413127,,"Metropolitan Museum of Art, New York, NY",Soldiers|Snow|Men|Horses,http://vocab.getty.edu/page/aat/300185678|http://vocab.getty.edu/page/aat/300055381|http://vocab.getty.edu/page/aat/300025928|http://vocab.getty.edu/page/aat/300250148,https://www.wikidata.org/wiki/Q4991371|https://www.wikidata.org/wiki/Q7561|https://www.wikidata.org/wiki/Q8441|https://www.wikidata.org/wiki/Q726
2017.388,True,False,False,752049,915,Modern and Contemporary Art,2017,Painting,Fly the Wild,,,,,,19853,Artist, ,Stanley Whitney,"American, born Philadelphia, Pennsylvania, 1946", ,"Whitney, Stanley",American,1946      ,9999      ,,http://vocab.getty.edu/page/ulan/500329696,https://www.wikidata.org/wiki/Q27876364,2017,2017,2017,Oil on linen canvas,72 × 72 in. (182.9 × 182.9 cm),"Gift of Julie and Jeffrey Loria, 2017",,,,,,,,,,,,Paintings,,http://www.metmuseum.org/art/collection/search/752049,https://www.wikidata.org/wiki/Q116444953,,"Metropolitan Museum of Art, New York, NY",,,
2017.323,True,False,False,754093,915,Modern and Contemporary Art,2017,Painting,Untitled,,,,,,19882,Artist, ,Etel Adnan,"Lebanese, born Beirut 1925–2021 Paris, France", ,"Adnan, Etel",Lebanese,1925      ,2021      ,Female,http://vocab.getty.edu/page/ulan/500473649,https://www.wikidata.org/wiki/Q440316,2016,2016,2016,Oil on canvas,13 3/4 × 18 in. (34.9 × 45.7 cm),"Gift of Stefano Baia Curioni and Margherita Zambon, 2017",,,,,,,,,,,,Paintings,© Estate of Etel Adnan,http://www.metmuseum.org/art/collection/search/754093,https://www.wikidata.org/wiki/Q116444962,,"Metropolitan Museum of Art, New York, NY",,,
2018.652.2,True,False,False,764087,,The American Wing,2018,Painting,Saint Christopher,Bolivia,,,,,20059,Artist, ,Melchor Pérez Holguin,"Bolivia, ca. 1660–after 1732", ,"Holguin, Melchor Pérez",Bolivian,1660      ,1732      ,,http://vocab.getty.edu/page/ulan/500077293,https://www.wikidata.org/wiki/Q9031305,ca. 1710–20,1710,1720,Oil on canvas,64 3/4 × 39 3/16 in. (164.5 × 99.5 cm),"Gift of James Kung Wei Li, in memory of Ambassador and Mme Ti-Tsun Li, Republic of China, 2018",,,,,,,,,,,,,,http://www.metmuseum.org/art/collection/search/764087,https://www.wikidata.org/wiki/Q104413131,,"Metropolitan Museum of Art, New York, NY",,,
2018.652.3,True,False,True,764091,757,The American Wing,2018,Painting,Our Lady of Valvanera,Peru (Cuzco),,,,,16998,Artist, ,Unknown, ,"Cuzco Artist, Peru, second half of 18th Century",Unknown, ,          ,          ,,http://vocab.getty.edu/page/ulan/500125274,https://www.wikidata.org/wiki/Q24238356,ca. 1770–80,1765,1775,Oil and gold on canvas,80 1/16 × 95 7/8 in. (203.4 × 243.5 cm),"Gift of James Kung Wei Li, in memory of Ambassador and Mme Ti-Tsun Li, Republic of China, 2018",,,,,,,,,,,,,,http://www.metmuseum.org/art/collection/search/764091,https://www.wikidata.org/wiki/Q104413132,,"Metropolitan Museum of Art, New York, NY",Madonna and Child|Men|Birds,http://vocab.getty.edu/page/ia/901000052|http://vocab.getty.edu/page/aat/300025928|http://vocab.getty.edu/page/aat/300266506,https://www.wikidata.org/wiki/Q9309699|https://www.wikidata.org/wiki/Q8441|https://www.wikidata.org/wiki/Q5113
2018.652.5,True,False,True,764095,757,The American Wing,2018,Painting,"Christ Carrying the Cross, called ""The Lord of the Fall""",Peru (Cuzco),,,,,16998,Artist, ,Unknown, ,"Cuzco Artist (Peru, second half 18th century)",Unknown, ,          ,          ,,http://vocab.getty.edu/page/ulan/500125274,https://www.wikidata.org/wiki/Q24238356,ca. 1770–75,1770,1775,Oil and gold on canvas,65 × 48 in. (165.1 × 121.9 cm),"Gift of James Kung Wei Li, in memory of Ambassador and Mme Ti-Tsun Li, Republic of China, 2018",,,,,,,,,,,,,,http://www.metmuseum.org/art/collection/search/764095,https://www.wikidata.org/wiki/Q104413133,,"Metropolitan Museum of Art, New York, NY",Angels|Christ,http://vocab.getty.edu/page/aat/300379004|http://vocab.getty.edu/page/ia/901000087,https://www.wikidata.org/wiki/Q235113|https://www.wikidata.org/wiki/Q642420
2017.369,True,False,False,765285,758,The American Wing,2017,Painting,Young Wife: First Stew,American,,,,,348,Artist, ,Lilly Martin Spencer,1822–1902, ,"Spencer, Lilly Martin",American,1822      ,1902      ,Female,http://vocab.getty.edu/page/ulan/500016080,https://www.wikidata.org/wiki/Q2986384,1854,1854,1854,Oil on canvas,"30 × 24 in. (76.2 × 61 cm)
Framed: 40 × 35 × 3 in. (101.6 × 88.9 × 7.6 cm)","Gift of Bruce and Susan Lueck, 2017",Made in,New York,,,United States,,,,,,,,,http://www.metmuseum.org/art/collection/search/765285,https://www.wikidata.org/wiki/Q98225261,,"Metropolitan Museum of Art, New York, NY",Food|Vegetables|Cooking|Eggs|Kitchens|Women,http://vocab.getty.edu/page/aat/300254496|http://vocab.getty.edu/page/aat/300380162| |http://vocab.getty.edu/page/aat/300395680|http://vocab.getty.edu/page/aat/300004514|http://vocab.getty.edu/page/aat/300025943,https://www.wikidata.org/wiki/Q2095|https://www.wikidata.org/wiki/Q11004|https://www.wikidata.org/wiki/Q38695|https://www.wikidata.org/wiki/Q93189|https://www.wikidata.org/wiki/Q43164|https://www.wikidata.org/wiki/Q467
2017.433,True,False,False,766640,,Modern and Contemporary Art,2017,Painting,How Do You Sleep At Night?,,,,,,20112,Artist, ,Shara Hughes,"American, born Atlanta 1981", ,"Hughes, Shara",American,1981      ,9999      ,Female,(not assigned),https://www.wikidata.org/wiki/Q63026098,2017,2017,2017,Oil and acrylic on canvas,68 × 60 in. (172.7 × 152.4 cm),"Purchase, Blair Effron Gift, 2017",,,,,,,,,,,,Paintings,© Shara Hughes,http://www.metmuseum.org/art/collection/search/766640,,,"Metropolitan Museum of Art, New York, NY",Flowers,http://vocab.getty.edu/page/aat/300132399,https://www.wikidata.org/wiki/Q506
2018.6,True,False,True,768547,758,The American Wing,2018,Painting,The Wood Sawyer,American,,,,,20149,Artist, ,Charles E. Weir,"American, 1823–1845", ,"Weir, Charles E.",American,1823      ,1845      ,,(not assigned),https://www.wikidata.org/wiki/Q96750096,1842,1842,1842,Oil on board,"22 1/4 × 18 1/4 in. (56.5 × 46.4 cm)
Framed: 29 7/8 × 25 5/8 in. (75.9 × 65.1 cm)","Maria DeWitt Jesup Fund, 2018",,,,,,,,,,,,,,http://www.metmuseum.org/art/collection/search/768547,https://www.wikidata.org/wiki/Q104413242,,"Metropolitan Museum of Art, New York, NY",Tools|Men,http://vocab.getty.edu/page/aat/300024841|http://vocab.getty.edu/page/aat/300025928,https://www.wikidata.org/wiki/Q39546|https://www.wikidata.org/wiki/Q8441
2018.4,True,False,False,769369,508,Modern and Contemporary Art,2018,Painting,"Andrea Motley Crabtree, the first",,,,,,20165,Artist, ,Henry Taylor,"American, born Oxnard, California, 1958", ,"Taylor, Henry",American,1958      ,9999      ,,http://vocab.getty.edu/page/ulan/500333777,https://www.wikidata.org/wiki/Q18343072,2017,2017,2017,Acrylic on canvas,83 7/8 × 59 7/8 in. (213 × 152.1 cm),"Purchase, Bequest of Gioconda King, by exchange, 2018",,,,,,,,,,,,Paintings,© Henry Taylor,http://www.metmuseum.org/art/collection/search/769369,https://www.wikidata.org/wiki/Q110039965,,"Metropolitan Museum of Art, New York, NY",Women|Portraits,http://vocab.getty.edu/page/aat/300025943|http://vocab.getty.edu/page/aat/300015637,https://www.wikidata.org/wiki/Q467|https://www.wikidata.org/wiki/Q134307
2018.937,True,False,False,785431,915,Modern and Contemporary Art,2018,Painting,Necklacing,,,,,,20367,Artist, ,Michael Armitage,"Kenyan, born Nairobi, 1984", ,"Armitage, Michael",Kenyan,1984      ,9999      ,,(not assigned),https://www.wikidata.org/wiki/Q51282423,2016,2016,2016,Oil on lubugo barkcloth,78 3/4 × 59 1/4 in. (200 × 150.5 cm),"Purchase, Bequest of Gioconda King, by exchange, 2018",,,,,,,,,,,,Paintings,© Michael Armitage,http://www.metmuseum.org/art/collection/search/785431,https://www.wikidata.org/wiki/Q116445138,,"Metropolitan Museum of Art, New York, NY",,,
2018.873,True,False,False,786261,915,Modern and Contemporary Art,2018,Painting,Pirate Jenny,,,,,,10723,Artist, ,Carrie Moyer,"American, born Detroit, Michigan, 1960", ,"Moyer, Carrie",American,1960      ,9999      ,Female,http://vocab.getty.edu/page/ulan/500333367,https://www.wikidata.org/wiki/Q5046272,2012,2012,2012,"Acrylic, glitter, and graphite on canvas",72 × 72 in. (182.9 × 182.9 cm),"Gift of Shirley and Sidney Singer, 2018",,,,,,,,,,,,Paintings,© Carrie Moyer,http://www.metmuseum.org/art/collection/search/786261,https://www.wikidata.org/wiki/Q116445152,,"Metropolitan Museum of Art, New York, NY",,,
2018.228,True,False,False,786826,,Modern and Contemporary Art,2018,Painting,Carousel State,,,,,,14417,Artist, ,Sam Gilliam,"American, born Tupelo, Mississippi, 1933–2022 Washington, D.C.", ,"Gilliam, Sam",American,1933      ,2022      ,,http://vocab.getty.edu/page/ulan/500013570,https://www.wikidata.org/wiki/Q2216478,1968,1968,1968,Acrylic and aluminum powder on canvas,"9.926 × 70.5 (302.6 × 2149.4 cm)
Installed: 13 ft. 1 in. × 22 ft. (398.8 × 670.6 cm)
[irregular shape]","Gift of the artist, in celebration of the Museum's 150th Anniversary, 2018",,,,,,,,,,,,Paintings,© Sam Gilliam,http://www.metmuseum.org/art/collection/search/786826,https://www.wikidata.org/wiki/Q96358152,,"Metropolitan Museum of Art, New York, NY",,,
2018.754,True,False,False,812918,915,Modern and Contemporary Art,2018,Painting,Two Trees,,,,,,14816,Artist, ,Peter Doig,"British, born Edinburgh, Scotland, 1959", ,"Doig, Peter",British,1959      ,9999      ,,http://vocab.getty.edu/page/ulan/500094247,https://www.wikidata.org/wiki/Q1281272,2017,2017,2017,Oil on canvas,94 1/2 in. × 11 ft. 7 3/4 in. (240 × 355 cm),"Gift of George Economou, in celebration of the Museum's 150th Anniversary, 2018",,,,,,,,,,,,Paintings,"© 2023 Artists Rights Society (ARS), New York",http://www.metmuseum.org/art/collection/search/812918,https://www.wikidata.org/wiki/Q116445196,,"Metropolitan Museum of Art, New York, NY",,,
2018.501.1,True,False,True,813585,756,The American Wing,2018,Painting,"Hayne Hudjihini, Eagle of Delight",American,,,,,16457,Artist, ,Henry Inman,"American, Utica, New York 1801–1846 New York", ,"Inman, Henry",American,1801      ,1846      ,,http://vocab.getty.edu/page/ulan/500021656,https://www.wikidata.org/wiki/Q3132855,1832–33,1832,1833,Oil on canvas,30 1/4 × 25 1/4 in. (76.8 × 64.1 cm),"Gift of Gerald and Kathleen Peters, in celebration of the Museum's 150th Anniversary, 2018",,,,,,,,,,,,,,http://www.metmuseum.org/art/collection/search/813585,https://www.wikidata.org/wiki/Q78610561,,"Metropolitan Museum of Art, New York, NY",Portraits|Women,http://vocab.getty.edu/page/aat/300015637|http://vocab.getty.edu/page/aat/300025943,https://www.wikidata.org/wiki/Q134307|https://www.wikidata.org/wiki/Q467
2018.501.2,True,False,True,813594,756,The American Wing,2018,Painting,Pes-Ke-Le-Cha-Co,American,,,,,16457,Artist, ,Henry Inman,"American, Utica, New York 1801–1846 New York", ,"Inman, Henry",American,1801      ,1846      ,,http://vocab.getty.edu/page/ulan/500021656,https://www.wikidata.org/wiki/Q3132855,1832–33,1832,1833,Oil on canvas,30 × 25 in. (76.2 × 63.5 cm),"Gift of Gerald and Kathleen Peters, in celebration of the Museum's 150th Anniversary, 2018",,,,,,,,,,,,,,http://www.metmuseum.org/art/collection/search/813594,https://www.wikidata.org/wiki/Q78610486,,"Metropolitan Museum of Art, New York, NY",Men|Portraits,http://vocab.getty.edu/page/aat/300025928|http://vocab.getty.edu/page/aat/300015637,https://www.wikidata.org/wiki/Q8441|https://www.wikidata.org/wiki/Q134307
2019.48,True,False,False,815112,825,European Paintings,2019,Painting,"Little Denise (Denise Maréchal, later Madame Georges Béart, 1883–1956)",,,,,,16236,Artist, ,Theo Van Rysselberghe,"Belgian, Ghent 1862–1926 Saint Clair", ,"Rysselberghe, Theo Van",Belgian,1862      ,1926      ,,http://vocab.getty.edu/page/ulan/500030824,https://www.wikidata.org/wiki/Q671883,1889,1889,1889,Oil on canvas,40 9/16 × 23 3/4 in. (103 × 60.3 cm),"Purchase, Bequest of Milena Jurzykowski, by exchange, Walter and Leonore Annenberg Acquisitions Endowment Fund, the Estate of David R. Graham and Leonard A. Lauder Gifts, Catharine Lorillard Wolfe Collection, Wolfe Fund, Acquisitions Fund, and Gifts of J. Pierpont Morgan, Paul-Jean Clays, and an Association of Gentlemen, by exchange, 2019",,,,,,,,,,,,Paintings,,http://www.metmuseum.org/art/collection/search/815112,https://www.wikidata.org/wiki/Q77587746,,"Metropolitan Museum of Art, New York, NY",Girls|Portraits,http://vocab.getty.edu/page/aat/300247581|http://vocab.getty.edu/page/aat/300015637,https://www.wikidata.org/wiki/Q3031|https://www.wikidata.org/wiki/Q134307
2018.938,True,False,False,816458,901,Modern and Contemporary Art,2018,Painting,"An Ear of Mud, An Ear of Paste",,,,,,20605,Artist, ,Abdel Hadi El-Gazzar,"Egyptian, Alexandria 1925–1966 Cairo", ,"El-Gazzar, Abdel Hadi",Egyptian,1925      ,1966      ,,http://vocab.getty.edu/page/ulan/500124613,https://www.wikidata.org/wiki/Q4664743,1951,1951,1951,Oil on paperboard,43 1/2 × 27 1/2 in. (110.5 × 69.9 cm),"Purchase, Lila Acheson Wallace Gift, 2018",,,,,,,,,,,,Paintings|Works on Paper,,http://www.metmuseum.org/art/collection/search/816458,https://www.wikidata.org/wiki/Q116445277,,"Metropolitan Museum of Art, New York, NY",,,
2019.13,True,False,False,817303,912,Modern and Contemporary Art,2019,Painting,Iberic,,,,,,19336,Artist, ,Carmen Herrera,"Cuban, Havana 1915–2022 New York", ,"Herrera, Carmen",Cuban,1915      ,2022      ,Female,http://vocab.getty.edu/page/ulan/500332016,https://www.wikidata.org/wiki/Q522662,1949,1949,1949,Acrylic on canvas on board,40 in. (101.6 cm),"Gift of Tony Bechara, in celebration of the Museum's 150th Anniversary, 2019",,,,,,,,,,,,Paintings,© Carmen Herrera; Courtesy Lisson Gallery,http://www.metmuseum.org/art/collection/search/817303,https://www.wikidata.org/wiki/Q105790527,,"Metropolitan Museum of Art, New York, NY",,,
2019.152,True,False,False,821931,768,The American Wing,2019,Painting,Helena de Kay Gilder,American,,,,,16166,Artist, ,Cecilia Beaux,"American, Philadelphia, Pennsylvania 1855–1942 Gloucester, Massachusetts", ,"Beaux, Cecilia",American,1855      ,1942      ,Female,http://vocab.getty.edu/page/ulan/500014265,https://www.wikidata.org/wiki/Q466677,1911,1911,1911,Oil on canvas,31 × 21 in. (78.7 × 53.3 cm),"Purchase, Marguerite and Frank A. Cosgrove Jr. Fund and Jonathan L. Cohen Gift, 2019",,,,,,,,,,,,,,http://www.metmuseum.org/art/collection/search/821931,https://www.wikidata.org/wiki/Q98225278,,"Metropolitan Museum of Art, New York, NY",Portraits|Women,http://vocab.getty.edu/page/aat/300015637|http://vocab.getty.edu/page/aat/300025943,https://www.wikidata.org/wiki/Q134307|https://www.wikidata.org/wiki/Q467
2020.30.1,True,False,False,834263,773,The American Wing,2020,Painting,The Elevated,American,,,,,19126,Artist, ,Edith Mitchill Prellwitz,"American, 1865–1944", ,"Prellwitz, Edith Mitchill",American,1865      ,1944      ,Female,http://vocab.getty.edu/page/ulan/500125500,https://www.wikidata.org/wiki/Q58472820,1888–89,1888,1889,Oil on canvas,14 × 16 in. (35.6 × 40.6 cm),"Gift of Henry and Wendy Prellwitz, 2020",,,,,,,,,,,,,,http://www.metmuseum.org/art/collection/search/834263,https://www.wikidata.org/wiki/Q98225288,,"Metropolitan Museum of Art, New York, NY",Trains|Railways,http://vocab.getty.edu/page/aat/300212738|http://vocab.getty.edu/page/aat/300008591,https://www.wikidata.org/wiki/Q870|https://www.wikidata.org/wiki/Q22667
2020.30.2,True,False,False,834269,,The American Wing,2020,Painting,The Laundry Yard,American,,,,,21008,Artist, ,Henry Prellwitz,"American, 1865–1940", ,"Prellwitz, Henry",American,1865      ,1940      ,,(not assigned),https://www.wikidata.org/wiki/Q21985541,ca. 1910s,1910,1919,Oil on canvas,17 1/2 × 22 in. (44.5 × 55.9 cm),"Gift of Henry and Wendy Prellwitz, 2020",,,,,,,,,,,,,,http://www.metmuseum.org/art/collection/search/834269,,,"Metropolitan Museum of Art, New York, NY",,,
